003jH,rn3rk1/p5pp/3N4/4np1q/5Q2/1P3K2/PB1P2P1/2R4R w KQkq - 0 1,f3f2 e5d3 f2e3 d3f4 h1h5 f4h5,https://lichess.org/training/003jH
03Lh3,8/6pp/6k1/3p4/3Q4/1qn4P/5PP1/3R2K1 w KQkq - 0 1,d1d3 c3e2 g1f1 e2d4 d3b3 d4b3,https://lichess.org/training/03Lh3
05c89,8/1p5k/p4q1p/3n4/1P4Q1/P2P2P1/1R4KP/8 w KQkq - 0 1,b2f2 d5e3 g2h3 e3g4 f2f6 g4f6,https://lichess.org/training/05c89
06Uu3,8/2Qbrkp1/2p1qpp1/1p2p3/4P3/2P2N2/5RP1/6K1 b KQkq - 0 1,d7e8 f3g5 f7g8 g5e6 e7c7 e6c7,https://lichess.org/training/06Uu3
0BCqI,2r1r1k1/p4p2/5Q2/3pPN1p/6q1/1P6/P5PP/4R2K b KQkq - 0 1,e8e6 f5h6 g8h7 h6g4 e6f6 g4f6,https://lichess.org/training/0BCqI
0Cvkh,5rk1/1p3p2/2pN4/p3P1p1/3PQ1n1/P5q1/1P4P1/3KR3 w KQkq - 0 1,d6f5 g4f2 d1c2 f2e4 f5g3 e4g3,https://lichess.org/training/0Cvkh
0JRSK,r1b2rk1/p1p1bp1p/2p3p1/3q4/4pQN1/8/PPPP1PPP/R1B1K2R b KQkq - 0 1,e7d6 g4f6 g8g7 f6d5 d6f4 d5f4,https://lichess.org/training/0JRSK
0M5hf,4r3/1Q4k1/6p1/2qpnp2/5N2/1P3PP1/6K1/5R2 b KQkq - 0 1,e8e7 f4e6 g7f7 e6c5 e7b7 c5b7,https://lichess.org/training/0M5hf
0WcHO,2kr3r/pp3ppp/2n1p3/1N1p4/8/PB1PQPn1/1PP1KRq1/R1B5 w KQkq - 0 1,e2d2 g3f1 d2e1 f1e3 f2g2 e3g2,https://lichess.org/training/0WcHO
0d7le,6k1/1p2qpp1/pN1N1bn1/P1pQp3/4P1Pp/1PP2P1P/6K1/8 w KQkq - 0 1,d6f5 g6f4 g2f2 f4d5 f5e7 d5e7,https://lichess.org/training/0d7le
0eFJQ,5k2/p5p1/1p3q2/2p3NQ/8/6P1/P4PKP/4r3 b KQkq - 0 1,e1e5 g5h7 f8e7 h7f6 e5h5 f6h5,https://lichess.org/training/0eFJQ
0lujL,4r1k1/pp3ppp/8/5q2/2NQ4/1P3PnP/P5P1/3R2K1 w KQkq - 0 1,c4d6 g3e2 g1h2 e2d4 d6f5 d4f5,https://lichess.org/training/0lujL
0qTsk,r4rk1/5ppp/p7/1pp5/3nPQ1P/P2P4/BPP3q1/2KR3R w KQkq - 0 1,h1h2 d4e2 c1d2 e2f4 h2g2 f4g2,https://lichess.org/training/0qTsk
14wqk,6k1/5pp1/2q1p3/p4rp1/2PQ4/3N1Pn1/PP4P1/3R2K1 w KQkq - 0 1,d3e5 g3e2 g1f2 e2d4 e5c6 d4c6,https://lichess.org/training/14wqk
1C2fN,r6k/p5pb/4B3/1pp2Pqp/3pP1n1/1P1P3Q/P1P5/R4R1K w KQkq - 0 1,f1g1 g4f2 h1h2 f2h3 g1g5 h3g5,https://lichess.org/training/1C2fN
1Fo34,6k1/p5p1/2p1p2p/2Pnq3/6P1/3QBP1P/P1P3K1/8 w KQkq - 0 1,e3d4 d5f4 g2f1 f4d3 d4e5 d3e5,https://lichess.org/training/1Fo34
1KAFi,1bq3k1/5pp1/pQN1pn1p/8/2P5/5N1P/P4PP1/5K2 b KQkq - 0 1,b8c7 c6e7 g8f8 e7c8 c7b6 c8b6,https://lichess.org/training/1KAFi
1OBIH,4r1k1/pp2n1pp/2p5/4P2q/2PP2Nn/P5QP/1P4P1/5RK1 b KQkq - 0 1,h4f5 g4f6 g8h8 f6h5 f5g3 h5g3,https://lichess.org/training/1OBIH
1Q3tI,r3k3/p3pp2/2p2b2/3qNPp1/2pP1n2/P3QP2/1P6/R3KB2 w KQkq - 0 1,f1c4 f4g2 e1d2 g2e3 c4d5 e3d5,https://lichess.org/training/1Q3tI
1Vj82,3rk2r/p4ppp/1p2p3/4Rnq1/1n4N1/1BN5/PPP2PKP/R2Q4 w KQkq - 0 1,d1f3 f5h4 g2g3 h4f3 e5g5 f3g5,https://lichess.org/training/1Vj82
1ZivU,r1b2rk1/p1pp1pp1/1p3n1p/5q2/8/2P1QP2/P3BKPP/RNB4R w KQkq - 0 1,e2d3 f6g4 f2g1 g4e3 d3f5 e3f5,https://lichess.org/training/1ZivU
1e7RI,r3rk2/pp1n2b1/4pq2/2P3N1/4Q2P/2P2N2/PP3PP1/2K4R b KQkq - 0 1,d7c5 g5h7 f8e7 h7f6 c5e4 f6e4,https://lichess.org/training/1e7RI
1eGLN,6r1/pp3q1k/2p3p1/4Q2n/4N2P/P7/1P6/1K4R1 b KQkq - 0 1,g8e8 e4g5 h7g8 g5f7 e8e5 f7e5,https://lichess.org/training/1eGLN
1g1Y6,2r5/3k2b1/p2p1p2/1p1Pp3/1B2n1P1/PN2qNPp/1P5P/3Q1R1K w KQkq - 0 1,b4d2 e4f2 h1g1 f2d1 d2e3 d1e3,https://lichess.org/training/1g1Y6
1rz5Y,7r/pp3Rp1/4q2p/1Bkp4/3nnQ2/8/PP4PP/R5K1 w KQkq - 0 1,b5d7 d4e2 g1f1 e2f4 d7e6 f4e6,https://lichess.org/training/1rz5Y
1udTY,3r2k1/5pp1/1p1P3p/pNp1q3/2P5/P4QP1/2n2PKP/3R4 w KQkq - 0 1,d1d5 c2e1 g2f1 e1f3 d5e5 f3e5,https://lichess.org/training/1udTY
1yrqU,r5k1/6bp/1p4p1/p1pqp3/3n4/2Q1B1PP/PP3P2/R2R2K1 w KQkq - 0 1,a1c1 d4e2 g1f1 e2c3 d1d5 c3d5,https://lichess.org/training/1yrqU
20edc,4r1k1/7p/1p1p4/p2P2nq/2B1nQ2/PP4P1/8/4RRK1 w KQkq - 0 1,c4e2 g5h3 g1h2 h3f4 e2h5 f4h5,https://lichess.org/training/20edc
21O7E,r4k1r/ppp4p/5q2/4Nb1Q/1n1Pp3/8/PP3PPP/4RRK1 b KQkq - 0 1,f5g6 e5d7 f8g7 d7f6 g6h5 f6h5,https://lichess.org/training/21O7E
279hV,2k3rr/1q1nbp2/4b2p/QNp1p1p1/P3P3/6RP/1PPB1PP1/R5K1 b KQkq - 0 1,e7d8 b5d6 c8b8 d6b7 d8a5 b7a5,https://lichess.org/training/279hV
2EjYb,r3k2r/bp3pp1/p1p5/P2pq2p/1P1Nn3/2P2B1P/1B4P1/R2QR2K w KQkq - 0 1,d1d3 e4f2 h1g1 f2d3 e1e5 d3e5,https://lichess.org/training/2EjYb
2GhrT,r2q1r2/1QN2pkp/3p2p1/4b3/4P3/8/P5PP/3R1R1K b KQkq - 0 1,a8b8 c7e6 g7h6 e6d8 b8b7 d8b7,https://lichess.org/training/2GhrT
2HkGd,3k1qr1/6bR/p2p2Q1/3Pp1N1/1p2Pp2/5P2/6K1/8 b KQkq - 0 1,g7f6 g5e6 d8c8 e6f8 g8g6 f8g6,https://lichess.org/training/2HkGd
2I8R0,5r2/2R2ppk/3p1q1p/4pP2/4P1Q1/2Nn3P/1P4P1/7K w KQkq - 0 1,c3d5 d3f2 h1g1 f2g4 d5f6 g4f6,https://lichess.org/training/2I8R0
2KfwJ,2k4r/1b3R2/p3p3/3p4/P2N4/3Q2Pn/1PB4P/4q2K w KQkq - 0 1,f7f1 h3f2 h1g1 f2d3 f1e1 d3e1,https://lichess.org/training/2KfwJ
2Pxi5,r7/ppN1p1kp/2n3p1/4p1P1/3pPq1P/2P2r2/PPK1Q3/6RR b KQkq - 0 1,f3f2 c7e6 g7f7 e6f4 f2e2 f4e2,https://lichess.org/training/2Pxi5
2dR8F,1k1rr3/pp3pp1/2p2n1p/5P2/3P2nq/1P1K1Q2/PB1N2B1/2R1R3 w KQkq - 0 1,e1h1 g4e5 d3c2 e5f3 h1h4 f3h4,https://lichess.org/training/2dR8F
2hnIl,r3k2r/ppp2pbp/3p4/3N3q/4PQ2/3R4/PPP2P1P/2K4R b KQkq - 0 1,g7h6 d5f6 e8e7 f6h5 h6f4 h5f4,https://lichess.org/training/2hnIl
2jDNE,1rr5/3b1pkp/3p2p1/3P3n/3qP3/1p1B3P/4QRPN/1R1N3K w KQkq - 0 1,h2f3 h5g3 h1h2 g3e2 f3d4 e2d4,https://lichess.org/training/2jDNE
2tKMQ,r5kr/pp3p1p/2p3n1/3pPq2/3P1n2/P1B2NQ1/1PP3P1/2KR3R w KQkq - 0 1,f3h4 f4e2 c1b1 e2g3 h4f5 g3f5,https://lichess.org/training/2tKMQ
2w5wk,3r2k1/1p3p1p/5p2/2p2N2/p1Pr2qP/1P6/P1P2QP1/R6K b KQkq - 0 1,d4f4 f5h6 g8g7 h6g4 f4f2 g4f2,https://lichess.org/training/2w5wk
2xo6x,3kr1r1/1pp5/1bnp1q2/p3p1N1/P3PpQP/2PP4/1P4P1/R4R1K b KQkq - 0 1,f6h6 g5f7 d8e7 f7h6 g8g4 h6g4,https://lichess.org/training/2xo6x
30Me1,8/pn2Q2k/1p1pN1q1/3P1r1p/1P5K/7P/P7/8 b KQkq - 0 1,f5f7 e6f8 h7g7 f8g6 f7e7 g6e7,https://lichess.org/training/30Me1
34nDM,1Q4k1/1p3pp1/2q4p/2pN4/1P1nr3/P7/6PP/5RK1 b KQkq - 0 1,e4e8 d5e7 g8f8 e7c6 e8b8 c6b8,https://lichess.org/training/34nDM
39ILu,5rk1/2p2pp1/1p5p/1P1p4/Pq1Pn3/3Q4/6PP/R4R1K w KQkq - 0 1,f1b1 e4f2 h1g1 f2d3 b1b4 d3b4,https://lichess.org/training/39ILu
3ANWR,2r2rk1/1b3ppp/p1N1p3/3q4/8/1PQP1P2/PB4PP/5RK1 b KQkq - 0 1,f7f6 c6e7 g8f7 e7d5 c8c3 d5c3,https://lichess.org/training/3ANWR
3D0wb,4rk2/p4ppp/1p2nb2/8/2BqP3/1P3P2/P1R1Q1KP/7R w KQkq - 0 1,h1d1 e6f4 g2f1 f4e2 d1d4 e2d4,https://lichess.org/training/3D0wb
3alUr,r5k1/p4p2/2p1q2p/6n1/4PQ2/P5P1/2P2P2/3RR1K1 w KQkq - 0 1,d1d6 g5h3 g1h2 h3f4 d6e6 f4e6,https://lichess.org/training/3alUr
3roOG,r2q4/1Q4kp/p4pp1/6N1/3r4/2P4P/PP4P1/R6K b KQkq - 0 1,d4d7 g5e6 g7g8 e6d8 d7b7 d8b7,https://lichess.org/training/3roOG
3zcTH,kr5r/q3ppb1/5n1p/1N1p2p1/pQ1P4/P3P1P1/5PP1/2R2RK1 b KQkq - 0 1,a7a6 b5c7 a8a7 c7a6 b8b4 a6b4,https://lichess.org/training/3zcTH
4JnOG,8/1pp2q1k/p2pR1p1/3P2Qp/2Pn4/1P4PP/P7/6K1 w KQkq - 0 1,e6e7 d4f3 g1f1 f3g5 e7f7 g5f7,https://lichess.org/training/4JnOG
4KI2H,r1bqr2k/1p1np1b1/2ppQ3/p5Np/3P3P/2P1P3/PP1N1PP1/R3K2R b KQkq - 0 1,d7f6 g5f7 h8g8 f7d8 c8e6 d8e6,https://lichess.org/training/4KI2H
4PeWi,1r6/3n1pk1/2pN3p/2Pp2p1/1p1q4/r4PP1/2Q3KP/1R2R3 b KQkq - 0 1,a3c3 d6f5 g7f8 f5d4 c3c2 d4c2,https://lichess.org/training/4PeWi
4dz1v,8/8/p6p/1p2P2k/5q2/P3pn1P/1PK1Q1R1/8 w KQkq - 0 1,g2g4 f3d4 c2d3 d4e2 g4f4 e2f4,https://lichess.org/training/4dz1v
4mk99,r1b2r2/ppp2k1p/3p2q1/3Nn3/5Q2/8/PP3PPP/R3R1K1 b KQkq - 0 1,f7g8 d5e7 g8g7 e7g6 f8f4 g6f4,https://lichess.org/training/4mk99
4nVbN,1k1r3r/p4p2/1p6/4q3/3N2Pp/2PQ4/PP6/1K5R b KQkq - 0 1,h4h3 d4c6 b8c7 c6e5 d8d3 e5d3,https://lichess.org/training/4nVbN
4vlAm,2rr2k1/6pp/p3p3/4Rp2/1p1P1P2/1P3Q1n/P3KP1q/BB2R3 w KQkq - 0 1,e1h1 h3g1 e2d1 g1f3 h1h2 f3h2,https://lichess.org/training/4vlAm
4yWGo,r5k1/p4ppp/1p6/3N1q2/7Q/4b3/PPP3PP/3R3K b KQkq - 0 1,e3f2 d5e7 g8f8 e7f5 f2h4 f5h4,https://lichess.org/training/4yWGo
4zXU9,3r1k2/5ppp/p5n1/1p6/3q1N2/P4QP1/1P3R1P/6K1 b KQkq - 0 1,g6e5 f4e6 f8e7 e6d4 e5f3 d4f3,https://lichess.org/training/4zXU9
57PqX,2rq4/1Q2kp2/4pnb1/8/2pN4/PP3PP1/5K1P/4R3 b KQkq - 0 1,c8c7 d4c6 e7e8 c6d8 c7b7 d8b7,https://lichess.org/training/57PqX
5ATlx,r5k1/p4p2/7p/2Pp4/p2Pn2P/2P1q1P1/6PN/R2Q3K w KQkq - 0 1,h2f1 e4f2 h1g1 f2d1 f1e3 d1e3,https://lichess.org/training/5ATlx
5CEkv,r2q3k/pQ4p1/2n4r/6N1/8/4P3/PP3PPP/5RK1 b KQkq - 0 1,a8b8 g5f7 h8h7 f7d8 b8b7 d8b7,https://lichess.org/training/5CEkv
5LzZg,B5kr/2R3p1/1p2p3/pN6/1n1P3p/4Q3/PP6/K2q4 w KQkq - 0 1,c7c1 b4c2 a1b1 c2e3 c1d1 e3d1,https://lichess.org/training/5LzZg
5RCxE,8/6pk/4p3/5n1P/2p2q2/R6P/4Q3/5K2 w KQkq - 0 1,a3f3 f5g3 f1f2 g3e2 f3f4 e2f4,https://lichess.org/training/5RCxE
5USNf,2r3k1/6p1/p5qp/1p3N2/4pQn1/3b4/PP4PP/3R2K1 b KQkq - 0 1,c8f8 f5e7 g8h7 e7g6 f8f4 g6f4,https://lichess.org/training/5USNf
5ZPoB,r5k1/p5bp/1p4p1/8/3P2nq/1P3Q2/PB3PP1/2R1RK2 w KQkq - 0 1,e1e4 g4h2 f1e2 h2f3 e4h4 f3h4,https://lichess.org/training/5ZPoB
5ZaRC,1kb1Qb1r/npp3pp/5q2/4N3/2P1p3/8/PP2BPPP/3R2K1 b KQkq - 0 1,f8c5 e5d7 b8a8 d7f6 h8e8 f6e8,https://lichess.org/training/5ZaRC
5cZCB,2rr2k1/1p3p1p/p5p1/3pb3/4q1N1/2P4P/1P1Q1PP1/2RR2K1 b KQkq - 0 1,e5f4 g4f6 g8g7 f6e4 f4d2 e4d2,https://lichess.org/training/5cZCB
5iZTD,7k/p3q1b1/4P1p1/3Q1n1p/2pP4/2P2NP1/P5K1/1R6 w KQkq - 0 1,b1b7 f5e3 g2h3 e3d5 b7e7 d5e7,https://lichess.org/training/5iZTD
5lIZV,1r2k3/pb1p4/1pn1ppqB/7p/3P1Q2/P1n2N2/2P2PPP/R4RK1 w KQkq - 0 1,f3h4 c3e2 g1h1 e2f4 h4g6 f4g6,https://lichess.org/training/5lIZV
5qRTU,rk2r3/ppp5/5nq1/5N1R/2PP1Q2/P3P1n1/1P3PP1/2KR4 w KQkq - 0 1,h5g5 g3e2 c1b1 e2f4 g5g6 f4g6,https://lichess.org/training/5qRTU
65eqj,r4k1r/p3ppb1/2p1b2p/1pN1q3/8/4BQ2/PPP2PP1/3R1K1R b KQkq - 0 1,e6d5 c5d7 f8e8 d7e5 d5f3 e5f3,https://lichess.org/training/65eqj
6IxLb,2r4k/pp3p2/5p1P/2q1p3/6P1/P1PQ1P2/nP1RKN2/8 w KQkq - 0 1,f2e4 a2c1 e2f1 c1d3 e4c5 d3c5,https://lichess.org/training/6IxLb
6JM9B,6k1/p4pp1/4p2p/qP2P3/n2N1P2/1Q1K1P1P/8/8 w KQkq - 0 1,d4c6 a4c5 d3c4 c5b3 c6a5 b3a5,https://lichess.org/training/6JM9B
6T2Dm,5rk1/pp3p1p/2p3p1/3n4/3q2P1/P6P/1P2QPK1/2R1R3 w KQkq - 0 1,c1d1 d5f4 g2f1 f4e2 d1d4 e2d4,https://lichess.org/training/6T2Dm
6UlS0,7k/6p1/5b1p/3nq3/P7/1R1QP3/1P2KP1P/8 w KQkq - 0 1,b3b5 d5f4 e2d2 f4d3 b5e5 d3e5,https://lichess.org/training/6UlS0
6YeRj,6k1/5pp1/8/2N2n2/5q1p/7P/2P1Q1P1/7K w KQkq - 0 1,c5d3 f5g3 h1h2 g3e2 d3f4 e2f4,https://lichess.org/training/6YeRj
6kq6n,5r2/1pQ4k/3p2pp/1P1q1n2/4N3/8/5PPP/4R1K1 b KQkq - 0 1,f8f7 e4f6 h7g7 f6d5 f7c7 d5c7,https://lichess.org/training/6kq6n
6l3Fw,1r3rk1/p1p2p1p/3b1p2/3N1q2/3Q4/5P2/PP4PP/1R3R1K b KQkq - 0 1,d6e5 d5e7 g8h8 e7f5 e5d4 f5d4,https://lichess.org/training/6l3Fw
6o1Bq,1r4k1/3b1p1p/3bp1p1/6B1/1P1n4/Pq1B2PP/N2Q1P2/2R3K1 w KQkq - 0 1,d3c4 d4f3 g1g2 f3d2 c4b3 d2b3,https://lichess.org/training/6o1Bq
6rR8T,1k1r3r/pp3pp1/4pn2/1Q2N2p/1P1q4/8/P4PPP/R1R3K1 b KQkq - 0 1,d8d5 e5c6 b8a8 c6d4 d5b5 d4b5,https://lichess.org/training/6rR8T
6zFe4,r3kb1r/pbp5/1pnp4/3Np2p/2P3qP/3PQ1P1/PP4B1/R3K1NR b KQkq - 0 1,f8h6 d5f6 e8e7 f6g4 h6e3 g4e3,https://lichess.org/training/6zFe4
700em,8/1p2r1k1/pP2p3/P1p4q/2P2Q2/4P3/5nB1/3R2K1 w KQkq - 0 1,g2f3 f2h3 g1f1 h3f4 f3h5 f4h5,https://lichess.org/training/700em
70FwS,1r5k/5Rpp/pp1p4/2pP1N2/2P1nq2/3Q3P/PP4P1/7K w KQkq - 0 1,f5d6 e4f2 h1g1 f2d3 f7f4 d3f4,https://lichess.org/training/70FwS
70Isp,7k/pp6/7q/3pPQ1R/2nP3P/P7/4NK1P/5r2 w KQkq - 0 1,f2g2 c4e3 g2h3 e3f5 h5h6 f5h6,https://lichess.org/training/70Isp
74WhT,4r2k/p1p4q/Pp1pNR2/1P1Pn1Qp/4P3/2P3P1/7P/6K1 w KQkq - 0 1,f6h6 e5f3 g1f2 f3g5 h6h7 g5h7,https://lichess.org/training/74WhT
76SiL,r4rk1/ppp2pp1/4p2p/2bqP3/3n1Q2/3B1PB1/PPP2P1P/R4RK1 w KQkq - 0 1,d3e4 d4e2 g1h1 e2f4 e4d5 f4d5,https://lichess.org/training/76SiL
7MOdA,1r3rk1/p1p2pp1/1p6/3P2qp/4P1n1/5B1Q/PP2N3/R4R1K w KQkq - 0 1,f1g1 g4f2 h1h2 f2h3 g1g5 h3g5,https://lichess.org/training/7MOdA
7NgA7,3r3k/7p/p1q4r/3N1pp1/3Q4/1P4P1/5P1P/3R1K2 b KQkq - 0 1,h8g8 d5e7 g8f7 e7c6 d8d4 c6d4,https://lichess.org/training/7NgA7
7O828,2rr1k2/1b3pp1/p1n1pq2/1p4NQ/1P6/P7/5PPP/2R2RK1 b KQkq - 0 1,d8d5 g5h7 f8e7 h7f6 d5h5 f6h5,https://lichess.org/training/7O828
7bW9U,1r3k1r/p4p2/1bB1p1p1/3pPn2/P2P3P/5NP1/1q3PK1/2RQ3R w KQkq - 0 1,c1b1 f5e3 g2g1 e3d1 b1b2 d1b2,https://lichess.org/training/7bW9U
7gB47,3rr1k1/p5pp/1p2pp2/5q2/1P4N1/P5QP/5PP1/4R1K1 b KQkq - 0 1,d8d3 g4h6 g8f8 h6f5 d3g3 f5g3,https://lichess.org/training/7gB47
7o0rk,6k1/1pp2bpp/p7/6P1/2Pnq3/P7/1P1QBP2/K5R1 w KQkq - 0 1,e2d3 d4b3 a1a2 b3d2 d3e4 d2e4,https://lichess.org/training/7o0rk
7sVVk,6k1/p1p3p1/7p/5Q2/2pqn1P1/P6P/8/5R1K w KQkq - 0 1,f1f4 e4g3 h1h2 g3f5 f4d4 f5d4,https://lichess.org/training/7sVVk
89mnw,5b2/2NQ2kp/5qp1/8/8/6P1/PPP1rP1P/6K1 b KQkq - 0 1,e2e7 c7e8 g7f7 e8f6 e7d7 f6d7,https://lichess.org/training/89mnw
8BYC0,1k6/1p6/p5p1/6P1/2Q1nP2/1Pp1q2P/P1R5/1K6 w KQkq - 0 1,c2e2 e4d2 b1c2 d2c4 e2e3 c4e3,https://lichess.org/training/8BYC0
8FgMv,4r1k1/ppp3pp/8/5p1q/4Nn1P/P2P1PQ1/1PK3P1/3R4 b KQkq - 0 1,f4e2 e4f6 g8f7 f6h5 e2g3 h5g3,https://lichess.org/training/8FgMv
8JZRW,8/pp2q3/1b5k/5Qpp/4n3/3RP2P/PP2K1P1/3N4 w KQkq - 0 1,d3d7 e4g3 e2d3 g3f5 d7e7 f5e7,https://lichess.org/training/8JZRW
8N5D8,B1b1k2r/5pp1/pp2pn2/2pP4/5Nn1/NP4P1/P1K2q2/R2QR3 w KQkq - 0 1,e1e2 g4e3 c2c1 e3d1 e2f2 d1f2,https://lichess.org/training/8N5D8
8NJpH,4Q3/2q5/8/1K2kp2/2P1r3/1PN5/8/8 b KQkq - 0 1,e5f4 c3d5 f4g3 d5c7 e4e8 c7e8,https://lichess.org/training/8NJpH
8R0Vu,r2qr2k/pb2n1p1/2n1Q3/2ppP1N1/5P2/2P5/PP4PP/R1B1K2R b KQkq - 0 1,b7c8 g5f7 h8g8 f7d8 c8e6 d8e6,https://lichess.org/training/8R0Vu
8RPlG,r1b1k2r/pp1p2pp/2p5/3n1p2/5B2/4P3/Pq2KPPP/2RQ1BNR w KQkq - 0 1,c1c2 d5c3 e2e1 c3d1 c2b2 d1b2,https://lichess.org/training/8RPlG
8T69i,8/1p1k2p1/1pp5/3q3p/3n4/3R3P/PPQ2PP1/6K1 w KQkq - 0 1,c2c3 d4e2 g1h2 e2c3 d3d5 c3d5,https://lichess.org/training/8T69i
8X12e,r2q1r1k/pp5p/4Q2N/1bpp1p2/8/3P4/P1PN1PPP/R5K1 b KQkq - 0 1,f8e8 h6f7 h8g8 f7d8 e8e6 d8e6,https://lichess.org/training/8X12e
8cubY,r2q2r1/5Q2/p1p5/k1Np2b1/2pP2b1/8/PPP2P2/1K2R2R b KQkq - 0 1,g8f8 c5b7 a5b6 b7d8 f8f7 d8f7,https://lichess.org/training/8cubY
8ed4N,r4k2/5p2/pn1p1q2/2p3N1/4QP2/1Pb4P/P5PK/5R2 b KQkq - 0 1,a8e8 g5h7 f8g7 h7f6 e8e4 f6e4,https://lichess.org/training/8ed4N
8faq1,r4r2/3q1p1p/3N2pk/p1p1Q3/P1Pn4/1P4P1/5P1P/3RR1K1 w KQkq - 0 1,d6e4 d4f3 g1g2 f3e5 d1d7 e5d7,https://lichess.org/training/8faq1
8iLDS,5r2/pp5k/2p4p/2Ppq3/1P2npQ1/P7/6PP/4RR1K w KQkq - 0 1,g2g3 e4f2 h1g1 f2g4 e1e5 g4e5,https://lichess.org/training/8iLDS
8kuuv,r4b1r/ppk3p1/2pq1n1p/8/2Q3b1/1PN1P3/1P1P1PPP/R1B2RK1 b KQkq - 0 1,g4e6 c3b5 c7b8 b5d6 e6c4 d6c4,https://lichess.org/training/8kuuv
8mr9Y,2r2rk1/p4p1p/6p1/3q4/2PPN3/2Q2P2/P5PP/5RK1 b KQkq - 0 1,c8c4 e4f6 g8g7 f6d5 c4c3 d5c3,https://lichess.org/training/8mr9Y
8n1V0,r1b3k1/pppp1ppp/5n2/8/2B5/P2PrQP1/2qN1P1K/R1R5 w KQkq - 0 1,f3e3 f6g4 h2g1 g4e3 c1c2 e3c2,https://lichess.org/training/8n1V0
8pupO,r7/ppk1bQ2/2nqRN1p/3p4/8/3P4/PP3P2/5K2 b KQkq - 0 1,a8f8 f6e8 c7b6 e8d6 f8f7 d6f7,https://lichess.org/training/8pupO
8rP49,r1b1Qb1r/p5p1/2pk1q1p/n3p3/5n1P/2NB4/PPPP1PP1/R1B1K2R b KQkq - 0 1,c8b7 c3e4 d6c7 e4f6 a8e8 f6e8,https://lichess.org/training/8rP49
8rkvw,5k2/3n1pp1/2p4p/p1p3q1/P1P2N2/1P1P1Q1P/5P1K/8 b KQkq - 0 1,d7e5 f4e6 f8e7 e6g5 e5f3 g5f3,https://lichess.org/training/8rkvw
9CXrO,rn1q1r1k/pp1n2bp/3pQ1p1/2pN2N1/5P2/8/PP4PP/R1B1K2R b KQkq - 0 1,f8e8 g5f7 h8g8 f7d8 e8e6 d8e6,https://lichess.org/training/9CXrO
9DXDt,2r1r1k1/pp3p1p/6p1/3N1q2/3Q4/6P1/PP3P1P/K2R4 b KQkq - 0 1,c8d8 d5e7 g8f8 e7f5 d8d4 f5d4,https://lichess.org/training/9DXDt
9EOOI,r3r3/ppknq3/8/2p1pQ2/8/2N5/PP3PPP/3R2K1 b KQkq - 0 1,e8f8 c3d5 c7d8 d5e7 f8f5 e7f5,https://lichess.org/training/9EOOI
9GMex,5r1k/1b1Q3p/p2p1ppN/2r1q3/P1p1P3/5R1P/2B2PP1/6K1 b KQkq - 0 1,b7c6 h6f7 h8g7 f7e5 c6d7 e5d7,https://lichess.org/training/9GMex
9msrQ,5k2/p2q1p2/1p5p/4Q3/P2pB1pP/1P1P2P1/2Pn1P2/6K1 w KQkq - 0 1,e4f5 d2f3 g1f1 f3e5 f5d7 e5d7,https://lichess.org/training/9msrQ
9qa5B,4r2r/b1q1N1p1/pkp1Q3/1p4p1/8/7P/6P1/R3R2K b KQkq - 0 1,a7b8 e7d5 b6b7 d5c7 e8e6 c7e6,https://lichess.org/training/9qa5B
9shQ1,5k2/bp3p2/p2p1q2/3P2Np/4QPbP/P7/1r4P1/R6K b KQkq - 0 1,b2e2 g5h7 f8g7 h7f6 e2e4 f6e4,https://lichess.org/training/9shQ1
9yz02,r3r1k1/p2N2pp/2p5/3bN2q/5P1n/6Q1/P5P1/R4RK1 b KQkq - 0 1,h4f5 d7f6 g8h8 f6h5 f5g3 h5g3,https://lichess.org/training/9yz02
A5RzZ,8/5pbk/p1b3p1/1p1q3p/4N3/P1PpQP1P/1P1N2P1/6K1 b KQkq - 0 1,g7h6 e4f6 h7g7 f6d5 h6e3 d5e3,https://lichess.org/training/A5RzZ
APm1K,6r1/1q1k1pb1/N6p/Q3p3/2P1P2P/1P1P2P1/1P4PK/8 b KQkq - 0 1,g8a8 a6c5 d7c8 c5b7 a8a5 b7a5,https://lichess.org/training/APm1K
ATNGv,b7/1kb2pp1/5q1p/3QN3/3P1P2/1P4P1/3K2P1/8 b KQkq - 0 1,b7b8 e5d7 b8c8 d7f6 a8d5 f6d5,https://lichess.org/training/ATNGv
AZdtp,r1b2b1r/pp4pp/2p1kq2/3np3/6Q1/2NP4/PPP2PPP/R1B2RK1 b KQkq - 0 1,e6d6 c3e4 d6c7 e4f6 c8g4 f6g4,https://lichess.org/training/AZdtp
AaD9c,r1n2k1r/pp1nqpp1/2p4p/3p1Q2/3P1N2/2N1P2P/PP3PP1/R4RK1 b KQkq - 0 1,c8d6 f4g6 f8e8 g6e7 d6f5 e7f5,https://lichess.org/training/AaD9c
AdQU2,r1b2r2/pp2pkb1/6q1/3p1p2/1B1PnP1Q/4PN2/PP4PP/R4RK1 b KQkq - 0 1,g7f6 f3e5 f7e8 e5g6 f6h4 g6h4,https://lichess.org/training/AdQU2
AdoX1,2R5/b3qp1k/6rp/3P1Q2/P3p3/4PnP1/P4PK1/2R5 w KQkq - 0 1,c1c7 f3h4 g2g1 h4f5 c7e7 f5e7,https://lichess.org/training/AdoX1
Ae5nl,5rk1/p4ppp/2q5/2pNQ3/8/P5Pb/5P1P/3R2K1 b KQkq - 0 1,f8e8 d5e7 g8f8 e7c6 e8e5 c6e5,https://lichess.org/training/Ae5nl
AnTi4,6k1/5pp1/2q1p2p/P7/3Q4/2n4P/5PP1/1R4K1 w KQkq - 0 1,b1c1 c3e2 g1h2 e2d4 c1c6 d4c6,https://lichess.org/training/AnTi4
Axf4e,r2qr3/ppk2Qpp/2nb1n2/6N1/8/2P1P3/P2B1PPP/R4RK1 b KQkq - 0 1,e8e7 g5e6 c7d7 e6d8 e7f7 d8f7,https://lichess.org/training/Axf4e
B3VTH,3r4/3P3k/1N2q1pp/3R4/3QpnP1/5p1P/5P2/6K1 w KQkq - 0 1,d5e5 f4e2 g1h2 e2d4 e5e6 d4e6,https://lichess.org/training/B3VTH
B3jQT,rnb1k2r/pp1p1ppp/2p5/4p3/2B1P1nB/3P4/PqPN2PP/R2Q1KNR w KQkq - 0 1,a1b1 g4e3 f1e2 e3d1 b1b2 d1b2,https://lichess.org/training/B3jQT
B5Foy,2rqr2k/4n1p1/4Q2p/1p1pN3/p7/6NP/PP3PP1/R5K1 b KQkq - 0 1,e7c6 e5f7 h8g8 f7d8 e8e6 d8e6,https://lichess.org/training/B5Foy
B9gVC,Q1b5/2q3kp/6p1/p3prN1/P1p4P/2P5/1P4P1/R6K b KQkq - 0 1,c8b7 g5e6 g7f6 e6c7 b7a8 c7a8,https://lichess.org/training/B9gVC
BCZT8,8/7p/p3Q3/1pqn1Pk1/6P1/1P5P/P5K1/4R3 w KQkq - 0 1,e1e5 d5f4 g2f3 f4e6 e5c5 e6c5,https://lichess.org/training/BCZT8
BDDFU,8/7k/8/2p1pqp1/5n2/3P1RQ1/1P3PPK/8 w KQkq - 0 1,h2g1 f4e2 g1h2 e2g3 f3f5 g3f5,https://lichess.org/training/BDDFU
BOBOp,2r2rk1/pb3p1p/2Nq2p1/P2B4/3P4/2Q1P1P1/7P/2R3K1 b KQkq - 0 1,d6d5 c6e7 g8g7 e7d5 c8c3 d5c3,https://lichess.org/training/BOBOp
BS4QH,6k1/p4ppp/2p3q1/3p1B2/3P1Q2/P1n1r3/1P3PPP/6K1 w KQkq - 0 1,f2e3 c3e2 g1f2 e2f4 f5g6 f4g6,https://lichess.org/training/BS4QH
BbBXT,8/5p1k/6pp/p2qP3/3nNP2/4Q2P/6PK/8 b KQkq - 0 1,d4f5 e4f6 h7g7 f6d5 f5e3 d5e3,https://lichess.org/training/BbBXT
BuXTj,1k1q4/1p2b2R/p3Q3/Pb4r1/4P3/2Pn2P1/1P3PK1/3R4 w KQkq - 0 1,h7e7 d3f4 g2f3 f4e6 d1d8 e6d8,https://lichess.org/training/BuXTj
C56x6,3r1r2/5pk1/2q4p/3N1Pp1/1pPQ2P1/1P5P/8/4R1K1 b KQkq - 0 1,g7g8 d5e7 g8h7 e7c6 d8d4 c6d4,https://lichess.org/training/C56x6
C5SdZ,2k1r2r/1p2q3/p2pPbp1/P1pQ3p/R1B1PBnP/2P3P1/1PK5/7R w KQkq - 0 1,f4d6 g4e3 c2d3 e3d5 d6e7 d5e7,https://lichess.org/training/C5SdZ
C8qSz,r4r1k/2p4n/1p2Q2p/p2pN1q1/4n3/PP2P3/1R3PPP/4R1K1 b KQkq - 0 1,f8e8 e5f7 h8g8 f7g5 e8e6 g5e6,https://lichess.org/training/C8qSz
CHfDb,3r2k1/p4p2/1pN1pbpp/3q4/3P4/4Q1P1/PP3P1P/2R3K1 b KQkq - 0 1,f6d4 c6e7 g8g7 e7d5 d4e3 d5e3,https://lichess.org/training/CHfDb
CNVfP,3r2k1/1p3p2/4r1q1/p4N2/P4Q2/8/5PP1/1R4K1 b KQkq - 0 1,e6f6 f5e7 g8g7 e7g6 f6f4 g6f4,https://lichess.org/training/CNVfP
CXnL2,2r2rk1/R4ppp/4p3/2Pp4/3P1B2/1qn1PP2/6PP/2Q2RK1 w KQkq - 0 1,a7a3 c3e2 g1f2 e2c1 a3b3 c1b3,https://lichess.org/training/CXnL2
CbRwX,3r3k/5p1p/p2q2pP/3n4/P2PQ3/1P6/KB2R3/8 w KQkq - 0 1,b2a3 d5c3 a2b2 c3e4 a3d6 e4d6,https://lichess.org/training/CbRwX
Cmn5x,3r3k/1Q6/3q2pp/1p2N3/3n1P1P/P7/1PP3PK/8 b KQkq - 0 1,d8b8 e5f7 h8g7 f7d6 b8b7 d6b7,https://lichess.org/training/Cmn5x
Coukn,5r2/3Q1pk1/2p2q1p/1p2p3/4P3/1P4NP/5PP1/6K1 b KQkq - 0 1,f8d8 g3h5 g7f8 h5f6 d8d7 f6d7,https://lichess.org/training/Coukn
CpGwP,5rr1/ppk1p1bp/2pq2b1/8/2QP4/P1N2P2/1PP3PP/1K1R3R b KQkq - 0 1,g6f7 c3b5 c7b8 b5d6 f7c4 d6c4,https://lichess.org/training/CpGwP
Ct1B1,r7/1b2q1kp/p1nN1p2/3Q4/1P6/P5P1/5P1P/R5K1 b KQkq - 0 1,a8d8 d6f5 g7f8 f5e7 d8d5 e7d5,https://lichess.org/training/Ct1B1
CueG9,4r3/5pkp/5np1/6N1/1P1Qpn2/8/2q2PPP/1R2R1K1 w KQkq - 0 1,b1b2 f4e2 g1f1 e2d4 b2c2 d4c2,https://lichess.org/training/CueG9
CvkFW,8/p1p2rk1/3q3p/3P2p1/2PNQ3/5P1P/6P1/7K b KQkq - 0 1,f7e7 d4f5 g7f6 f5d6 e7e4 d6e4,https://lichess.org/training/CvkFW
D0KBS,4r1k1/5q2/p3n3/3PQN1p/P5p1/2P5/1P3PPP/5K2 b KQkq - 0 1,e6g5 f5h6 g8h7 h6f7 e8e5 f7e5,https://lichess.org/training/D0KBS
D11V1,N1b2b1r/p2k1ppp/2p5/3p4/4nB2/4P3/Pq2KPPP/2RQ1B1R w KQkq - 0 1,c1c2 e4c3 e2f3 c3d1 c2b2 d1b2,https://lichess.org/training/D11V1
D9tJ4,r6r/p3k3/1p2p1bp/3pq1p1/3Np1Q1/2P3P1/PP3PP1/2KR3R b KQkq - 0 1,g6f5 d4c6 e7d6 c6e5 f5g4 e5g4,https://lichess.org/training/D9tJ4
DDr9L,6r1/1p1nn1kp/p7/4p1NQ/4Pq2/2P2P2/PP3P1P/R6K b KQkq - 0 1,d7f6 g5e6 g7h8 e6f4 f6h5 f4h5,https://lichess.org/training/DDr9L
DEU5k,3r1rk1/1bp3p1/pp5p/3N1R2/2PQp3/4P2q/PPB5/R5K1 b KQkq - 0 1,h3f5 d5e7 g8h7 e7f5 d8d4 f5d4,https://lichess.org/training/DEU5k
DI8gd,6rk/pp3q1p/2p5/2p1pNQ1/4Pn2/3P4/PPP2PP1/4R1K1 w KQkq - 0 1,f5h6 f4h3 g1h2 h3g5 h6f7 g5f7,https://lichess.org/training/DI8gd
DPISf,2r5/1Q2kppp/4p3/q2p4/3Nb3/P7/2P2PPP/2R3K1 b KQkq - 0 1,c8c7 d4c6 e7d7 c6a5 c7b7 a5b7,https://lichess.org/training/DPISf
DVDeh,4r1k1/5pp1/2R4p/5q2/3Q1n2/5P2/6PP/3R2K1 w KQkq - 0 1,c6c5 f4e2 g1f2 e2d4 c5f5 d4f5,https://lichess.org/training/DVDeh
DWzrV,r4r1k/pp3ppp/2np4/2p5/4PN1q/P2P1Q2/BPP1KR2/R7 w KQkq - 0 1,a1h1 c6d4 e2f1 d4f3 h1h4 f3h4,https://lichess.org/training/DWzrV
DZY3d,6k1/6bp/2NBp1p1/3pPq2/5n2/6QP/6PK/8 b KQkq - 0 1,f4h5 c6e7 g8f7 e7f5 h5g3 f5g3,https://lichess.org/training/DZY3d
DcfuB,b5k1/p5pp/5p2/2Ppp3/4n3/P2QP3/1q4PP/R4B1K w KQkq - 0 1,a1b1 e4f2 h1g1 f2d3 b1b2 d3b2,https://lichess.org/training/DcfuB
DjaEY,8/6pk/5r1p/3pN1p1/3P1nP1/2Q1R1KP/1P3P2/1q6 w KQkq - 0 1,e3e1 f4e2 g3g2 e2c3 e1b1 c3b1,https://lichess.org/training/DjaEY
Dk5GA,8/8/p3p1k1/3p1ppp/3P4/PP4QP/3nqPPK/2R5 w KQkq - 0 1,c1c2 d2f1 h2g1 f1g3 c2e2 g3e2,https://lichess.org/training/Dk5GA
DlsZY,8/8/1p2ppkn/3p1qp1/3P4/5NQ1/r4P2/5RK1 b KQkq - 0 1,a2a3 f3h4 g6h5 h4f5 a3g3 f5g3,https://lichess.org/training/DlsZY
DqSCa,2k5/pp4p1/2p3q1/4n3/2P1P2Q/PP1n3P/4N1B1/6K1 w KQkq - 0 1,e2f4 e5f3 g1h1 f3h4 f4g6 h4g6,https://lichess.org/training/DqSCa
DuFkE,2rq1r1k/p5p1/1p2Q2p/4Np2/3P1P2/2P5/P4PKP/R7 b KQkq - 0 1,f8e8 e5f7 h8g8 f7d8 e8e6 d8e6,https://lichess.org/training/DuFkE
EDsAQ,r1b2rk1/p2n1ppp/8/3n2B1/3N4/3BP3/Pq2KPPP/2RQ3R w KQkq - 0 1,c1c2 d5c3 e2d2 c3d1 c2b2 d1b2,https://lichess.org/training/EDsAQ
EERqT,6k1/1p4pp/p2b4/3p4/3PqRN1/2P3Q1/PP5P/6K1 b KQkq - 0 1,d6f4 g4f6 g8f7 f6e4 f4g3 e4g3,https://lichess.org/training/EERqT
EEUWM,8/5pk1/8/2p3p1/3qn2p/P3N2P/4QPP1/6K1 b KQkq - 0 1,e4c3 e3f5 g7f6 f5d4 c3e2 d4e2,https://lichess.org/training/EEUWM
ESEo6,8/1p4pk/7p/p3Q1n1/6q1/N3R3/5P2/6K1 w KQkq - 0 1,e3g3 g5f3 g1g2 f3e5 g3g4 e5g4,https://lichess.org/training/ESEo6
EXlPH,8/p1p5/Pp6/3QN3/1k3q2/8/4nPP1/5K2 b KQkq - 0 1,e2c3 e5d3 b4a3 d3f4 c3d5 f4d5,https://lichess.org/training/EXlPH
EexY6,r4rk1/pp3ppp/2b1p2n/4P2q/3PNP2/6QP/PP4B1/R4RK1 b KQkq - 0 1,h6f5 e4f6 g8h8 f6h5 f5g3 h5g3,https://lichess.org/training/EexY6
ElvHK,3r2k1/1p3pp1/p7/3p1q1p/3Q1n2/P1P1R3/1P3PPP/4R1K1 w KQkq - 0 1,e3f3 f4e2 g1f1 e2d4 f3f5 d4f5,https://lichess.org/training/ElvHK
EvzSE,6k1/1pp2p2/p2p1N1p/3PnPp1/1PP2qP1/P2Q3P/6K1/8 b KQkq - 0 1,g8g7 f6h5 g7f8 h5f4 e5d3 f4d3,https://lichess.org/training/EvzSE
F0bcW,4r1k1/3R1pp1/1p6/4P3/2q2PPp/6nP/3Q2BK/8 w KQkq - 0 1,g2d5 g3f1 h2g2 f1d2 d5c4 d2c4,https://lichess.org/training/F0bcW
F3mGa,4q1k1/5p1p/3Q2pb/p2N4/P2P1P2/4PP1P/1r3BK1/8 b KQkq - 0 1,h6f8 d5f6 g8h8 f6e8 f8d6 e8d6,https://lichess.org/training/F3mGa
F3xTb,1r2kb2/5pp1/3p4/3P2P1/2B1nP2/4p3/PP2Q2R/1KN3q1 w KQkq - 0 1,h2g2 e4c3 b1c2 c3e2 g2g1 e2g1,https://lichess.org/training/F3xTb
FHtgI,5r1k/p1p3pp/2pb4/8/4Rnq1/2PP1N2/PP3QP1/R5K1 w KQkq - 0 1,a1e1 f4h3 g1f1 h3f2 e4g4 f2g4,https://lichess.org/training/FHtgI
FNxhT,6k1/8/1p1p2r1/p1pP1Rq1/2P3N1/6Q1/PP6/6K1 b KQkq - 0 1,g5f5 g4h6 g8h7 h6f5 g6g3 f5g3,https://lichess.org/training/FNxhT
FR3IO,2r2rk1/3b1p1p/1R2p1p1/2Pq4/1Q1bN3/4pPP1/P3B1P1/6KR b KQkq - 0 1,d4c5 e4f6 g8g7 f6d5 c5b4 d5b4,https://lichess.org/training/FR3IO
FR6gm,4r1k1/5pp1/7p/2p5/2PpqPN1/1Pn3RP/3Q1PNK/r7 b KQkq - 0 1,a1d1 g4f6 g8f8 f6e4 d1d2 e4d2,https://lichess.org/training/FR6gm
FSiQH,4rr1k/pp5p/2p5/3n4/2Q1N3/1P3PP1/Pq4K1/4R2R w KQkq - 0 1,e1e2 d5e3 g2f2 e3c4 e2b2 c4b2,https://lichess.org/training/FSiQH
FZgqd,r3r1k1/pp3pp1/2p5/8/2P1QN2/1P2Pnq1/P5R1/R5KB w KQkq - 0 1,g1f1 f3d2 f1e2 d2e4 g2g3 e4g3,https://lichess.org/training/FZgqd
FmvXO,2krr3/p1p2pp1/2p5/7p/3PN1nq/4BQ2/PP3P2/R3RK2 w KQkq - 0 1,e3g5 g4h2 f1g2 h2f3 g5h4 f3h4,https://lichess.org/training/FmvXO
FzwMK,rn1qr2k/pp2b2p/2p1QnpB/3p1pN1/3P4/2N5/PPP2PPP/R3K2R b KQkq - 0 1,e7b4 g5f7 h8g8 f7d8 e8e6 d8e6,https://lichess.org/training/FzwMK
G1QRC,7r/3p1k2/4pp2/1q2n2p/3Q4/1B4P1/1P3P1P/R5K1 w KQkq - 0 1,b3a4 e5f3 g1g2 f3d4 a4b5 d4b5,https://lichess.org/training/G1QRC
GBjCi,1rr5/5kp1/2p1p1Np/Q2p1p1P/2qP4/P3P3/5PP1/5RK1 b KQkq - 0 1,b8a8 g6e5 f7f6 e5c4 a8a5 c4a5,https://lichess.org/training/GBjCi
GFIDt,r1b1k2r/1pp2ppp/p2p1q1n/2bNp2Q/P1B1P2N/3P3P/1PP1nPP1/R1B2RK1 w KQkq - 0 1,g1h1 e2g3 h1g1 g3h5 d5f6 h5f6,https://lichess.org/training/GFIDt
GMwCK,r3kb1r/p1p1pppp/2p3q1/3p1b2/3P1Q2/2nBP3/PPP2PPP/R1B2RK1 w KQkq - 0 1,d3f5 c3e2 g1h1 e2f4 f5g6 f4g6,https://lichess.org/training/GMwCK
GPwtJ,3r2k1/3P1pp1/p3q2p/1p6/3QNn2/7P/PPP2PP1/3R2K1 w KQkq - 0 1,e4c5 f4e2 g1h2 e2d4 c5e6 d4e6,https://lichess.org/training/GPwtJ
GRhFD,3r1rk1/p4ppp/b1p1p3/3p4/4nP2/1Pq1P1P1/P1P3BP/1RBQR2K w KQkq - 0 1,c1b2 e4f2 h1g1 f2d1 b2c3 d1c3,https://lichess.org/training/GRhFD
GTHeu,1k2Q3/pp6/2pr1q2/2N4p/6p1/1B4P1/PP5P/7K b KQkq - 0 1,d6d8 c5d7 b8c8 d7f6 d8e8 f6e8,https://lichess.org/training/GTHeu
GWVKr,8/4n1kp/1p1q2p1/p1p2pN1/2P5/Pb1P2N1/2Q3PP/7K b KQkq - 0 1,d6d4 g5e6 g7f6 e6d4 b3c2 d4c2,https://lichess.org/training/GWVKr
GZoOq,1nkr2nr/2pq2b1/4p2p/2Q1Pb2/2N3p1/8/PP3PPP/RNB1R1K1 b KQkq - 0 1,g7f8 c4b6 c8b7 b6d7 f8c5 d7c5,https://lichess.org/training/GZoOq
Gi3GM,8/1p1q3k/pQ4pp/2P5/3bNp2/3r4/PP3PPP/1R4K1 b KQkq - 0 1,d4c5 e4f6 h7g7 f6d7 c5b6 d7b6,https://lichess.org/training/Gi3GM
GnPUU,5k2/pr5p/2n2qp1/2pQ4/6P1/1P3R2/P1b2P1P/1K1R4 w KQkq - 0 1,b1c2 c6b4 c2c1 b4d5 f3f6 d5f6,https://lichess.org/training/GnPUU
Gnu18,r3r1k1/ppp2p2/3p2p1/3N1p2/2PP2qP/8/PP3QB1/2K4R b KQkq - 0 1,e8e2 d5f6 g8g7 f6g4 e2f2 g4f2,https://lichess.org/training/Gnu18
Gpyzu,1q6/krRQ4/4p3/3pP3/PN6/1p6/1P4PP/6K1 b KQkq - 0 1,b7c7 b4c6 a7b7 c6b8 c7d7 b8d7,https://lichess.org/training/Gpyzu
H0thZ,8/6pk/2p1Nnqp/pp1p1p2/3P1Q2/2P2P2/PP3K2/8 b KQkq - 0 1,f6h5 e6f8 h7g8 f8g6 h5f4 g6f4,https://lichess.org/training/H0thZ
H1VbA,3Q2k1/bp3pp1/p1q2n1p/4rN2/8/2P3N1/PP4PP/5R1K b KQkq - 0 1,e5e8 f5e7 g8f8 e7c6 e8d8 c6d8,https://lichess.org/training/H1VbA
H5Sak,7k/p1b2ppp/1p2p3/7P/1PP3n1/P2B1QP1/3q1P2/4RK2 w KQkq - 0 1,e1e2 g4h2 f1g2 h2f3 e2d2 f3d2,https://lichess.org/training/H5Sak
HBaoA,r2q1r2/p3p1kp/2Q2pp1/1ppP2Nb/7P/1P6/PBP2P2/1K5R b KQkq - 0 1,a8c8 g5e6 g7g8 e6d8 c8c6 d8c6,https://lichess.org/training/HBaoA
HDesA,6r1/3k3p/8/3q4/1P1n1B2/2Q2P2/6PP/4R1K1 w KQkq - 0 1,e1d1 d4e2 g1f2 e2c3 d1d5 c3d5,https://lichess.org/training/HDesA
HSK8a,6k1/3N2p1/4pp1p/p7/3P4/Pqn1P2P/5PP1/2Q3K1 w KQkq - 0 1,d7c5 c3e2 g1f1 e2c1 c5b3 c1b3,https://lichess.org/training/HSK8a
HkfFP,8/5pk1/2R1p3/4P1p1/7p/4Q1nP/P5PK/3q4 w KQkq - 0 1,c6c1 g3f1 h2g1 f1e3 c1d1 e3d1,https://lichess.org/training/HkfFP
HmsjO,4r3/7k/p3q1p1/2p4p/Pp1p1Q1P/1PnP1N2/2P2PK1/2R5 b KQkq - 0 1,c3e2 f3g5 h7h6 g5e6 e2f4 e6f4,https://lichess.org/training/HmsjO
Hn9PY,3k1r2/1p4q1/2p5/1p1p1p1Q/3N3P/bP2P3/P1P5/1K1R4 b KQkq - 0 1,f8h8 d4e6 d8e7 e6g7 h8h5 g7h5,https://lichess.org/training/Hn9PY
HqrZd,7k/p2np2p/3q4/3P4/2Q5/2NK2P1/P6P/8 w KQkq - 0 1,c3e4 d7e5 d3d4 e5c4 e4d6 c4d6,https://lichess.org/training/HqrZd
HwOW2,r4rk1/ppp2ppp/2np4/4q3/4P1P1/2N2Q2/PPP1K1P1/R1B2B2 w KQkq - 0 1,c1f4 c6d4 e2f2 d4f3 f4e5 f3e5,https://lichess.org/training/HwOW2
HxEjY,r7/pR3pk1/6pp/2p2b2/3q1N2/5Q1P/PP4P1/7K b KQkq - 0 1,f5e4 f4e6 g7h8 e6d4 e4f3 d4f3,https://lichess.org/training/HxEjY
HxTg1,2r2r2/5pk1/p3p1p1/1pN4p/1P1P2nq/5Q2/P4PP1/1B1RRK2 w KQkq - 0 1,e1e4 g4h2 f1e2 h2f3 e4h4 f3h4,https://lichess.org/training/HxTg1
HyPJ6,3n4/5q1k/1p2p1p1/p2pQ2p/8/P4N1P/1P4PK/8 b KQkq - 0 1,d8c6 f3g5 h7g8 g5f7 c6e5 f7e5,https://lichess.org/training/HyPJ6
HzGJ3,rn2r3/4k1bQ/1p1p1q2/pPp1p2p/2P1P2P/P1N1P3/1B1P2P1/2K4R b KQkq - 0 1,e8h8 c3d5 e7f7 d5f6 h8h7 f6h7,https://lichess.org/training/HzGJ3
I10UM,r6r/pp3pk1/8/2p1pqB1/3p1n1Q/1P1P3P/1PP3P1/R4RK1 w KQkq - 0 1,h4g3 f4e2 g1h2 e2g3 f1f5 g3f5,https://lichess.org/training/I10UM
IAaFi,2r4k/6pp/p7/1p2p1P1/1B1nqp1P/P7/1P1Q4/K2R3R w KQkq - 0 1,h1e1 d4b3 a1a2 b3d2 e1e4 d2e4,https://lichess.org/training/IAaFi
IDqXG,6k1/5pp1/2N2n1p/1p1q4/p7/P1Q4P/5PP1/6K1 b KQkq - 0 1,f6e4 c6e7 g8f8 e7d5 e4c3 d5c3,https://lichess.org/training/IDqXG
IFavq,4r1k1/1p4pp/p7/5r2/3Np1QP/BPPnq3/P7/1R5K w KQkq - 0 1,d4f5 d3f2 h1g1 f2g4 f5e3 g4e3,https://lichess.org/training/IFavq
IKj8M,r3r1k1/1p4pp/4Rp2/pq1p4/3Q4/2PN1PnP/PP4P1/R5K1 w KQkq - 0 1,e6b6 g3e2 g1f2 e2d4 b6b5 d4b5,https://lichess.org/training/IKj8M
IXb0E,r4r1k/pR4p1/4Bb1p/8/3n4/3qN3/5PPP/2Q2RK1 w KQkq - 0 1,e6c4 d4e2 g1h1 e2c1 c4d3 c1d3,https://lichess.org/training/IXb0E
IlGll,2q2rk1/2n2ppp/r1NQ4/pp1p4/2pP4/PnP1PP2/1B3RPP/5RK1 b KQkq - 0 1,h7h6 c6e7 g8h7 e7c8 a6d6 c8d6,https://lichess.org/training/IlGll
J40zS,8/1R4pp/p1qp1rk1/4n3/1R1Qp3/2P3P1/P4P1P/6K1 w KQkq - 0 1,b7b6 e5f3 g1f1 f3d4 b6c6 d4c6,https://lichess.org/training/J40zS
JMs2f,2b5/p5kp/1p1N1qp1/3Q4/8/6KP/P4P2/8 b KQkq - 0 1,c8e6 d6e8 g7f7 e8f6 e6d5 f6d5,https://lichess.org/training/JMs2f
JNfSE,4Q2k/6p1/p2q1r1p/3P2N1/5p2/7P/PP3PP1/6K1 b KQkq - 0 1,f6f8 g5f7 h8g8 f7d6 f8e8 d6e8,https://lichess.org/training/JNfSE
JeUpS,r7/p1p2k2/1b2qp2/1p2n3/4NQ1B/3Pp1P1/PP5P/2R3K1 b KQkq - 0 1,e5d3 e4g5 f7e7 g5e6 d3f4 e6f4,https://lichess.org/training/JeUpS
JjUX9,4r1k1/1P3ppp/1P1p4/p2P4/N3q2n/7b/P2Q1R1P/2R3K1 w KQkq - 0 1,f2e2 h4f3 g1h1 f3d2 e2e4 d2e4,https://lichess.org/training/JjUX9
JkoZ6,r5rk/3q1pnp/p4QpB/1p2p3/1P1n2P1/P6P/2B2P2/3R1RK1 w KQkq - 0 1,f6e5 d4f3 g1g2 f3e5 d1d7 e5d7,https://lichess.org/training/JkoZ6
Jrxyw,6k1/1pp3pp/p2p4/3PnP2/2P1q3/1P5P/P2Q1R1K/8 w KQkq - 0 1,f2e2 e5f3 h2g3 f3d2 e2e4 d2e4,https://lichess.org/training/Jrxyw
JxKTM,2k3r1/pppn4/5b2/PP1N1Q2/2n4q/6B1/5PK1/R4R2 w KQkq - 0 1,d5f6 c4e3 g2f3 e3f5 g3h4 f5h4,https://lichess.org/training/JxKTM
KF0CL,r3k2r/1N1b1qb1/ppn1p1p1/3pP1Q1/8/P5B1/1P3PPP/2R1R1K1 b KQkq - 0 1,h8h5 b7d6 e8f8 d6f7 h5g5 f7g5,https://lichess.org/training/KF0CL
KQoFe,8/p2k1p2/1pb1p3/5r2/3Q4/P1pN1q2/2P2P1P/4K1R1 b KQkq - 0 1,f5d5 d3e5 d7d6 e5f3 d5d4 f3d4,https://lichess.org/training/KQoFe
KSTpU,4rkr1/pp2q3/3bp3/3p2N1/3P1PQ1/2P3P1/PP5P/5RK1 b KQkq - 0 1,e7f6 g5h7 f8f7 h7f6 g8g4 f6g4,https://lichess.org/training/KSTpU
KWRw2,4r3/4rp1k/4q1pp/p1p1Pp2/P2p1Q1P/1Pn2NP1/2P2PK1/4R2R b KQkq - 0 1,c3d5 f3g5 h7g8 g5e6 d5f4 e6f4,https://lichess.org/training/KWRw2
KfUrH,r5k1/1p3pp1/p6p/2R5/P2n4/3q1N1P/1P3PP1/2Q3K1 w KQkq - 0 1,f3e5 d4e2 g1h2 e2c1 e5d3 c1d3,https://lichess.org/training/KfUrH
Kh0W4,2k1q3/pp4pp/3Q4/4n3/8/2PR4/1P1K1PPP/8 w KQkq - 0 1,d3e3 e5c4 d2d3 c4d6 e3e8 d6e8,https://lichess.org/training/Kh0W4
KnBKM,r5k1/pp1b1pp1/5rq1/5N2/4PQP1/P7/1P6/2R1R1K1 b KQkq - 0 1,d7c6 f5e7 g8h7 e7g6 f6f4 g6f4,https://lichess.org/training/KnBKM
L292Q,r3k2r/1b3p2/p7/1p1P2pp/2P3n1/P2Pq2P/BP4PK/RN1QR3 w KQkq - 0 1,h2h1 g4f2 h1g1 f2d1 e1e3 d1e3,https://lichess.org/training/L292Q
L3nJa,7r/pp3q1k/4N1p1/3pQ2p/8/8/PPP3PP/6K1 b KQkq - 0 1,h8e8 e6g5 h7g8 g5f7 e8e5 f7e5,https://lichess.org/training/L3nJa
LMS2w,kr6/p4p2/2q5/4R3/3Q4/1PnN4/P1P5/2K5 w KQkq - 0 1,e5c5 c3e2 c1d2 e2d4 c5c6 d4c6,https://lichess.org/training/LMS2w
LSlzv,1k1r4/ppq2pbp/6p1/nQN5/3P2P1/2P2P2/bP5P/2KR1R2 b KQkq - 0 1,a2c4 c5a6 b8c8 a6c7 c4b5 c7b5,https://lichess.org/training/LSlzv
LmzbW,7k/p1p4p/1p1p1n2/5B2/3P1Q2/P5KP/1PP1q3/8 w KQkq - 0 1,f5d3 f6h5 g3h4 h5f4 d3e2 f4e2,https://lichess.org/training/LmzbW
LzR9L,3q1r1k/1r5p/3NQpp1/8/1p1P1P2/pPn5/6PP/R3R1K1 b KQkq - 0 1,b7b6 d6f7 h8g8 f7d8 b6e6 d8e6,https://lichess.org/training/LzR9L
M2A4n,rnb1k2r/pp2bqpp/2p5/3nQ3/2BPN3/8/PPP2PPP/R1B1K2R b KQkq - 0 1,b8d7 e4d6 e8f8 d6f7 d7e5 f7e5,https://lichess.org/training/M2A4n
M501O,6k1/p4ppp/8/3p4/4n3/2q4P/P5P1/R2Q3K w KQkq - 0 1,a1c1 e4f2 h1g1 f2d1 c1c3 d1c3,https://lichess.org/training/M501O
M5vJt,2rr2k1/1b3p1p/p3p1p1/1p1q4/1Q2N3/4RP2/P5PP/5RK1 b KQkq - 0 1,c8c4 e4f6 g8g7 f6d5 c4b4 d5b4,https://lichess.org/training/M5vJt
MTUK4,r4rk1/1p3pp1/1p4q1/2p3n1/5Q2/1BN5/PPP3PP/3R1RK1 w KQkq - 0 1,d1d6 g5h3 g1h1 h3f4 d6g6 f4g6,https://lichess.org/training/MTUK4
MTuJl,r2k1b1r/1pqb2pp/p2p4/3Qn1N1/3pP3/8/PPPB1PPP/R3K2R b KQkq - 0 1,d7c6 g5e6 d8d7 e6c7 c6d5 c7d5,https://lichess.org/training/MTuJl
MWL23,r4bkr/1pp3pp/p7/3qp1N1/3n1B2/2Q5/PPP2PPP/3R1RK1 w KQkq - 0 1,f4e5 d4e2 g1h1 e2c3 d1d5 c3d5,https://lichess.org/training/MWL23
MXnDp,5rk1/2R2pp1/7p/p2BP3/3P1nq1/8/P4QP1/6K1 w KQkq - 0 1,d5f3 f4h3 g1h2 h3f2 f3g4 f2g4,https://lichess.org/training/MXnDp
MYBCa,r5k1/5ppp/pp1q4/5Q2/2P1pP2/3n4/6PP/3R1R1K w KQkq - 0 1,f5e4 d3f2 h1g1 f2e4 d1d6 e4d6,https://lichess.org/training/MYBCa
MbrAH,6k1/pp3p1p/2p3p1/8/3PqP2/P3n1PP/1B1Qb2K/4R3 w KQkq - 0 1,e1e2 e3f1 h2g1 f1d2 e2e4 d2e4,https://lichess.org/training/MbrAH
MnzeD,r4rk1/6p1/2p1pnNp/3q4/PQ6/3P3P/2P2PP1/5RK1 b KQkq - 0 1,f8b8 g6e7 g8f8 e7d5 b8b4 d5b4,https://lichess.org/training/MnzeD
Msz4G,5rk1/5pp1/p1q4p/3NPp2/3Q1P2/8/Pr4PP/5R1K b KQkq - 0 1,f8d8 d5e7 g8h7 e7c6 d8d4 c6d4,https://lichess.org/training/Msz4G
N6DTJ,1b2r1k1/7p/4p1p1/5n2/1PQ5/6PN/1B1q1PK1/5R2 w KQkq - 0 1,b2c3 f5e3 g2h1 e3c4 c3d2 c4d2,https://lichess.org/training/N6DTJ
NBNdp,7k/6rp/p3p1q1/1p1pQ3/1P1P2Pn/P6P/4N2K/R7 w KQkq - 0 1,e2f4 h4f3 h2g3 f3e5 f4g6 e5g6,https://lichess.org/training/NBNdp
NCWfL,2rq1r1k/7p/1p2Q1p1/5pN1/3P4/P7/1P3PPP/4R1K1 b KQkq - 0 1,f8e8 g5f7 h8g7 f7d8 e8e6 d8e6,https://lichess.org/training/NCWfL
NCgYK,4r3/pp3p2/2p2k1p/3p2p1/5q2/2PQ2NP/PP4P1/7K b KQkq - 0 1,e8e3 g3h5 f6e7 h5f4 e3d3 f4d3,https://lichess.org/training/NCgYK
NYVDS,r4r1k/p5pp/1p6/1B1R4/4n3/1Q2RP2/PP4PP/2q2K2 w KQkq - 0 1,d5d1 e4d2 f1f2 d2b3 d1c1 b3c1,https://lichess.org/training/NYVDS
Nasc2,8/2p2ppk/1pNp3p/p2P4/2P4P/PP2QP2/2qn2PK/8 w KQkq - 0 1,c6d4 d2f1 h2g1 f1e3 d4c2 e3c2,https://lichess.org/training/Nasc2
NiGN6,3r2k1/pp5p/4qpp1/3p4/3Q4/1B2PPnP/PP4P1/3R2K1 w KQkq - 0 1,b3d5 g3e2 g1f1 e2d4 d5e6 d4e6,https://lichess.org/training/NiGN6
NigYl,8/pp3pk1/3p1nbp/3p1q2/3P4/1BP1QP2/PP3KP1/5N2 w KQkq - 0 1,f1g3 f6g4 f2e2 g4e3 g3f5 e3f5,https://lichess.org/training/NigYl
Nqn6D,3q3k/6p1/2pNQ2p/2P2p2/8/5P2/2n3PP/6K1 b KQkq - 0 1,c2d4 d6f7 h8h7 f7d8 d4e6 d8e6,https://lichess.org/training/Nqn6D
Ns72p,2r2rk1/pb3pp1/7p/3p1Q2/4nb1q/2NB4/PPP3PP/R4R1K w KQkq - 0 1,f1f4 e4g3 h1g1 g3f5 f4h4 f5h4,https://lichess.org/training/Ns72p
O3b15,r2q3k/1Q2p1bp/3p2p1/6N1/p7/5P2/PPr3PP/3R1RK1 b KQkq - 0 1,a8b8 g5f7 h8g8 f7d8 b8b7 d8b7,https://lichess.org/training/O3b15
OCeQY,r1r3k1/1p2qpp1/p2R3p/3Q1p2/1PnN1P2/P5P1/1BPR2KP/8 w KQkq - 0 1,d6d7 c4e3 g2f3 e3d5 d7e7 d5e7,https://lichess.org/training/OCeQY
ODSHq,4k1r1/1br2q2/p3pP1Q/3pPN2/8/P7/P4P1K/1R6 b KQkq - 0 1,g8g6 f5d6 e8d7 d6f7 g6h6 f7h6,https://lichess.org/training/ODSHq
OFcKk,2r3k1/p4ppp/1p2p3/1qp1P3/2Nn4/P1Q5/1PP2PPP/2K4R w KQkq - 0 1,c4d6 d4e2 c1d2 e2c3 d6b5 c3b5,https://lichess.org/training/OFcKk
OJmAi,2kr4/Bpp5/8/P3qp2/2P3n1/3P1Q2/6N1/R4K2 w KQkq - 0 1,a1e1 g4h2 f1f2 h2f3 e1e5 f3e5,https://lichess.org/training/OJmAi
OQ8r3,r1b2b1r/pp4pp/2p1kq2/3np3/1n4Q1/1BN5/PPPP1PPP/R1B2RK1 b KQkq - 0 1,e6d6 c3e4 d6c7 e4f6 c8g4 f6g4,https://lichess.org/training/OQ8r3
OUbH5,3r4/3k1p1p/4q1p1/1N6/3Q4/7P/5PP1/6K1 b KQkq - 0 1,d7e8 b5c7 e8e7 c7e6 d8d4 e6d4,https://lichess.org/training/OUbH5
ObTjG,8/k1p5/1p4p1/p7/4Q1P1/1Pq2n1P/P1P5/1K2R3 w KQkq - 0 1,e1e3 f3d2 b1c1 d2e4 e3c3 e4c3,https://lichess.org/training/ObTjG
Odqnv,4rr2/1Q4k1/p2p2n1/1pq3N1/4P2b/8/PPP3P1/R4R1K b KQkq - 0 1,e8e7 g5e6 g7h6 e6c5 e7b7 c5b7,https://lichess.org/training/Odqnv
OfWoP,5k2/1b4pp/p3pp2/2p2q2/2P2n1P/P1B3Q1/1P4P1/3R2K1 w KQkq - 0 1,d1f1 f4e2 g1h2 e2g3 f1f5 g3f5,https://lichess.org/training/OfWoP
OmUfb,rb3r2/1p4kp/p1n2q2/3Qp3/8/P4NNb/1PP2PP1/R3R1K1 b KQkq - 0 1,h3e6 g3h5 g7h8 h5f6 e6d5 f6d5,https://lichess.org/training/OmUfb
OyvGY,r1b2b1r/pp4pp/2p1kq2/3np3/1n4Q1/1BNP4/PPP2PPP/R1B2RK1 b KQkq - 0 1,e6d6 c3e4 d6c7 e4f6 c8g4 f6g4,https://lichess.org/training/OyvGY
P1CWP,r6r/2q1k1b1/3ppp2/1Q6/8/1PN5/1B3P2/1K2R3 b KQkq - 0 1,a8a5 c3d5 e7f7 d5c7 a5b5 c7b5,https://lichess.org/training/P1CWP
P1DcE,r2q1b1k/1Q4pp/pnp5/6N1/1P1P4/P7/4rPPP/R4RK1 b KQkq - 0 1,a8b8 g5f7 h8g8 f7d8 b8b7 d8b7,https://lichess.org/training/P1DcE
PAFrJ,8/pp2qp2/7k/5Q1p/6nP/8/PPKR4/8 w KQkq - 0 1,d2d7 g4e3 c2d3 e3f5 d7e7 f5e7,https://lichess.org/training/PAFrJ
PAbDy,5rk1/5p1p/p4Pp1/1p1Q1n2/5q2/3R3P/6B1/1R3K2 w KQkq - 0 1,d3f3 f5e3 f1f2 e3d5 f3f4 d5f4,https://lichess.org/training/PAbDy
PDlrR,2k2r2/pppb4/2p2q1p/4R3/4Q3/1PNP1Rpn/P1P3P1/6K1 w KQkq - 0 1,g1h1 h3f2 h1g1 f2e4 f3f6 e4f6,https://lichess.org/training/PDlrR
PPKGw,3r1k2/1b3pNB/5q2/1P1p4/4n1Q1/r7/6PP/1RR4K w KQkq - 0 1,g7h5 e4f2 h1g1 f2g4 h5f6 g4f6,https://lichess.org/training/PPKGw
PPRoV,8/3q3k/p3NQp1/2r1P2p/1p6/4P2P/6PK/8 b KQkq - 0 1,c5c6 e6f8 h7g8 f8d7 c6f6 d7f6,https://lichess.org/training/PPRoV
PZ4Qn,6r1/1p3k2/2pP1p2/p3n3/2P4p/Pq5P/1P1Q1PP1/R3R1K1 w KQkq - 0 1,e1e3 e5f3 g1h1 f3d2 e3b3 d2b3,https://lichess.org/training/PZ4Qn
PejYR,1r4k1/p4ppp/4p3/3p3N/P2bq3/6QP/5PP1/2R3K1 b KQkq - 0 1,d4e5 h5f6 g8h8 f6e4 e5g3 e4g3,https://lichess.org/training/PejYR
PuWRU,r2r2k1/pp1q1pbp/5np1/2Q5/3P1P2/3BB2P/PPP2KP1/R3R3 w KQkq - 0 1,d3b5 f6e4 f2f3 e4c5 b5d7 c5d7,https://lichess.org/training/PuWRU
Q3rf5,6k1/4q1p1/7B/1p1nNQP1/p1p2P2/7P/PP6/5K2 w KQkq - 0 1,e5g6 d5e3 f1e2 e3f5 g6e7 f5e7,https://lichess.org/training/Q3rf5
QIiyc,r4r2/6pp/5q2/3QRbk1/P7/8/3N1PPP/6K1 b KQkq - 0 1,a8d8 d2e4 g5g6 e4f6 d8d5 f6d5,https://lichess.org/training/QIiyc
QNdzW,8/4qp1k/p3n1pp/2b1Q3/2P3P1/5N1P/P4PK1/4R3 w KQkq - 0 1,e5d5 e6f4 g2f1 f4d5 e1e7 d5e7,https://lichess.org/training/QNdzW
QVFiH,8/4bkpp/n4pp1/1pq5/5BP1/1PPQ3P/2K2P2/4N3 w KQkq - 0 1,f4e3 a6b4 c2d2 b4d3 e3c5 d3c5,https://lichess.org/training/QVFiH
QfHo1,6k1/1p4q1/p2p1r2/5Nrp/2P2Q2/P5PB/1P3P2/6K1 b KQkq - 0 1,g7g6 f5e7 g8f7 e7g6 f6f4 g6f4,https://lichess.org/training/QfHo1
Qvo2E,8/ppk5/8/2q2P1p/3NQ3/2r5/P1P5/2K5 b KQkq - 0 1,c3c4 d4e6 c7c8 e6c5 c4e4 c5e4,https://lichess.org/training/Qvo2E
QwpQV,2k4r/p4p2/Ppq2np1/4Q3/2P5/4PPPp/4BP1K/3R4 w KQkq - 0 1,d1d6 f6g4 h2h1 g4e5 d6c6 e5c6,https://lichess.org/training/QwpQV
Qxy3a,2N1r1k1/3p2pp/8/8/p3nq2/P2Q4/1PB3PP/R6K w KQkq - 0 1,a1f1 e4f2 h1g1 f2d3 f1f4 d3f4,https://lichess.org/training/Qxy3a
R2JI8,4rr2/1p3q2/p2Q2kp/6p1/3p2N1/8/PP3PPP/R5K1 b KQkq - 0 1,e8e6 g4e5 g6g7 e5f7 e6d6 f7d6,https://lichess.org/training/R2JI8
R3qGV,7k/R6p/1p4p1/1P2p3/2nqP3/1Q6/P5PP/1K6 w KQkq - 0 1,a7a4 c4d2 b1c2 d2b3 a4d4 b3d4,https://lichess.org/training/R3qGV
R9w1M,r6k/1p1q1prp/p4Q2/4p3/3n4/1B6/PP3PPP/3RR1K1 w KQkq - 0 1,f6e5 d4f3 g1f1 f3e5 d1d7 e5d7,https://lichess.org/training/R9w1M
RExV8,1r3rk1/p1p3p1/6Np/2Pq1p2/8/PPQ1PRPP/6P1/6K1 b KQkq - 0 1,b8b3 g6e7 g8h7 e7d5 b3c3 d5c3,https://lichess.org/training/RExV8
RGqMX,5rk1/pp3ppp/4p3/3p4/4n3/4PP2/1q2K1PP/2RQ1B1R w KQkq - 0 1,c1c2 e4c3 e2d2 c3d1 c2b2 d1b2,https://lichess.org/training/RGqMX
RHaaG,r6k/pQ4p1/3q1n2/6N1/8/P1P3PP/5P1K/8 b KQkq - 0 1,a8b8 g5f7 h8g8 f7d6 b8b7 d6b7,https://lichess.org/training/RHaaG
RTdcB,2k1r3/6p1/ppq1NnP1/2p1QP2/P7/4K3/1PP5/3R4 w KQkq - 0 1,d1d6 f6g4 e3f4 g4e5 d6c6 e5c6,https://lichess.org/training/RTdcB
RYEsk,5rk1/p4pp1/1p2p2p/2p1P2q/3nNP2/6QP/PP1R2P1/6K1 b KQkq - 0 1,d4f5 e4f6 g8h8 f6h5 f5g3 h5g3,https://lichess.org/training/RYEsk
RZTxX,5k2/5p2/p1q4p/1p1pQ1p1/5n2/PNP2P1P/1P3KP1/8 w KQkq - 0 1,b3d4 f4d3 f2g3 d3e5 d4c6 e5c6,https://lichess.org/training/RZTxX
RiXgj,2kb1q2/pp6/2p3Qp/3p1n2/3P2N1/2P2P1P/PP4K1/4R3 w KQkq - 0 1,e1e8 f5h4 g2g1 h4g6 e8f8 g6f8,https://lichess.org/training/RiXgj
RjtIV,r3k2r/pppn1ppp/8/6B1/5Pn1/2P1q3/P1P1N1PP/R2QR2K w KQkq - 0 1,e2g3 g4f2 h1g1 f2d1 e1e3 d1e3,https://lichess.org/training/RjtIV
RnIa8,3r1rk1/ppp1npp1/2b4p/4P3/4N1qR/3BQ1P1/PPP5/1K1R4 b KQkq - 0 1,e7f5 e4f6 g8h8 f6g4 f5e3 g4e3,https://lichess.org/training/RnIa8
RsOJ0,5k2/4NpPp/3p4/p3n3/2pq4/P5P1/1r2Q1KP/1B6 b KQkq - 0 1,f8g7 e7f5 g7f6 f5d4 b2e2 d4e2,https://lichess.org/training/RsOJ0
Ru6Cv,8/p1q2pk1/1p1Np1pp/1Q1nP3/3P4/6P1/P4P1P/6K1 b KQkq - 0 1,d5c3 d6e8 g7f8 e8c7 c3b5 c7b5,https://lichess.org/training/Ru6Cv
RyIXl,8/6k1/1p1p1p2/p1pP2p1/P3P3/2P1Nnq1/2K1Q3/8 b KQkq - 0 1,f3g1 e3f5 g7g6 f5g3 g1e2 g3e2,https://lichess.org/training/RyIXl
S5VMw,1r6/4Rpk1/5np1/3p2Np/p2q3P/P7/1PQ1KPP1/8 b KQkq - 0 1,b8b2 g5e6 g7h6 e6d4 b2c2 d4c2,https://lichess.org/training/S5VMw
SEy4j,2r2n1k/1Q4p1/3qp2p/pb1pNp2/p2P4/7P/1P3PP1/1B3RK1 b KQkq - 0 1,c8b8 e5f7 h8h7 f7d6 b8b7 d6b7,https://lichess.org/training/SEy4j
SFDgt,5rk1/ppp4p/3p4/3Nnqp1/2P5/3PQ1P1/PP5P/3R2K1 b KQkq - 0 1,e5g4 d5e7 g8f7 e7f5 g4e3 f5e3,https://lichess.org/training/SFDgt
SGPeQ,r5k1/pppn1ppp/2qPr3/3N4/3Q1P2/8/PPP3PP/R4R1K b KQkq - 0 1,e6d6 d5e7 g8f8 e7c6 d6d4 c6d4,https://lichess.org/training/SGPeQ
SGYTF,r6k/pQ4pp/2pqp3/4N3/4P3/1P6/2P3PP/1K6 b KQkq - 0 1,a8b8 e5f7 h8g8 f7d6 b8b7 d6b7,https://lichess.org/training/SGYTF
Sa4C2,2r5/1p3pk1/p3pN1p/3pPn2/1b1P1qP1/1P1Q1N1P/5PK1/8 b KQkq - 0 1,c8c3 f6h5 g7h7 h5f4 c3d3 f4d3,https://lichess.org/training/Sa4C2
Sh1g7,r4rk1/Q4p2/1Rq4p/2pn1Np1/4p3/2b3B1/P1P1B1PP/5RK1 b KQkq - 0 1,d5b6 f5e7 g8g7 e7c6 a8a7 c6a7,https://lichess.org/training/Sh1g7
SjbBG,8/pp1k1pp1/4N3/3pP1bp/3P4/Pq2B3/1P5P/2Q4K b KQkq - 0 1,g5e3 e6c5 d7e7 c5b3 e3c1 b3c1,https://lichess.org/training/SjbBG
SoRO1,r4rk1/6pp/b1q5/p2N1p2/3Qp3/8/PPP3PP/R3R1K1 b KQkq - 0 1,f8d8 d5e7 g8f7 e7c6 d8d4 c6d4,https://lichess.org/training/SoRO1
SqmHh,r1b1kb1r/pp2pppp/n4n2/1Np2q2/8/4QN2/PP1PPPPP/R1B1KB1R b KQkq - 0 1,f6d5 b5d6 e8d8 d6f5 d5e3 f5e3,https://lichess.org/training/SqmHh
Ss3mu,8/ppN2pk1/2n2qp1/3p4/6Q1/1PP1Pp2/P2P1P2/7K b KQkq - 0 1,c6e5 c7e8 g7f8 e8f6 e5g4 f6g4,https://lichess.org/training/Ss3mu
T6rdy,5rk1/R1B1bpp1/1P2p3/7p/3pPPn1/3Q1R2/6PP/2q4K w KQkq - 0 1,f3f1 g4f2 h1g1 f2d3 f1c1 d3c1,https://lichess.org/training/T6rdy
TF8o3,4rk2/1p6/p3bNQ1/4q3/6Pp/5P2/P4KB1/8 b KQkq - 0 1,e6f7 f6d7 f8e7 d7e5 f7g6 e5g6,https://lichess.org/training/TF8o3
TUQRB,4rr1k/pp2Npb1/1np1B2p/4q1p1/4P2P/5QP1/PPP3P1/R3R1K1 b KQkq - 0 1,f7e6 e7g6 h8h7 g6e5 f8f3 e5f3,https://lichess.org/training/TUQRB
TVDqf,6k1/5pp1/4p2p/q7/p1Q5/1nP4P/6P1/R4K2 w KQkq - 0 1,a1a4 b3d2 f1e1 d2c4 a4a5 c4a5,https://lichess.org/training/TVDqf
Td7ur,4r1k1/3N1pp1/1p2p2p/3p4/1B1Pn3/P2QP3/1q4PP/2R4K w KQkq - 0 1,c1b1 e4f2 h1g1 f2d3 b1b2 d3b2,https://lichess.org/training/Td7ur
TgwoK,6k1/6p1/p1N1p2p/1p1r1q2/1Pp4P/2P1Q3/P4PP1/6K1 b KQkq - 0 1,d5d3 c6e7 g8h7 e7f5 d3e3 f5e3,https://lichess.org/training/TgwoK
TzdR4,5rk1/p4p1p/2p1p3/2q5/3rNQ1K/8/PP4PP/7R b KQkq - 0 1,c5d5 e4f6 g8g7 f6d5 d4f4 d5f4,https://lichess.org/training/TzdR4
U5ucN,r4rk1/1p6/p1pQ4/5qpP/2Pb2N1/2N5/PP3P2/2K4R b KQkq - 0 1,a8d8 g4h6 g8h8 h6f5 d8d6 f5d6,https://lichess.org/training/U5ucN
U6n5I,r3k2r/p4ppp/p7/3pB3/3Pn3/P7/Pq2KPPP/2RQ3R w KQkq - 0 1,c1c2 e4c3 e2f3 c3d1 c2b2 d1b2,https://lichess.org/training/U6n5I
U7OUI,3k4/pb3Np1/1p2p2p/n7/3Pq2b/4B1Q1/PP2B1PP/5K2 b KQkq - 0 1,d8e8 f7d6 e8e7 d6e4 h4g3 e4g3,https://lichess.org/training/U7OUI
U86YL,2r3k1/5pp1/4p2p/4N3/3Q4/1qn1P1PP/5PB1/3R2K1 w KQkq - 0 1,d1d3 c3e2 g1h2 e2d4 d3b3 d4b3,https://lichess.org/training/U86YL
UHJi8,3N1r2/6kp/2p2Rp1/p2r4/1p1q4/5Q2/PP4PP/5R1K b KQkq - 0 1,f8f6 d8e6 g7h6 e6d4 f6f3 d4f3,https://lichess.org/training/UHJi8
ULuO5,3r3k/1p3q2/p2pRp2/2pPnPQp/P1P5/8/1P6/4R1K1 w KQkq - 0 1,e6f6 e5f3 g1f2 f3g5 f6f7 g5f7,https://lichess.org/training/ULuO5
UMqRz,rr6/4Npbk/1B4p1/P3P3/4qn2/2R3Qp/1P5P/2R3K1 w KQkq - 0 1,c3c4 f4e2 g1f2 e2g3 c4e4 g3e4,https://lichess.org/training/UMqRz
UU0Ih,4rn1k/1ppbQN2/p3p3/3p1q1P/3P4/4P3/P4PP1/5RK1 b KQkq - 0 1,h8g8 f7h6 g8h8 h6f5 e8e7 f5e7,https://lichess.org/training/UU0Ih
UYyY0,r2q1r1k/pb1n2p1/1p2Qn1p/6N1/1b1P3P/3B4/PP1B1PP1/R3K2R b KQkq - 0 1,f8e8 g5f7 h8g8 f7d8 e8e6 d8e6,https://lichess.org/training/UYyY0
UdlqM,1N6/p4p2/5b2/1N1p1k2/4q3/P3P2r/3K1Q2/8 b KQkq - 0 1,h3f3 b5d6 f5e6 d6e4 f3f2 e4f2,https://lichess.org/training/UdlqM
Um4Js,r2NQn1k/1p4bp/p2P2p1/8/Pq4P1/8/1P5P/5R1K b KQkq - 0 1,b4d6 d8f7 h8g8 f7d6 a8e8 d6e8,https://lichess.org/training/Um4Js
UrIKq,r1b2rk1/pp4p1/4p2p/4Np1P/3Pn3/3BP3/Pq2KPP1/2RQ3R w KQkq - 0 1,c1c2 e4c3 e2d2 c3d1 c2b2 d1b2,https://lichess.org/training/UrIKq
Uu8ra,3r2k1/pp1P1pp1/7p/2p1q3/2P1np2/P4Q1B/8/1R1R1K2 w KQkq - 0 1,d1e1 e4d2 f1g2 d2f3 e1e5 f3e5,https://lichess.org/training/Uu8ra
UxHP9,8/5p2/4p1kb/4Pqp1/8/4QNP1/5P1K/8 b KQkq - 0 1,g5g4 f3h4 g6h7 h4f5 h6e3 f5e3,https://lichess.org/training/UxHP9
V6sgR,r1r3k1/3q1pb1/p1p1p1pp/1pQ5/P3N3/1P1P1P2/1P4PP/3R1R1K b KQkq - 0 1,g7f8 e4f6 g8g7 f6d7 f8c5 d7c5,https://lichess.org/training/V6sgR
VGOOc,r2q1b1r/1Q1b2k1/p1pp1pn1/7p/3NP2P/6B1/PPP2PP1/R3K2R b KQkq - 0 1,a8b8 d4e6 g7h7 e6d8 b8b7 d8b7,https://lichess.org/training/VGOOc
VRSeV,r4r2/pbp3k1/1p3qp1/4p3/2B2pQ1/5PN1/PbP3PP/4RR1K b KQkq - 0 1,b7c8 g3h5 g7h8 h5f6 c8g4 f6g4,https://lichess.org/training/VRSeV
VS9su,1k1r3r/1p4p1/pq6/2N1p3/2QpNb1p/5P1P/PPP3P1/3R3K b KQkq - 0 1,d8c8 c5d7 b8a7 d7b6 c8c4 b6c4,https://lichess.org/training/VS9su
VU0X5,r2qr2k/1bp1n1p1/pp2Qn2/6N1/3P3P/P1N1P3/1P3PP1/R4RK1 b KQkq - 0 1,e7g6 g5f7 h8g8 f7d8 e8e6 d8e6,https://lichess.org/training/VU0X5
VfDCV,5k1r/p7/2nNpq1p/2r2npQ/2P2p1P/8/PPPB2P1/R3R2K w KQkq - 0 1,d2c3 f5g3 h1g1 g3h5 c3f6 h5f6,https://lichess.org/training/VfDCV
VsAeu,1r3rk1/5ppp/3R4/p1n5/2B1q1P1/1PQ4P/1KP5/5R2 w KQkq - 0 1,d6d4 c5a4 b2c1 a4c3 d4e4 c3e4,https://lichess.org/training/VsAeu
Vwfx8,r7/pp6/2p1k3/3p4/3Pq3/P4N1P/5Q1K/8 b KQkq - 0 1,a8f8 f3g5 e6e7 g5e4 f8f2 e4f2,https://lichess.org/training/Vwfx8
Vzu88,5rk1/8/1pN1p3/pP1p1pqp/P6R/3nPQP1/6KP/8 w KQkq - 0 1,h4h5 d3e1 g2f2 e1f3 h5g5 f3g5,https://lichess.org/training/Vzu88
W0gg2,r1b1r3/3n1pkp/p1p2qp1/4p3/4P1Q1/P5N1/1PP2PPP/3RR1K1 b KQkq - 0 1,d7c5 g3h5 g7h8 h5f6 c8g4 f6g4,https://lichess.org/training/W0gg2
W1rLW,1k1r3r/p1p5/1p2Bb2/5Ppp/3P2nP/2P1q1PK/PP1N4/R2Q1R2 w KQkq - 0 1,f1f3 g4f2 h3h2 f2d1 f3e3 d1e3,https://lichess.org/training/W1rLW
WBOhv,3r3k/p4p2/6p1/6Rp/4P2P/PQ1P4/KP1qnPR1/8 w KQkq - 0 1,f2f3 e2c1 a2b1 c1b3 g2d2 b3d2,https://lichess.org/training/WBOhv
WCTJy,r1r3k1/5pb1/3p2pp/3q4/p1PPNP2/4Q3/5RPP/2R3K1 b KQkq - 0 1,g7d4 e4f6 g8g7 f6d5 d4e3 d5e3,https://lichess.org/training/WCTJy
WHdqr,5r1r/p5k1/2pp4/6q1/4B2p/P1N4Q/1PP1K1n1/1R2R3 w KQkq - 0 1,e1g1 g2f4 e2e3 f4h3 g1g5 h3g5,https://lichess.org/training/WHdqr
WYHn7,4rk2/1p3rpp/1q2P1b1/pPNQ4/P4p2/2P5/1B2p1PP/2R4K b KQkq - 0 1,f7f5 c5d7 f8g8 d7b6 f5d5 b6d5,https://lichess.org/training/WYHn7
WcwjS,r3rk2/pp3p2/5q2/1P1p2NQ/P7/2P1P3/6PP/R6K b KQkq - 0 1,e8e5 g5h7 f8e7 h7f6 e5h5 f6h5,https://lichess.org/training/WcwjS
Wh7Ux,3rr1k1/pp3ppp/3b2q1/2pNn3/2P4Q/1PP1B3/P4PPP/3RR1K1 w KQkq - 0 1,d5f4 e5f3 g1f1 f3h4 f4g6 h4g6,https://lichess.org/training/Wh7Ux
WjCPb,3r2k1/p4p2/1pr3p1/n2pPq1n/3P2Np/P3QP2/1B1R2PP/3R2K1 b KQkq - 0 1,a5c4 g4h6 g8h8 h6f5 c4e3 f5e3,https://lichess.org/training/WjCPb
Wtwob,1k6/1pp1b1p1/p7/2q1p2n/P1P4p/3Q1P1P/1P4KB/3R4 w KQkq - 0 1,h2g1 h5f4 g2f1 f4d3 g1c5 d3c5,https://lichess.org/training/Wtwob
Wx5Zm,1k1r4/bpp3r1/p2p3p/3N4/P1Bp1PPn/2P4P/1Pq4K/R3QR2 w KQkq - 0 1,f1f2 h4f3 h2g3 f3e1 f2c2 e1c2,https://lichess.org/training/Wx5Zm
WyJYl,2r3k1/p1P2pbp/6p1/3qp3/3nN3/5P2/P2Q2PP/3R1RK1 w KQkq - 0 1,d2c3 d4e2 g1f2 e2c3 d1d5 c3d5,https://lichess.org/training/WyJYl
X17o3,8/5p1k/4q1p1/2Q4p/5n2/5N1P/6PK/8 b KQkq - 0 1,f4d3 f3g5 h7g8 g5e6 d3c5 e6c5,https://lichess.org/training/X17o3
X4l2n,8/p4p1k/2P1p1p1/5q1p/3Q1n2/P2R3P/6P1/6K1 w KQkq - 0 1,d3f3 f4e2 g1f2 e2d4 f3f5 d4f5,https://lichess.org/training/X4l2n
X7dvL,r2r2k1/1p3p2/3Pq1p1/4P3/3Q1P1p/pP3BnP/P5P1/2RR2K1 w KQkq - 0 1,f3d5 g3e2 g1f2 e2d4 d5e6 d4e6,https://lichess.org/training/X7dvL
X8S0K,8/3q3k/1b4p1/p3Q3/4N3/1P6/6K1/8 b KQkq - 0 1,b6c7 e4f6 h7g7 f6d7 c7e5 d7e5,https://lichess.org/training/X8S0K
X9M8i,2r2bk1/6p1/2Np2Pp/3Pp3/2R1nP2/pP6/P3Q2R/1K4q1 w KQkq - 0 1,c4c1 e4c3 b1c2 c3e2 c1g1 e2g1,https://lichess.org/training/X9M8i
X9sVJ,2krr3/ppp2p2/2n4p/6p1/6n1/2NBqN2/PPP3P1/R2Q1R1K w KQkq - 0 1,f1e1 g4f2 h1g1 f2d1 e1e3 d1e3,https://lichess.org/training/X9sVJ
XGEno,8/3Q1pk1/6p1/1pq1p1N1/4P3/r1P2P1P/6PK/8 b KQkq - 0 1,a3a7 g5e6 g7h7 e6c5 a7d7 c5d7,https://lichess.org/training/XGEno
XUEMA,5R2/kpp5/1p1p4/3Ppn1p/PPP2qP1/3P3P/4Q2K/8 w KQkq - 0 1,h2h1 f5g3 h1h2 g3e2 f8f4 e2f4,https://lichess.org/training/XUEMA
XXJ7i,4r3/pp3p1k/2pb4/3p1p2/1P1P4/4rqPN/P2Q1P1P/2R2KR1 b KQkq - 0 1,e3e2 h3g5 h7g7 g5f3 e2d2 f3d2,https://lichess.org/training/XXJ7i
XYd9J,6k1/3N1p2/6pp/p2q4/8/b1Q3PP/5P1K/8 b KQkq - 0 1,a3b4 d7f6 g8g7 f6d5 b4c3 d5c3,https://lichess.org/training/XYd9J
Xg2ai,6k1/p4pp1/1pq4p/8/P2Q4/1Pn2NP1/5P1P/6K1 w KQkq - 0 1,f3e5 c3e2 g1f1 e2d4 e5c6 d4c6,https://lichess.org/training/Xg2ai
Xg5Ky,8/5q1p/5npk/p2PQ3/1p5P/8/PP2R1PK/8 w KQkq - 0 1,e2f2 f6g4 h2g3 g4e5 f2f7 e5f7,https://lichess.org/training/Xg5Ky
XjPFg,r4rk1/p1pp1pbp/1p2p1p1/5nq1/2PP4/1PN1PQP1/PB3PKP/3R1R2 w KQkq - 0 1,c3e4 f5h4 g2h3 h4f3 e4g5 f3g5,https://lichess.org/training/XjPFg
Xswpa,6k1/1QNr1p1p/p2qpbp1/8/P7/8/1P3PPP/2R3K1 b KQkq - 0 1,g8g7 c7e8 g7h6 e8d6 d7b7 d6b7,https://lichess.org/training/Xswpa
Y6th9,r4k1r/pbp1q1b1/1p3n1p/4NQ2/7P/2P1P3/PP3PP1/RN2K2R b KQkq - 0 1,b7e4 e5g6 f8f7 g6e7 e4f5 e7f5,https://lichess.org/training/Y6th9
Ycjyi,B5k1/5pp1/5p1p/1pP2q2/1P1Q1P2/4P3/6P1/2n3K1 w KQkq - 0 1,a8e4 c1e2 g1f2 e2d4 e4f5 d4f5,https://lichess.org/training/Ycjyi
YorE4,r6r/4b2p/p2p1k2/1p2nN2/4q3/P7/1PPQ1PPP/R4RK1 w KQkq - 0 1,f5d6 e5f3 g1h1 f3d2 d6e4 d2e4,https://lichess.org/training/YorE4
Ypehj,3r2k1/2p3p1/p4p1p/3N1q2/PPPQ4/6K1/6PP/8 b KQkq - 0 1,h6h5 d5e7 g8f7 e7f5 d8d4 f5d4,https://lichess.org/training/Ypehj
Yrc56,5k2/1pp2p2/p7/Pn1p1QNp/1P1q1P2/6P1/6K1/8 b KQkq - 0 1,b5d6 g5e6 f8e7 e6d4 d6f5 d4f5,https://lichess.org/training/Yrc56
YzSSu,r5rk/ppp5/3q3p/4N1pK/4Q3/P3P2P/1P4P1/n6R b KQkq - 0 1,a8e8 e5f7 h8g7 f7d6 e8e4 d6e4,https://lichess.org/training/YzSSu
Z3iMe,3r2kr/5pp1/1QN3p1/3q4/1p6/7P/1P3PP1/4R2K b KQkq - 0 1,d8d6 c6e7 g8h7 e7d5 d6b6 d5b6,https://lichess.org/training/Z3iMe
Z3j0B,8/p2p3k/6pp/1p1qP3/3n1PP1/2Q2RK1/PP5P/8 w KQkq - 0 1,f3d3 d4e2 g3f2 e2c3 d3d5 c3d5,https://lichess.org/training/Z3j0B
ZExMf,r6k/pp2R2p/3P1qp1/2pQ4/2P5/5P1n/PP4KP/4R3 w KQkq - 0 1,e7f7 h3f4 g2g3 f4d5 f7f6 d5f6,https://lichess.org/training/ZExMf
ZNESp,2q3k1/5pp1/pQN1p2p/2n5/8/P3P1P1/5P1P/6K1 b KQkq - 0 1,c5d7 c6e7 g8f8 e7c8 d7b6 c8b6,https://lichess.org/training/ZNESp
ZNRC6,2r3k1/p4p1p/1p2p1p1/4Pq2/3P2NP/P5Q1/2r2PP1/3R2K1 b KQkq - 0 1,c8c3 g4h6 g8f8 h6f5 c3g3 f5g3,https://lichess.org/training/ZNRC6
ZNUBx,r3r1k1/pp3p2/5Bp1/2pq4/2Nn2P1/1PQ4P/P7/R4RK1 w KQkq - 0 1,a1d1 d4e2 g1f2 e2c3 d1d5 c3d5,https://lichess.org/training/ZNUBx
ZPPMr,2kr3r/pbpp2pp/1p3n2/3P4/1PN1q3/P1Q5/4BPPP/4RRK1 b KQkq - 0 1,f6d5 c4d6 c8b8 d6e4 d5c3 e4c3,https://lichess.org/training/ZPPMr
ZVFAs,1k1r3r/p1pb1p1p/Bp3p2/3Pnq2/3Q4/P3B3/1PP2PPP/R4RK1 w KQkq - 0 1,a6d3 e5f3 g1h1 f3d4 d3f5 d4f5,https://lichess.org/training/ZVFAs
ZWfdH,3r3r/2p2kpp/5p2/1p1q4/3nNB2/P1Q2P2/P5PP/R4RK1 w KQkq - 0 1,a1d1 d4e2 g1f2 e2c3 d1d5 c3d5,https://lichess.org/training/ZWfdH
ZcbTq,4rk2/5p2/pp1p1qn1/2pb2NQ/8/P7/1PP2PPP/R5K1 b KQkq - 0 1,e8e5 g5h7 f8e7 h7f6 e5h5 f6h5,https://lichess.org/training/ZcbTq
ZkqR0,8/p3k1pp/4Pp2/2PP4/3qn3/7P/P1R1Q1P1/7K w KQkq - 0 1,c2c4 e4g3 h1h2 g3e2 c4d4 e2d4,https://lichess.org/training/ZkqR0
Zm478,2kr3r/ppp1n2p/2n3p1/3pq3/4P3/P1NPBQ2/1P2K1PP/1R3R2 w KQkq - 0 1,e3f4 c6d4 e2f2 d4f3 f4e5 f3e5,https://lichess.org/training/Zm478
Zo7sf,4r1k1/3q4/2p1p1pB/1pP1Q1P1/1P1n1P2/8/7P/4R1K1 w KQkq - 0 1,e1d1 d4f3 g1g2 f3e5 d1d7 e5d7,https://lichess.org/training/Zo7sf
a00He,1Q3bk1/3q1p1p/p2p2p1/3Nn3/5P2/1P4P1/P1P3P1/6K1 b KQkq - 0 1,e5c6 d5f6 g8g7 f6d7 c6b8 d7b8,https://lichess.org/training/a00He
a38wc,6k1/8/1pb2r2/p1p1N3/P2pP2q/5Q1p/1P3P2/6RK b KQkq - 0 1,g8f8 e5g6 f8e8 g6h4 f6f3 h4f3,https://lichess.org/training/a38wc
a6hxa,r2r4/1p3k2/p1ppqn2/4npQ1/P2R3P/1PN3PB/2P5/4R1K1 w KQkq - 0 1,h3f5 e5f3 g1g2 f3g5 f5e6 g5e6,https://lichess.org/training/a6hxa
a74jJ,r2r3k/1p2q1p1/p1n4p/5Q2/4p2N/1R5P/2P2PP1/5RK1 b KQkq - 0 1,c6d4 h4g6 h8h7 g6e7 d4f5 e7f5,https://lichess.org/training/a74jJ
a7WzC,6rk/8/5p1p/6nP/2q3PK/6N1/3Q1R2/8 w KQkq - 0 1,f2f4 g5f3 h4h3 f3d2 f4c4 d2c4,https://lichess.org/training/a7WzC
a8lqy,r2q3k/1b2b1pp/p3Q3/1p2N3/3Pp2r/2P1R3/PP3PPP/R5K1 b KQkq - 0 1,b7d5 e5f7 h8g8 f7d8 d5e6 d8e6,https://lichess.org/training/a8lqy
aJ5C1,2r1r1k1/p7/1p1p2p1/4pnqP/8/2P2QP1/PP1N1PK1/R4R2 w KQkq - 0 1,d2e4 f5h4 g2h3 h4f3 e4g5 f3g5,https://lichess.org/training/aJ5C1
aXNcb,8/1p4pk/p1pPq2p/4n3/PP1QP3/6P1/6B1/6K1 w KQkq - 0 1,g2h3 e5f3 g1g2 f3d4 h3e6 d4e6,https://lichess.org/training/aXNcb
acPXF,8/R4pk1/6p1/3qp2p/P2n4/2Q3P1/5P1P/6K1 w KQkq - 0 1,a7a5 d4e2 g1f1 e2c3 a5d5 c3d5,https://lichess.org/training/acPXF
ahdyj,r4bk1/2QN1p1p/4p1p1/3q4/8/Pr1p1N1P/5PP1/4R1K1 b KQkq - 0 1,b3b7 d7f6 g8h8 f6d5 b7c7 d5c7,https://lichess.org/training/ahdyj
aj1wG,r3k2r/pp3p1p/2p2np1/P1Pp4/1P1P4/4q2n/1BB4P/RN1Q1R1K w KQkq - 0 1,f1e1 h3f2 h1g1 f2d1 e1e3 d1e3,https://lichess.org/training/aj1wG
ap2ui,2r4r/pp2k1pp/4p3/3p1p2/3Pn3/P2BPN1P/1q2KPP1/2RQ3R w KQkq - 0 1,c1c2 e4c3 e2d2 c3d1 c2b2 d1b2,https://lichess.org/training/ap2ui
asIgw,4rk2/p4p1p/2Q2N2/3pq3/6P1/P6P/5PK1/8 b KQkq - 0 1,e8e6 f6d7 f8e7 d7e5 e6c6 e5c6,https://lichess.org/training/asIgw
awTa9,r3r3/6k1/b1p1pq1p/p1Pn4/Pp1PQN2/1P2P1P1/5P1P/R3R1K1 b KQkq - 0 1,d5c3 f4h5 g7f8 h5f6 c3e4 f6e4,https://lichess.org/training/awTa9
b9K2i,8/pp6/7r/3q1kp1/3n1p2/2QR4/PP4P1/3R3K w KQkq - 0 1,h1g1 d4e2 g1f2 e2c3 d3d5 c3d5,https://lichess.org/training/b9K2i
bA5Ns,r5k1/pp4pp/3bp2r/4Np2/2PPnq2/1P1Q4/P3B2P/R3B1RK w KQkq - 0 1,e1g3 e4f2 h1g2 f2d3 g3f4 d3f4,https://lichess.org/training/bA5Ns
bHgsw,2k4r/ppp5/2n1p3/8/P5n1/3Q1N1P/1q4P1/R2R3K w KQkq - 0 1,a1b1 g4f2 h1h2 f2d3 b1b2 d3b2,https://lichess.org/training/bHgsw
bMUWK,2r2rk1/5ppp/1pN5/pP1qP3/5P2/2Qp2PK/7P/3R4 b KQkq - 0 1,f8e8 c6e7 g8f8 e7d5 c8c3 d5c3,https://lichess.org/training/bMUWK
bUN7c,8/1p4pk/7p/4n3/4q3/1P6/P2R1QP1/4K3 w KQkq - 0 1,d2e2 e5d3 e1d2 d3f2 e2e4 f2e4,https://lichess.org/training/bUN7c
bX7TO,2r2k2/3R1Bpp/8/p4P2/Pp1nq3/6Q1/1PP3PP/6K1 w KQkq - 0 1,f7d5 d4e2 g1f2 e2g3 d5e4 g3e4,https://lichess.org/training/bX7TO
bZjMz,r1b1r1k1/5p1p/p2p1Q2/1p1Pn2q/2p1P3/2N4P/PP4PK/R4R1N w KQkq - 0 1,h1g3 e5g4 h2g1 g4f6 g3h5 f6h5,https://lichess.org/training/bZjMz
beR9Z,5bk1/5p1p/1p2p1p1/pP1q4/P2PN3/2Q2P2/6PP/6K1 b KQkq - 0 1,f8b4 e4f6 g8g7 f6d5 b4c3 d5c3,https://lichess.org/training/beR9Z
bj491,r4rk1/5pp1/p1p1p1p1/3pN3/P3n3/1P2q2P/1BP3P1/R2Q1R1K w KQkq - 0 1,f1e1 e4f2 h1g1 f2d1 e1e3 d1e3,https://lichess.org/training/bj491
bktqV,2k5/p1p5/1p2p3/3q4/3n1P2/P1Q3P1/1P1K4/3R4 w KQkq - 0 1,d2c1 d4e2 c1c2 e2c3 d1d5 c3d5,https://lichess.org/training/bktqV
blB9D,8/pk6/2p1p3/1p2Pq1p/1P1PN2P/4Q1P1/7K/5r2 b KQkq - 0 1,f1f3 e4d6 b7c7 d6f5 f3e3 f5e3,https://lichess.org/training/blB9D
bpLJ2,2r2rk1/6p1/4p3/p5qn/Pp1PQ2p/7P/1PP3PN/4R1RK w KQkq - 0 1,h2f3 h5g3 h1h2 g3e4 f3g5 e4g5,https://lichess.org/training/bpLJ2
bzpEd,2r4k/1p2q1p1/p6p/3QN3/4p3/7P/PP4P1/6K1 b KQkq - 0 1,c8c5 e5g6 h8h7 g6e7 c5d5 e7d5,https://lichess.org/training/bzpEd
c5Xtm,8/2p3pk/1pNp3p/1P1P1q2/2P5/6QP/3n2PK/8 w KQkq - 0 1,c6e7 d2f1 h2g1 f1g3 e7f5 g3f5,https://lichess.org/training/c5Xtm
cCTEF,r2kr3/6q1/p1n5/1p1pPQN1/P1pP4/2P4P/1P6/2K4R b KQkq - 0 1,e8f8 g5e6 d8e7 e6g7 f8f5 g7f5,https://lichess.org/training/cCTEF
cDIx3,8/6p1/4k3/8/3p4/3n1QP1/P2q1nKP/5R2 w KQkq - 0 1,f1f2 d3e1 g2f1 e1f3 f2d2 f3d2,https://lichess.org/training/cDIx3
cF2uN,6k1/R2q2p1/2b2p1p/2Qp2n1/1Pp2N2/2P4P/5pP1/6K1 w KQkq - 0 1,g1f2 g5e4 f2e3 e4c5 a7d7 c5d7,https://lichess.org/training/cF2uN
cJOQ9,6k1/pp3p2/6p1/2p1Q3/2Pn2qP/1P4P1/P6K/4R3 w KQkq - 0 1,e1e4 d4f3 h2g2 f3e5 e4g4 e5g4,https://lichess.org/training/cJOQ9
cJlUr,6k1/1q3p1p/6p1/2Q5/1n2p1P1/1P2P2P/2bP1KB1/R7 w KQkq - 0 1,a1a7 b4d3 f2g3 d3c5 a7b7 c5b7,https://lichess.org/training/cJlUr
cKfEW,3b2k1/3q4/1pp1b1p1/2P1Q1p1/4N3/7P/7K/5R2 b KQkq - 0 1,d8c7 e4f6 g8h8 f6d7 c7e5 d7e5,https://lichess.org/training/cKfEW
cLejQ,r1b2rk1/2p2ppp/p2b4/1p6/3P2nq/1BP2Q1P/PP3PP1/RNB1RK2 w KQkq - 0 1,e1e4 g4h2 f1e2 h2f3 e4h4 f3h4,https://lichess.org/training/cLejQ
cM95Z,1Q6/pp6/4pr2/3p3P/2p5/2Pk1qP1/1P3n1K/4RR2 w KQkq - 0 1,b8e5 f2g4 h2h3 g4e5 f1f3 e5f3,https://lichess.org/training/cM95Z
cNBbS,4r3/5pk1/5n1p/3P2p1/2pN4/6qP/1P4P1/1B3Q1K b KQkq - 0 1,e8e1 d4f5 g7f8 f5g3 e1f1 g3f1,https://lichess.org/training/cNBbS
cTZQg,8/7n/3rPQ1k/3q4/2p4P/2K5/2P1N3/8 b KQkq - 0 1,h6h5 e2f4 h5g4 f4d5 h7f6 d5f6,https://lichess.org/training/cTZQg
ca3jS,3r1rk1/pbp2pnp/1p4p1/3Nq3/2P1P2P/8/PP1QB1P1/R4RK1 b KQkq - 0 1,e5e4 d5f6 g8h8 f6e4 d8d2 e4d2,https://lichess.org/training/ca3jS
cabPM,5r2/1pp1Q2k/p2p2pp/3q4/4N1P1/4P2P/PPP5/6K1 b KQkq - 0 1,f8f7 e4f6 h7g7 f6d5 f7e7 d5e7,https://lichess.org/training/cabPM
chjE8,1k4r1/ppp2p2/3b1p2/5Q2/3R2nq/4P3/PPP2PB1/R4K2 w KQkq - 0 1,f5f3 g4h2 f1e2 h2f3 d4h4 f3h4,https://lichess.org/training/chjE8
cqpge,r4r1k/pp2b1pp/5p2/5q2/3np2R/3B2QP/PP3PP1/R1B3K1 w KQkq - 0 1,d3e4 d4e2 g1h2 e2g3 e4f5 g3f5,https://lichess.org/training/cqpge
d6UGe,rn2k2r/ppp3pp/8/8/3Pn3/4q2B/PPP3P1/RN1Q1R1K w KQkq - 0 1,f1e1 e4f2 h1g1 f2d1 e1e3 d1e3,https://lichess.org/training/d6UGe
dHWOp,rn4Q1/pbpp4/1p1kpq2/5rN1/3P4/b1P5/P1PB1PPP/R4RK1 b KQkq - 0 1,b8c6 g5e4 d6e7 e4f6 a8g8 f6g8,https://lichess.org/training/dHWOp
dKaam,5k2/pp4p1/2p1bq1p/4N3/3PQ3/1P5P/P5P1/6K1 b KQkq - 0 1,e6d5 e5d7 f8f7 d7f6 d5e4 f6e4,https://lichess.org/training/dKaam
dZ1xo,3r1rk1/pp3ppp/8/3p1Q2/3Bn2q/2P2R2/PPN5/R6K w KQkq - 0 1,f3h3 e4g3 h1h2 g3f5 h3h4 f5h4,https://lichess.org/training/dZ1xo
di8GR,3r2k1/p4pp1/2p2p1p/1p6/2PP1n2/2Q1RPB1/PP4PP/1q4K1 w KQkq - 0 1,e3e1 f4e2 g1f2 e2c3 e1b1 c3b1,https://lichess.org/training/di8GR
dmKYV,2r5/R2bk2p/1pp3p1/3p1pP1/1P1P1P2/2nqP2P/7N/R1Q3K1 w KQkq - 0 1,a1a3 c3e2 g1f1 e2c1 a3d3 c1d3,https://lichess.org/training/dmKYV
dn2oF,8/6nk/3Q2p1/1p5p/4q3/P4N1P/6PK/8 b KQkq - 0 1,g7f5 f3g5 h7g7 g5e4 f5d6 e4d6,https://lichess.org/training/dn2oF
dpEuk,5k2/3b2b1/5q2/1pp1p1NQ/3pP3/1P1P4/2P3PP/6K1 b KQkq - 0 1,d7e8 g5h7 f8e7 h7f6 e8h5 f6h5,https://lichess.org/training/dpEuk
dpvOo,2kr4/ppp5/7p/3qnNp1/8/4QPP1/PP5P/5R1K b KQkq - 0 1,e5c4 f5e7 c8d7 e7d5 c4e3 d5e3,https://lichess.org/training/dpvOo
e12ty,r2r3k/5q2/P7/2N3Qp/6pP/6P1/3n1P2/R3R1K1 w KQkq - 0 1,e1e7 d2f3 g1g2 f3g5 e7f7 g5f7,https://lichess.org/training/e12ty
e1w5x,3r1r2/5pk1/3N1pnp/1pPQ4/5P2/P5PK/R3q2P/8 b KQkq - 0 1,e2e3 d6f5 g7h8 f5e3 d8d5 e3d5,https://lichess.org/training/e1w5x
e2art,1r3k2/p1R3p1/2p2pqp/3p4/3P1Q2/1Pn5/P4PPP/4R1K1 w KQkq - 0 1,c7g7 c3e2 g1f1 e2f4 g7g6 f4g6,https://lichess.org/training/e2art
e3VEU,r4r1k/5Pbp/1p1pQ1p1/p1pP4/P1PqP2P/3n2N1/1P1N1RK1/5R2 w KQkq - 0 1,d2f3 d3f4 g2h2 f4e6 f3d4 e6d4,https://lichess.org/training/e3VEU
e9r3Y,2rb1rk1/1p3ppp/p1q1b3/3NQ3/4P3/2P5/PP1R1PPP/3R2K1 b KQkq - 0 1,d8c7 d5e7 g8h8 e7c6 c7e5 c6e5,https://lichess.org/training/e9r3Y
eH3RN,6k1/p2p3p/6p1/2bqp3/2pnp3/4Q3/PP3PPP/2RR2K1 w KQkq - 0 1,e3c3 d4e2 g1f1 e2c3 d1d5 c3d5,https://lichess.org/training/eH3RN
eH7IF,5r1k/p5p1/2p4p/4N3/1P3qP1/2P5/P3Q1KP/8 b KQkq - 0 1,f8e8 e5g6 h8h7 g6f4 e8e2 f4e2,https://lichess.org/training/eH7IF
eJ6p2,r3n1k1/1pb2ppp/p1p1q2r/P1B1n3/3Q4/1PN1P2P/4BPP1/R2R2K1 w KQkq - 0 1,e2c4 e5f3 g1f1 f3d4 c4e6 d4e6,https://lichess.org/training/eJ6p2
emgf9,r4k2/6p1/pp2pq1p/3bN2Q/3Ppr2/1P4R1/P5PP/4R1K1 b KQkq - 0 1,f4f5 e5d7 f8e7 d7f6 f5h5 f6h5,https://lichess.org/training/emgf9
en2XU,r3k2r/pp1n1ppp/2p1b3/2n1p1B1/2q1P3/5P2/2PQN1PP/1NKR1B1R w KQkq - 0 1,e2f4 c5b3 c1b2 b3d2 f1c4 d2c4,https://lichess.org/training/en2XU
f96wi,r3q1k1/5p1p/p1nQ2p1/Pp1Nr3/1Pp1P3/7P/B4PP1/4R1K1 b KQkq - 0 1,a8d8 d5f6 g8h8 f6e8 d8d6 e8d6,https://lichess.org/training/f96wi
fECXl,1r4k1/p1p2pp1/7p/6n1/6q1/1P2P3/P1P2QP1/3R1RK1 w KQkq - 0 1,d1d4 g5h3 g1h2 h3f2 d4g4 f2g4,https://lichess.org/training/fECXl
fJr9I,2r5/5p1k/3qbNp1/p6p/P1Q5/8/5PPP/3R2K1 b KQkq - 0 1,h7g7 f6e8 g7h6 e8d6 c8c4 d6c4,https://lichess.org/training/fJr9I
fStuf,rn1q1r1k/pp4pp/3bQn2/3p2N1/3P1p2/8/PPP3PP/RNB1K2R b KQkq - 0 1,f8e8 g5f7 h8g8 f7d8 e8e6 d8e6,https://lichess.org/training/fStuf
fXxmg,r6r/Q1pk1pp1/RpR2q2/3p2p1/8/4PN1P/1P3PP1/6K1 b KQkq - 0 1,f6c6 f3e5 d7d6 e5c6 a8a7 c6a7,https://lichess.org/training/fXxmg
fcCPa,r1b2k1r/ppp2ppp/2qp4/2n5/2R1P3/P1B2PP1/1P3Q1P/2K2BNR w KQkq - 0 1,f2d4 c5b3 c1d1 b3d4 c4c6 d4c6,https://lichess.org/training/fcCPa
fmCol,r4k1r/ppp2p2/1Nnp3p/4qb2/4P3/3Q4/PPP1K1PP/R4B1R b KQkq - 0 1,f5e4 b6d7 f8g7 d7e5 e4d3 e5d3,https://lichess.org/training/fmCol
gAFiF,r3k1r1/4pp1p/3p4/p1n3Pp/3QP2P/5q2/1P2N3/K2R1B1R w KQkq - 0 1,h1h3 c5b3 a1b1 b3d4 h3f3 d4f3,https://lichess.org/training/gAFiF
gAvG6,r6r/pp2kppp/8/2Pp1p2/4n3/4P3/Pq2KPPP/2RQ1BNR w KQkq - 0 1,c1c2 e4c3 e2f3 c3d1 c2b2 d1b2,https://lichess.org/training/gAvG6
gL1xo,3r1bk1/6r1/p4n2/1pp2N2/6q1/4B3/PPP2QPP/R4NK1 b KQkq - 0 1,f6e4 f5h6 g8h8 h6g4 e4f2 g4f2,https://lichess.org/training/gL1xo
gO2p0,2k5/p1n2pp1/Pp2p3/1Pp1Pq2/4NPp1/4Q3/7P/7K b KQkq - 0 1,c7d5 e4d6 c8d7 d6f5 d5e3 f5e3,https://lichess.org/training/gO2p0
gR0QH,r1b3k1/1p1p1pp1/p2Q1n1p/3N1q2/2P5/PP4P1/5PKP/4R3 b KQkq - 0 1,f6e4 d5e7 g8h7 e7f5 e4d6 f5d6,https://lichess.org/training/gR0QH
gX9yG,r1b2rk1/pp5p/6p1/2pqNp2/2N5/2QP2nP/PP5R/2KR1B2 w KQkq - 0 1,f1g2 g3e2 c1d2 e2c3 g2d5 c3d5,https://lichess.org/training/gX9yG
gZpvI,8/1p4k1/3r2p1/2qBp1N1/p7/P2Qn3/1P4PP/R6K b KQkq - 0 1,d6d5 g5e6 g7f6 e6c5 d5d3 c5d3,https://lichess.org/training/gZpvI
gd526,3r2k1/5p1p/2q1p1p1/PR1p4/3Q1P2/2n1P2P/P5P1/1R4K1 w KQkq - 0 1,b5c5 c3e2 g1f2 e2d4 c5c6 d4c6,https://lichess.org/training/gd526
ge7g3,r6k/p5p1/2ppbn1p/3p4/3P1N1q/2N2Q2/PPP4P/2KR4 b KQkq - 0 1,e6g4 f4g6 h8h7 g6h4 g4f3 h4f3,https://lichess.org/training/ge7g3
ggXK2,5b2/pp3k2/2p3q1/3p4/3Pb1NQ/2P5/P1P3PP/6K1 b KQkq - 0 1,f8e7 g4e5 f7e6 e5g6 e7h4 g6h4,https://lichess.org/training/ggXK2
gykrB,3r3r/1Q1nkppp/4pn2/qB1pNb2/3P4/1P2P2P/P3KPP1/R6R b KQkq - 0 1,d8b8 e5c6 e7d6 c6a5 b8b7 a5b7,https://lichess.org/training/gykrB
gysIV,8/4bk2/p6p/2p2pP1/2Npq3/1P4P1/P2Q1P2/6K1 b KQkq - 0 1,e7g5 c4d6 f7g6 d6e4 g5d2 e4d2,https://lichess.org/training/gysIV
h3AAi,8/8/1pp1kn2/4p3/8/2P3Q1/2P2P2/3RK2q w KQkq - 0 1,e1d2 f6e4 d2e3 e4g3 d1h1 g3h1,https://lichess.org/training/h3AAi
h4bWZ,3r2k1/1p3p1p/p1q3p1/3NR3/3Q4/1P6/1Pb2PPP/6K1 b KQkq - 0 1,c2b3 d5e7 g8g7 e7c6 d8d4 c6d4,https://lichess.org/training/h4bWZ
hNRBe,r1q1b1k1/6pp/1Qpp1p2/2p2N2/2P3P1/1P3P1P/1B6/4K3 b KQkq - 0 1,a8b8 f5e7 g8f7 e7c8 b8b6 c8b6,https://lichess.org/training/hNRBe
hZ6nH,r2q3k/pQp3p1/7p/2p1N3/4P3/8/PPn3PP/5RK1 b KQkq - 0 1,a8b8 e5f7 h8h7 f7d8 b8b7 d8b7,https://lichess.org/training/hZ6nH
hfEsl,r5k1/ppp2p1p/2n1b1p1/2bqP3/4N3/2Q5/PPP3PP/4RR1K b KQkq - 0 1,c5b4 e4f6 g8g7 f6d5 b4c3 d5c3,https://lichess.org/training/hfEsl
hjYPj,r6k/1pq3pp/1R3pn1/3Q4/3B2P1/2PP4/r4PK1/4R3 w KQkq - 0 1,b6b7 g6f4 g2f1 f4d5 b7c7 d5c7,https://lichess.org/training/hjYPj
hmHnI,6k1/1p3ppp/p3p3/5n2/P1pq1P2/6P1/1PQ1R1KP/8 w KQkq - 0 1,e2d2 f5e3 g2f3 e3c2 d2d4 c2d4,https://lichess.org/training/hmHnI
hrw4j,4rrk1/p4pp1/2p3b1/4N2p/3Pn3/2P1q2P/PP2B1P1/R2QR2K w KQkq - 0 1,e2f3 e4f2 h1g1 f2d1 e1e3 d1e3,https://lichess.org/training/hrw4j
hvsv2,2b5/2r2pk1/1pNp4/pP1P3p/P3PPpP/3QNnP1/1q4K1/2R5 w KQkq - 0 1,c1c2 f3e1 g2f1 e1d3 c2b2 d3b2,https://lichess.org/training/hvsv2
i4HVB,6k1/2p2pp1/p2b1n1p/3q1N2/P3p3/1PQ1B3/5PKP/8 b KQkq - 0 1,d6e5 f5e7 g8h7 e7d5 e5c3 d5c3,https://lichess.org/training/i4HVB
i752M,8/8/5nk1/3p1qp1/2pP4/2P1QP2/4NK2/8 w KQkq - 0 1,e2g3 f6g4 f2e2 g4e3 g3f5 e3f5,https://lichess.org/training/i752M
iEGAo,5bk1/3N1p1p/p5p1/1p1q4/5Q2/7P/P4PPK/8 b KQkq - 0 1,f8d6 d7f6 g8f8 f6d5 d6f4 d5f4,https://lichess.org/training/iEGAo
iJt64,r1bq2k1/5p1p/p5p1/1ppPr3/4N3/3BQ3/PP4PP/2KR4 b KQkq - 0 1,d8d5 e4f6 g8g7 f6d5 e5e3 d5e3,https://lichess.org/training/iJt64
iLwAn,8/pp3pbk/4q1p1/8/4NQP1/P6K/7P/8 b KQkq - 0 1,g7e5 e4g5 h7g8 g5e6 e5f4 e6f4,https://lichess.org/training/iLwAn
iSWF1,r5k1/1pp2pp1/p6p/n2p4/3P4/P1P1QN2/1P1KB1q1/R7 w KQkq - 0 1,a1g1 a5c4 d2e1 c4e3 g1g2 e3g2,https://lichess.org/training/iSWF1
igpFA,2r2k2/1pqbp2p/p2p1ppP/3QP3/3N1P2/8/P1P3P1/2K4R b KQkq - 0 1,d7c6 d4e6 f8g8 e6c7 c6d5 c7d5,https://lichess.org/training/igpFA
iiaV6,2r3k1/1p3p1p/p1qp2p1/8/P2b4/1PnQ4/1B1N1PPP/2R3K1 w KQkq - 0 1,d3d4 c3e2 g1f1 e2d4 c1c6 d4c6,https://lichess.org/training/iiaV6
iyQ0L,5rk1/pp5p/6p1/4pq2/3r2N1/4Q2P/PP3PP1/R5K1 b KQkq - 0 1,d4e4 g4h6 g8h8 h6f5 e4e3 f5e3,https://lichess.org/training/iyQ0L
j36PD,r2q1r2/pQN2pkp/3p2p1/4b3/2B5/5R2/P4PPP/6K1 b KQkq - 0 1,a8b8 c7e6 g7h8 e6d8 b8b7 d8b7,https://lichess.org/training/j36PD
jBZbf,1b2Q2k/1p4p1/p1pq3p/P2p2N1/1P1Pb1B1/2P3RK/5r2/8 b KQkq - 0 1,f2f8 g5f7 h8g8 f7d6 f8e8 d6e8,https://lichess.org/training/jBZbf
jRUWI,8/7k/5pp1/7p/3N4/2qn1P1P/6P1/3Q3K w KQkq - 0 1,d4e2 d3f2 h1g1 f2d1 e2c3 d1c3,https://lichess.org/training/jRUWI
jRype,5rk1/pp3pp1/5b1p/1P1q1N2/5QP1/7P/1P5K/6R1 b KQkq - 0 1,f6e5 f5e7 g8h7 e7d5 e5f4 d5f4,https://lichess.org/training/jRype
jaCHi,2k4r/1pp3p1/4N3/3n4/p5QP/P1P5/1PK2q2/4R3 w KQkq - 0 1,e1e2 d5e3 c2d2 e3g4 e2f2 g4f2,https://lichess.org/training/jaCHi
jiF5I,1r4k1/1p4p1/p2P2np/P1pNp1n1/4q3/4N1Pb/1PPQB2P/3R2K1 w KQkq - 0 1,e2d3 g5f3 g1f2 f3d2 d3e4 d2e4,https://lichess.org/training/jiF5I
jjF8H,r1b1rk2/pp1n1p2/2pp1q2/6NQ/8/3B4/PPPK1PP1/RN6 b KQkq - 0 1,e8e5 g5h7 f8e7 h7f6 e5h5 f6h5,https://lichess.org/training/jjF8H
jjZWc,2r4r/pp1knppp/q3p3/3pP3/1Q6/PN6/1P3PPP/R3K2R b KQkq - 0 1,e7c6 b3c5 d7e8 c5a6 c6b4 a6b4,https://lichess.org/training/jjZWc
jmZ2a,6k1/pp4p1/3N4/2pPp3/P1P4p/1P1nq2P/6P1/3Q3K w KQkq - 0 1,d6f5 d3f2 h1g1 f2d1 f5e3 d1e3,https://lichess.org/training/jmZ2a
jtvRm,2k5/1pp1q3/p3n3/P2Q1Rp1/6P1/7P/2P3K1/8 w KQkq - 0 1,f5e5 e6f4 g2g3 f4d5 e5e7 d5e7,https://lichess.org/training/jtvRm
jyPmt,4k3/1p3pp1/p3p1p1/2qpP3/2n3Pn/1QR2N2/PP3P2/5K2 w KQkq - 0 1,f3h4 c4d2 f1e2 d2b3 c3c5 b3c5,https://lichess.org/training/jyPmt
kHfzT,7k/6p1/3q2np/3p1Q2/1P4P1/5P2/5BK1/8 w KQkq - 0 1,f2c5 g6h4 g2h3 h4f5 c5d6 f5d6,https://lichess.org/training/kHfzT
kJfj4,8/5pp1/3r2kp/3q4/7P/4QPP1/4N1K1/8 b KQkq - 0 1,d6e6 e2f4 g6h7 f4d5 e6e3 d5e3,https://lichess.org/training/kJfj4
kJwvT,2rq1r1k/p5pp/4Q1n1/n5N1/5P2/2P3P1/PP5P/R3K2R b KQkq - 0 1,f8e8 g5f7 h8g8 f7d8 e8e6 d8e6,https://lichess.org/training/kJwvT
kQYhZ,4r1r1/pp1k3p/2b1nQ2/3p4/3P2q1/1N3NP1/PP3PP1/4R1K1 b KQkq - 0 1,g8f8 f3e5 d7d6 e5g4 f8f6 g4f6,https://lichess.org/training/kQYhZ
kR5Lk,8/7k/1p2qP2/p5n1/P1PQ3p/1P5P/4N2K/8 w KQkq - 0 1,e2f4 g5f3 h2g2 f3d4 f4e6 d4e6,https://lichess.org/training/kR5Lk
kX9ER,2r2rk1/pp3ppp/n2p4/3P4/8/2BQ4/PPK1NqPP/1R5R w KQkq - 0 1,h1f1 a6b4 c2b3 b4d3 f1f2 d3f2,https://lichess.org/training/kX9ER
kXHtc,3r4/p3q2p/1pQ2kp1/8/2P2N2/P6P/5PP1/6K1 b KQkq - 0 1,d8d6 f4d5 f6e6 d5e7 d6c6 e7c6,https://lichess.org/training/kXHtc
kXbND,r4k2/p5pp/6p1/3p4/4n3/P1N1q2P/1PP3P1/R2Q3K w KQkq - 0 1,c3d5 e4f2 h1g1 f2d1 d5e3 d1e3,https://lichess.org/training/kXbND
kYDOe,2krr3/ppp4p/6p1/5p2/3n4/2bN3P/qPQ2PPB/R4RK1 w KQkq - 0 1,c2c3 d4e2 g1h1 e2c3 a1a2 c3a2,https://lichess.org/training/kYDOe
kc0sM,3r1rk1/1p2N1p1/p4p1p/2p2Q2/3n3q/5P2/PP3P1P/R4R1K b KQkq - 0 1,g8h8 e7g6 h8g8 g6h4 d4f5 h4f5,https://lichess.org/training/kc0sM
kdfhx,R7/3r1p1p/R2P2pk/1q6/1p1Q4/2n3P1/5P1P/6K1 w KQkq - 0 1,a6b6 c3e2 g1g2 e2d4 b6b5 d4b5,https://lichess.org/training/kdfhx
kmRKM,r3r1kn/2p2p2/p2b1Q2/2pP1NnP/4P1q1/P5P1/4N3/R4RK1 b KQkq - 0 1,g5e4 f5h6 g8h7 h6g4 e4f6 g4f6,https://lichess.org/training/kmRKM
koXw4,4R3/1pp2p1k/6p1/8/1P5p/P1Q2PnP/6P1/3q2K1 w KQkq - 0 1,e8e1 g3e2 g1f1 e2c3 e1d1 c3d1,https://lichess.org/training/koXw4
kp6U3,2r2r2/pQ1b1pkp/3p2p1/2q1p1N1/2P5/1P5P/P4PP1/R4K1R b KQkq - 0 1,d7c6 g5e6 g7g8 e6c5 c6b7 c5b7,https://lichess.org/training/kp6U3
kuV2y,r7/6bk/2b1p1p1/1p1qP2p/1BpPN3/2P1Q1P1/7P/4R1K1 b KQkq - 0 1,g7h6 e4f6 h7g7 f6d5 h6e3 d5e3,https://lichess.org/training/kuV2y
kv0xM,4r2k/p6p/1p1p2p1/4qp2/2P3n1/1P2PQ2/P4PP1/1R1R1K2 w KQkq - 0 1,d1d5 g4h2 f1e2 h2f3 d5e5 f3e5,https://lichess.org/training/kv0xM
kvRIb,r3kb1N/pp3pp1/2n1p2p/2pp4/3PnB2/4P2P/Pq2KPP1/2RQ1B1R w KQkq - 0 1,c1c2 e4c3 e2f3 c3d1 c2b2 d1b2,https://lichess.org/training/kvRIb
kz0HH,3r2k1/6bp/p5p1/3q1p2/3n4/1P2B1P1/P4Q1P/3R1RK1 w KQkq - 0 1,f2f4 d4e2 g1f2 e2f4 d1d5 f4d5,https://lichess.org/training/kz0HH
lQzr3,3q1r2/8/4Q2p/kppBN1b1/4Pp2/P6P/6P1/7K b KQkq - 0 1,f8f6 e5c6 a5a4 c6d8 f6e6 d8e6,https://lichess.org/training/lQzr3
lX5lr,r2qbk1r/pQp1b1pp/2np1n2/4p1N1/4P3/2PP3P/PP1N1PP1/R1B1K2R b KQkq - 0 1,a8b8 g5e6 f8g8 e6d8 b8b7 d8b7,https://lichess.org/training/lX5lr
lavP5,r7/pp1n1N1k/2p5/3p2pB/3Pn3/2P3P1/Pq4PP/R2Q3K w KQkq - 0 1,a1b1 e4f2 h1g1 f2d1 b1b2 d1b2,https://lichess.org/training/lavP5
lbOLW,6k1/1p3pp1/p6p/B2p4/6nq/1P2PQ2/P5B1/5K2 w KQkq - 0 1,a5e1 g4h2 f1e2 h2f3 e1h4 f3h4,https://lichess.org/training/lbOLW
lgJdA,r4kr1/pp6/2pb1q2/3p2N1/1P1P2QP/2P3P1/P4P1K/6R1 b KQkq - 0 1,a8e8 g5h7 f8f7 h7f6 g8g4 f6g4,https://lichess.org/training/lgJdA
ljDGz,7k/6p1/p2r3p/1pN2Q1R/1P1q1pP1/P4P2/2n1P1K1/8 w KQkq - 0 1,c5e6 c2e3 g2h3 e3f5 e6d4 f5d4,https://lichess.org/training/ljDGz
ljdfx,4r1k1/1p4p1/p7/3N2Q1/4q3/1P5P/P4PPK/8 b KQkq - 0 1,e8e5 d5f6 g8f7 f6e4 e5g5 e4g5,https://lichess.org/training/ljdfx
lnyFX,5k2/pp2q1p1/2p2p1p/3p1Q1P/3Pn2N/2P3P1/PP4P1/6K1 b KQkq - 0 1,e4g3 h4g6 f8f7 g6e7 g3f5 e7f5,https://lichess.org/training/lnyFX
lpRLk,2b5/3q1kpp/4pb2/1pQ2p2/3P1P2/3NB2P/1P4P1/6K1 b KQkq - 0 1,f6e7 d3e5 f7e8 e5d7 e7c5 d7c5,https://lichess.org/training/lpRLk
lqly0,4r1k1/1pb2qpp/p1p2n2/2P2NQ1/1P2P3/7P/P5P1/4R1K1 b KQkq - 0 1,e8e5 f5h6 g8f8 h6f7 e5g5 f7g5,https://lichess.org/training/lqly0
lz5K0,2r2k2/5pp1/pp2pq2/3p2N1/1Pr2nQ1/P6P/5P2/R2R2K1 b KQkq - 0 1,f4g6 g5h7 f8e7 h7f6 c4g4 f6g4,https://lichess.org/training/lz5K0
mBvw5,1r2k2r/3p2pp/p3pn2/2Bq1P2/Np6/4Q3/PPP3Pb/3R1RK1 w KQkq - 0 1,g1h2 f6g4 h2h3 g4e3 d1d5 e3d5,https://lichess.org/training/mBvw5
mI1Fz,k5r1/pp3qp1/4R2p/3pQ3/2pP3n/2P5/PP3P2/R3K3 w KQkq - 0 1,e6e7 h4f3 e1f1 f3e5 e7f7 e5f7,https://lichess.org/training/mI1Fz
mMjok,1Q4k1/p4p1p/1pq3p1/5N2/3p3P/3P4/P1P2PPK/4r3 b KQkq - 0 1,e1e8 f5e7 g8g7 e7c6 e8b8 c6b8,https://lichess.org/training/mMjok
mT4b9,4r1k1/pR3pp1/2p2n2/2Pp4/P2P1Q2/5PK1/4q1PP/1R6 w KQkq - 0 1,b1b2 f6h5 g3g4 h5f4 b2e2 f4e2,https://lichess.org/training/mT4b9
mjU5a,8/3k4/2p1p3/3nPp2/2pP4/2P5/2K1RP1q/5Q2 w KQkq - 0 1,f2f3 d5e3 c2b1 e3f1 e2h2 f1h2,https://lichess.org/training/mjU5a
mk5il,6k1/pp3p1p/2r3r1/4p1Q1/8/2PqN2P/PP1n1PP1/3RR1K1 w KQkq - 0 1,g5e5 d2f3 g1h1 f3e5 d1d3 e5d3,https://lichess.org/training/mk5il
nJBLU,2r5/1b3pkp/p3pqp1/1p6/6Q1/3n2N1/PP2R1PP/5BK1 b KQkq - 0 1,d3e5 g3h5 g7f8 h5f6 e5g4 f6g4,https://lichess.org/training/nJBLU
nL3nW,r3r3/pbp2pk1/1p4pp/8/2n3QN/4q3/PPB2RPP/R5K1 b KQkq - 0 1,c4e5 h4f5 g7h8 f5e3 e5g4 e3g4,https://lichess.org/training/nL3nW
nLLPj,4rrk1/5pp1/1p4qp/p1bR1NnN/7Q/1P2P3/P4PPP/R5K1 w KQkq - 0 1,h5f4 g5f3 g1f1 f3h4 f4g6 h4g6,https://lichess.org/training/nLLPj
nMtpN,r4rk1/p4p1p/1p2p1p1/2pq4/3nNP2/3PQ1P1/P1P4P/1R3RK1 b KQkq - 0 1,d4c2 e4f6 g8g7 f6d5 c2e3 d5e3,https://lichess.org/training/nMtpN
nOoCY,r5k1/ppp3p1/1b6/5Q2/2nq4/2N4P/PPK3P1/R4R2 w KQkq - 0 1,a1d1 c4e3 c2b1 e3f5 d1d4 f5d4,https://lichess.org/training/nOoCY
nhiqO,r4k2/3p3p/2nPp3/4Pp2/5P2/PR1Q2P1/KP5P/2qN4 w KQkq - 0 1,b3c3 c6b4 a2b3 b4d3 c3c1 d3c1,https://lichess.org/training/nhiqO
nkHev,r6k/p6p/1p1pRq2/3Q1p2/3P4/3n4/PP3PrP/R5K1 w KQkq - 0 1,g1g2 d3f4 g2f3 f4d5 e6f6 d5f6,https://lichess.org/training/nkHev
np7uz,6k1/1pp1n1p1/p2p3p/6n1/1PP1p1q1/P7/1B3QP1/2N2BK1 w KQkq - 0 1,f1e2 g5h3 g1f1 h3f2 e2g4 f2g4,https://lichess.org/training/np7uz
npQYS,r3r1k1/p4p2/1pR5/3p3q/P2P1Q1p/4PPn1/P2B2P1/5RK1 w KQkq - 0 1,c6h6 g3e2 g1f2 e2f4 h6h5 f4h5,https://lichess.org/training/npQYS
nxzet,3q4/1Q2kp2/3bppb1/2rp4/3N4/5N2/PP6/3K1R2 b KQkq - 0 1,c5c7 d4c6 e7d7 c6d8 c7b7 d8b7,https://lichess.org/training/nxzet
oCVhb,3r1rk1/p2n1pb1/1pNQp1pp/5q2/2P5/1P2B3/P3KP1P/5BR1 b KQkq - 0 1,g7e5 c6e7 g8h7 e7f5 e5d6 f5d6,https://lichess.org/training/oCVhb
oDBDf,r1b1k3/ppp3p1/5qnp/2bp1rNQ/7P/2P3B1/P4PP1/RN2R1K1 b KQkq - 0 1,e8f8 g5h7 f8f7 h7f6 f5h5 f6h5,https://lichess.org/training/oDBDf
oLpKs,8/5ppk/3p3p/Q1p5/4q2P/4n1P1/P3R2K/8 w KQkq - 0 1,a5d2 e3f1 h2g1 f1d2 e2e4 d2e4,https://lichess.org/training/oLpKs
oO3v9,r6r/pp3k2/8/3p1NQ1/4q1P1/B1P4P/P4P1K/8 b KQkq - 0 1,a8g8 f5d6 f7e6 d6e4 g8g5 e4g5,https://lichess.org/training/oO3v9
oSKvu,3q1k1r/p1Nnppbp/2Qp2p1/8/1P2P3/4P2P/P5P1/5RK1 b KQkq - 0 1,d7e5 c7e6 f8g8 e6d8 e5c6 d8c6,https://lichess.org/training/oSKvu
oTFJ7,r4rk1/pb3p1p/1p3Pp1/2P1qn2/3pN3/2PB1Q2/P5KP/R1B2R2 w KQkq - 0 1,c1f4 f5h4 g2g3 h4f3 f4e5 f3e5,https://lichess.org/training/oTFJ7
omGJh,5rk1/pb1N1pbp/1p2p1p1/n6q/B2P1Q2/2N5/PP3PPP/2R3K1 b KQkq - 0 1,g7h6 d7f6 g8h8 f6h5 h6f4 h5f4,https://lichess.org/training/omGJh
onWjf,7k/p5p1/5p1p/1P1Q4/4nq2/1P6/4K1PP/1R6 w KQkq - 0 1,b1f1 e4c3 e2d3 c3d5 f1f4 d5f4,https://lichess.org/training/onWjf
op8Uy,3r3r/ppp1k1pp/2n2p2/8/5P1N/2P1q3/P1Q1B1PP/5R1K b KQkq - 0 1,d8d2 h4f5 e7f8 f5e3 d2c2 e3c2,https://lichess.org/training/op8Uy
osIyM,5rk1/2p2pp1/p6p/2N1Q3/2Pn2q1/3P4/Pr3PPP/4RRK1 w KQkq - 0 1,e1e4 d4f3 g1h1 f3e5 e4g4 e5g4,https://lichess.org/training/osIyM
otBnB,5k2/5p2/1p2nqp1/4N2p/1P2Q3/6P1/5P1P/6K1 b KQkq - 0 1,e6g5 e5d7 f8g7 d7f6 g5e4 f6e4,https://lichess.org/training/otBnB
otGvV,3r2k1/5ppp/1R2p3/2Bn4/3Q1n2/P7/2q2PPP/3R2K1 w KQkq - 0 1,b6b2 f4e2 g1f1 e2d4 b2c2 d4c2,https://lichess.org/training/otGvV
oyO3z,7r/ppkb1Q1p/3qp3/3p4/3P4/2N5/PP4PP/N5K1 b KQkq - 0 1,h8f8 c3b5 c7d8 b5d6 f8f7 d6f7,https://lichess.org/training/oyO3z
p5MgE,8/3Q3p/4p1pk/3nqpN1/7P/6P1/5P2/6K1 b KQkq - 0 1,d5f6 g5f7 h6g7 f7e5 f6d7 e5d7,https://lichess.org/training/p5MgE
p5Q2m,r2r2k1/5p2/2N1p1p1/pp3q2/2p5/2P1Q3/PP3P1P/R5K1 b KQkq - 0 1,d8d3 c6e7 g8f8 e7f5 d3e3 f5e3,https://lichess.org/training/p5Q2m
p864r,8/5pbk/6p1/1p2n3/1P2p3/4P1P1/2RQ1P2/1q3BK1 w KQkq - 0 1,c2c1 e5f3 g1h1 f3d2 c1b1 d2b1,https://lichess.org/training/p864r
pALqG,r6k/ppp2rp1/7p/8/5qnN/2KQ4/PP3PP1/R6R b KQkq - 0 1,g4f2 h4g6 h8h7 g6f4 f2d3 f4d3,https://lichess.org/training/pALqG
pCO57,r2qr2k/pp2b2n/2p1Q3/4N3/3P4/6P1/PP3PP1/2R2RK1 b KQkq - 0 1,e7g5 e5f7 h8g7 f7d8 e8e6 d8e6,https://lichess.org/training/pCO57
pDFpb,4rr1k/pp2p3/3p3p/4q3/5NQ1/8/PPP2P1P/1K1R4 b KQkq - 0 1,f8g8 f4g6 h8h7 g6e5 g8g4 e5g4,https://lichess.org/training/pDFpb
pHwEO,5k2/p3bpp1/1p1p4/2pB2q1/2P2Nn1/3P1QP1/PP5P/6K1 b KQkq - 0 1,g4e5 f4e6 f8g8 e6g5 e5f3 g5f3,https://lichess.org/training/pHwEO
pN7ig,4rr1k/6pp/p7/1p1RN1q1/4Qn2/1P5P/1PP2PP1/R5K1 b KQkq - 0 1,f4d5 e5f7 h8g8 f7g5 e8e4 g5e4,https://lichess.org/training/pN7ig
pTV3n,6k1/3q1p2/4p1p1/4Q3/3nN3/5PPK/7P/8 b KQkq - 0 1,d4c6 e4f6 g8g7 f6d7 c6e5 d7e5,https://lichess.org/training/pTV3n
pWoHw,r2r4/5ppk/pb1p2nN/1p1Pp1q1/2p1P3/2P2QPP/PPB2PK1/R3R3 w KQkq - 0 1,h6f7 g6h4 g2h1 h4f3 f7g5 f3g5,https://lichess.org/training/pWoHw
ppsdq,rnb2k2/ppp2ppp/4p3/8/3Pn3/3BPN2/Pq2KPPP/2RQ3R w KQkq - 0 1,c1c2 e4c3 e2e1 c3d1 c2b2 d1b2,https://lichess.org/training/ppsdq
pspAC,3r2k1/ppp3pp/8/8/2PnqPP1/P2p3P/1P1Q1P1K/R6R w KQkq - 0 1,h1e1 d4f3 h2g3 f3d2 e1e4 d2e4,https://lichess.org/training/pspAC
q5lrW,r4rk1/1p3pp1/p6p/3p2b1/3PPnq1/P1N3B1/1P3QB1/2RR2K1 w KQkq - 0 1,g2f3 f4h3 g1g2 h3f2 f3g4 f2g4,https://lichess.org/training/q5lrW
qEKwA,8/5p2/p5pk/6np/PP4P1/4R2P/2q4K/4Q3 w KQkq - 0 1,e3e2 g5f3 h2g3 f3e1 e2c2 e1c2,https://lichess.org/training/qEKwA
qLes9,1k5r/ppp1b2p/4N2q/3P1Q2/4n3/5R2/P1P3P1/R6K w KQkq - 0 1,f3h3 e4g3 h1g1 g3f5 h3h6 f5h6,https://lichess.org/training/qLes9
qLq54,r1b5/ppp3k1/8/5pP1/2nP1P1q/2PN4/P1K1B1Qp/7R w KQkq - 0 1,h1h2 c4e3 c2d2 e3g2 h2h4 g2h4,https://lichess.org/training/qLq54
qbJGd,5bk1/ppp3pp/8/4N1qn/3PQ3/2P4P/PP1N2P1/7K w KQkq - 0 1,d2f3 h5g3 h1g1 g3e4 f3g5 e4g5,https://lichess.org/training/qbJGd
qbKz2,3r3r/1RN1pk2/5pp1/5n1p/2pq1B2/5Q1P/P1P3K1/5R2 w KQkq - 0 1,c7b5 f5h4 g2h1 h4f3 b5d4 f3d4,https://lichess.org/training/qbKz2
qfdrW,5rk1/5pbp/2NPp1p1/3q4/P2P4/1P2Q1P1/1B1n1P1P/5RK1 b KQkq - 0 1,d2f1 c6e7 g8h8 e7d5 f1e3 d5e3,https://lichess.org/training/qfdrW
qiFGB,7r/pp3p2/2p1pkp1/3pN3/3P1P1r/2P1q1Rp/PP5R/1K3Q2 b KQkq - 0 1,h4f4 e5g4 f6e7 g4e3 f4f1 e3f1,https://lichess.org/training/qiFGB
qkvvC,1r3rk1/p2p1pp1/1p5p/4q3/P1B3QB/5P2/1Pn4P/1R3KR1 w KQkq - 0 1,h4g3 c2e3 f1e2 e3g4 g3e5 g4e5,https://lichess.org/training/qkvvC
qlLmV,r1b2rk1/pp3ppp/3N4/3n4/8/3P1N1P/PqP1B1P1/R2Q1K1R w KQkq - 0 1,a1b1 d5e3 f1e1 e3d1 b1b2 d1b2,https://lichess.org/training/qlLmV
qmalT,r4r1k/1p2q1pp/p4pn1/3Qp3/4P1P1/2P1B2P/PP3PK1/3R1R2 w KQkq - 0 1,e3c5 g6f4 g2h2 f4d5 c5e7 d5e7,https://lichess.org/training/qmalT
qtyNP,r3r2k/ppb3p1/2p1Pp2/3n1B2/3q1PP1/6BP/PPQ1P1K1/R4R2 w KQkq - 0 1,a1d1 d5e3 g2f3 e3c2 d1d4 c2d4,https://lichess.org/training/qtyNP
qulWZ,8/p5rk/4q1p1/7p/P1pQ4/2P2BnP/6P1/3R2K1 w KQkq - 0 1,f3d5 g3e2 g1h1 e2d4 d5e6 d4e6,https://lichess.org/training/qulWZ
qzgsF,rn3k2/pp3p2/2p3pp/5b2/2Pq1NP1/5Q2/PP5P/2K2B1R b KQkq - 0 1,f5e4 f4e6 f8g8 e6d4 e4f3 d4f3,https://lichess.org/training/qzgsF
rAtFK,6k1/p5pp/1pp5/3p4/3P1n2/1NPq1p2/PP3Q2/4R1K1 w KQkq - 0 1,e1e3 f4h3 g1h2 h3f2 e3d3 f2d3,https://lichess.org/training/rAtFK
rBaQA,5B2/pp1k1pp1/2p1p1p1/5nP1/3q4/P4Q2/1PP3K1/7R w KQkq - 0 1,h1d1 f5h4 g2f1 h4f3 d1d4 f3d4,https://lichess.org/training/rBaQA
rK83r,7k/4q1p1/3p3p/1p1Q4/p1nP1NP1/P5KP/8/8 b KQkq - 0 1,c4e3 f4g6 h8h7 g6e7 e3d5 e7d5,https://lichess.org/training/rK83r
rRbwM,r2q3k/pQ4pp/2pN2n1/2P5/PP2p1R1/6P1/4KP2/b7 b KQkq - 0 1,a8b8 d6f7 h8g8 f7d8 b8b7 d8b7,https://lichess.org/training/rRbwM
rVx3X,2rq1b1r/pQ2kppp/4p3/4Nb2/8/2N1P3/PP1P2PP/2BK3R b KQkq - 0 1,c8c7 e5c6 e7e8 c6d8 c7b7 d8b7,https://lichess.org/training/rVx3X
rfyU4,2r2r2/1p3pk1/4pqpp/p2p1n2/5NQ1/8/P4PPP/R2R2K1 b KQkq - 0 1,c8c4 f4h5 g7h8 h5f6 c4g4 f6g4,https://lichess.org/training/rfyU4
rg5ej,2k5/p7/2p1p3/8/P1NPq3/5rP1/3Q1P1P/6K1 b KQkq - 0 1,f3d3 c4d6 c8d7 d6e4 d3d2 e4d2,https://lichess.org/training/rg5ej
rk2gd,2q2rk1/Q2n1ppp/2bb4/5N2/3P4/P3P3/5PPP/4KB1R b KQkq - 0 1,d6b8 f5e7 g8h8 e7c8 b8a7 c8a7,https://lichess.org/training/rk2gd
rlHdV,r1b2rk1/1p3pp1/p2b2qp/2p1n3/P1B4Q/2PP4/1P2NPPP/R1B2RK1 w KQkq - 0 1,e2f4 e5f3 g1h1 f3h4 f4g6 h4g6,https://lichess.org/training/rlHdV
rnTLv,3q1k2/1p4r1/p3Q2p/3n4/8/5PP1/PP4KP/1BR5 w KQkq - 0 1,c1c8 d5f4 g2f2 f4e6 c8d8 e6d8,https://lichess.org/training/rnTLv
rvdsa,8/5pkp/5pp1/pq6/5n2/1PQ4P/5PP1/R5K1 w KQkq - 0 1,a1a5 f4e2 g1h1 e2c3 a5b5 c3b5,https://lichess.org/training/rvdsa
rwmDT,1r3rk1/2p1pqb1/3p1n2/p1nP1NQp/1pP5/1P5P/PB3PP1/1R3RK1 b KQkq - 0 1,c5e4 f5h6 g8h7 h6f7 e4g5 f7g5,https://lichess.org/training/rwmDT
s0eaP,r2q3r/pQp1k1b1/3pb2p/5p1p/3N4/2N5/PPP2PP1/R1B3K1 b KQkq - 0 1,a8b8 d4c6 e7d7 c6d8 b8b7 d8b7,https://lichess.org/training/s0eaP
s2TX9,rn5r/p1Q1bkpp/2b1qn2/8/4P3/2N2P1N/PP4PP/R1B1K2R b KQkq - 0 1,h8c8 h3g5 f7g8 g5e6 c8c7 e6c7,https://lichess.org/training/s2TX9
s2dMf,1k1r4/ppp5/2n2N1p/2q1p3/8/PQ2P3/1P4P1/4R1K1 b KQkq - 0 1,c6a5 f6d7 b8c8 d7c5 a5b3 c5b3,https://lichess.org/training/s2dMf
s4Qng,4r1k1/5p1p/3p2p1/1PpP4/2Pn1P2/2Q4P/q2B2P1/5RK1 w KQkq - 0 1,f1a1 d4e2 g1h2 e2c3 a1a2 c3a2,https://lichess.org/training/s4Qng
s5GOt,8/6k1/2p2p1n/2P2q1p/5P1P/4Q1P1/4B2K/8 w KQkq - 0 1,e2d3 h6g4 h2h3 g4e3 d3f5 e3f5,https://lichess.org/training/s5GOt
s6mat,r3rn2/p4kpp/2p2p2/1p6/3PNQ2/2P4q/PP3P2/R4RK1 b KQkq - 0 1,f8g6 e4g5 f7g8 g5h3 g6f4 h3f4,https://lichess.org/training/s6mat
sChrq,8/7p/p7/1pk1qR2/2p5/3n1Q2/1P4rP/6K1 w KQkq - 0 1,g1g2 d3e1 g2f1 e1f3 f5e5 f3e5,https://lichess.org/training/sChrq
sHpIE,8/5k1p/bp2p1p1/p3B2n/2P1Q3/3B1P1P/P4qP1/7K w KQkq - 0 1,e5d4 h5g3 h1h2 g3e4 d4f2 e4f2,https://lichess.org/training/sHpIE
sTf6O,2n4r/4bkp1/pp2qp2/2p5/5Q2/P3BN2/1PP2KP1/5R2 b KQkq - 0 1,e7d6 f3g5 f7e7 g5e6 d6f4 e6f4,https://lichess.org/training/sTf6O
sUi8M,r3rbk1/pp4p1/3p2pq/2pP4/2n1P1Q1/2N2BB1/PP4K1/R4R2 w KQkq - 0 1,f1h1 c4e3 g2g1 e3g4 h1h6 g4h6,https://lichess.org/training/sUi8M
sWwrH,6k1/1p6/p3p1r1/3p1nNQ/5q2/2R5/P6R/5K2 w KQkq - 0 1,c3f3 f5g3 f1f2 g3h5 f3f4 h5f4,https://lichess.org/training/sWwrH
smqth,r1b1Q1kr/ppp4p/5q2/6n1/5N2/8/P4PPP/R4RK1 b KQkq - 0 1,g8g7 f4h5 g7h6 h5f6 h8e8 f6e8,https://lichess.org/training/smqth
sonGc,2kr4/pp4p1/2p1r1q1/2P2N1p/3P1Q2/8/PP3PPP/R5K1 b KQkq - 0 1,e6f6 f5e7 c8d7 e7g6 f6f4 g6f4,https://lichess.org/training/sonGc
sqSO9,8/3q1kpp/1p6/1P2p3/P2nQ2P/6P1/7K/3R4 w KQkq - 0 1,e4e5 d4f3 h2g2 f3e5 d1d7 e5d7,https://lichess.org/training/sqSO9
suP61,3r2k1/pb3p1p/2p3pB/8/2Nnq3/2Q5/PP3PPP/R5K1 w KQkq - 0 1,a1e1 d4e2 g1f1 e2c3 e1e4 c3e4,https://lichess.org/training/suP61
syOJz,2r2rk1/6p1/p3p1qp/1p2Qpn1/3P4/2PN3P/PP3PP1/R3R1K1 w KQkq - 0 1,d3f4 g5f3 g1f1 f3e5 f4g6 e5g6,https://lichess.org/training/syOJz
t2RBX,3r4/p5k1/7p/4nqp1/3b4/5PN1/Pr2QPKP/3R1R2 b KQkq - 0 1,f5f4 g3h5 g7f7 h5f4 b2e2 f4e2,https://lichess.org/training/t2RBX
t5zQ5,6k1/4p1bp/p2pP1p1/n1pB4/2P5/q2nB1PP/P1QN1PK1/8 w KQkq - 0 1,d2b1 d3e1 g2f1 e1c2 b1a3 c2a3,https://lichess.org/training/t5zQ5
t8AnR,r6k/1p2q1p1/2n2p1p/3Q3P/3P2PN/2P5/P5PK/8 b KQkq - 0 1,a8d8 h4g6 h8h7 g6e7 d8d5 e7d5,https://lichess.org/training/t8AnR
tD1FG,8/2p5/p2k4/1p1q3B/8/P3Q2P/1P1n1PPK/8 w KQkq - 0 1,h5f3 d2f1 h2g1 f1e3 f3d5 e3d5,https://lichess.org/training/tD1FG
tDpLZ,r2qr2k/ppp1p1bp/2bpQnp1/6N1/2NP1P2/2P4P/PP4P1/R1B2RK1 b KQkq - 0 1,c6d5 g5f7 h8g8 f7d8 d5e6 d8e6,https://lichess.org/training/tDpLZ
tOLCm,8/8/R2q3k/1P1p1Q2/2pb2n1/8/1P4P1/6K1 w KQkq - 0 1,g1f1 g4e3 f1e2 e3f5 a6d6 f5d6,https://lichess.org/training/tOLCm
tUJbo,8/p7/kp6/4Q3/2qnN2P/6P1/5P1K/8 w KQkq - 0 1,e4d6 d4f3 h2g2 f3e5 d6c4 e5c4,https://lichess.org/training/tUJbo
tVLZl,N4rk1/pp4pp/3p4/6b1/4P1n1/P1N5/1P1KRq2/R2Q4 w KQkq - 0 1,d2c2 g4e3 c2d3 e3d1 e2f2 d1f2,https://lichess.org/training/tVLZl
tbRio,2kr3r/pp6/6p1/3p3p/6n1/1N1P1B2/Pq4PP/R2QR2K w KQkq - 0 1,a1b1 g4f2 h1g1 f2d1 b1b2 d1b2,https://lichess.org/training/tbRio
tl8G4,3r4/1QN2pk1/p2q1b2/2p2p2/2P2Pp1/1P4P1/P3R1K1/8 b KQkq - 0 1,d8d7 c7e8 g7g6 e8d6 d7b7 d6b7,https://lichess.org/training/tl8G4
tnEYp,5k2/1p1n1p2/p2p2bp/3P2q1/3N4/1PN2Q1P/P5P1/6K1 b KQkq - 0 1,d7e5 d4e6 f8e7 e6g5 e5f3 g5f3,https://lichess.org/training/tnEYp
tpRmO,8/1r4kp/3p1n2/2pP4/2Pqp3/p3N3/P3Q1PP/5R1K b KQkq - 0 1,b7b2 e3f5 g7g8 f5d4 b2e2 d4e2,https://lichess.org/training/tpRmO
tqbxd,1r3bk1/3N1p1p/4p1p1/p7/2PPq3/p6P/3Q1PP1/R5K1 b KQkq - 0 1,b8b2 d7f6 g8g7 f6e4 b2d2 e4d2,https://lichess.org/training/tqbxd
uF0vH,r1br2k1/1p3p1p/2q3p1/2nNP3/p2Q1P2/P5P1/1P5P/3R1RK1 b KQkq - 0 1,c8h3 d5e7 g8g7 e7c6 d8d4 c6d4,https://lichess.org/training/uF0vH
uFLcA,r2qr3/1p4pk/p3Q1n1/6N1/5P2/P2pbPPP/1P6/R2K3R b KQkq - 0 1,h7h6 g5f7 h6h7 f7d8 e8e6 d8e6,https://lichess.org/training/uFLcA
uJ1EB,r4r1k/ppp3p1/7p/4N1q1/4Q3/7P/PP3PP1/3R2K1 b KQkq - 0 1,f8e8 e5f7 h8g8 f7g5 e8e4 g5e4,https://lichess.org/training/uJ1EB
uNJqu,4rr2/4ppkp/2p3p1/p2n4/6Q1/4q1N1/P1P3PP/1R3R1K b KQkq - 0 1,d5f6 g3f5 g7g8 f5e3 f6g4 e3g4,https://lichess.org/training/uNJqu
uRCrq,2k1q3/ppbb4/5QP1/2p1p1p1/P1NpP1p1/3P2P1/1PP4P/6K1 b KQkq - 0 1,c7d8 c4d6 c8b8 d6e8 d8f6 e8f6,https://lichess.org/training/uRCrq
uTBnM,4rr2/1Q4k1/1p4pp/p1q1P3/2nN1P2/8/R5P1/5R1K b KQkq - 0 1,e8e7 d4e6 g7g8 e6c5 e7b7 c5b7,https://lichess.org/training/uTBnM
uVGmV,r4rk1/ppp2p2/7p/3p2p1/3P1nq1/3B1NP1/PPP2Q2/R4RK1 w KQkq - 0 1,f3e5 f4h3 g1g2 h3f2 e5g4 f2g4,https://lichess.org/training/uVGmV
uYQFG,rn3b1r/pp1k1P1p/3pq3/4n3/3QN3/8/PPP3PP/R1B2RK1 b KQkq - 0 1,b8c6 e4c5 d7c8 c5e6 c6d4 e6d4,https://lichess.org/training/uYQFG
uZIu6,6k1/5p1p/6p1/p7/Pp1PB3/1q2P1nP/1B6/2Q3K1 w KQkq - 0 1,e4c2 g3e2 g1f1 e2c1 c2b3 c1b3,https://lichess.org/training/uZIu6
uknws,1k1r3r/N1p2pp1/Q2bp2p/8/1q2b3/4B1P1/PP3P1P/R4RK1 b KQkq - 0 1,e4b7 a7c6 b8c8 c6b4 b7a6 b4a6,https://lichess.org/training/uknws
ulL5y,6k1/R4pp1/3p3p/1p1qnN2/5Q2/2r4P/5PP1/6K1 b KQkq - 0 1,c3c4 f5e7 g8h7 e7d5 c4f4 d5f4,https://lichess.org/training/ulL5y
umP2l,8/ppp5/2kn4/3p4/5Pp1/2P1Q1P1/PP1K2q1/4R3 w KQkq - 0 1,e1e2 d6c4 d2d3 c4e3 e2g2 e3g2,https://lichess.org/training/umP2l
urvRx,r7/pb3pk1/1pp2q1p/3p2p1/6Q1/3P1PN1/PPP2P2/4R1K1 b KQkq - 0 1,b7c8 g3h5 g7g6 h5f6 c8g4 f6g4,https://lichess.org/training/urvRx
v1Zup,7k/1p1N1p1p/p3p3/3p1pQ1/3nqP2/P7/5P1P/5BK1 w KQkq - 0 1,d7f6 d4f3 g1g2 f3g5 f6e4 g5e4,https://lichess.org/training/v1Zup
v5iLE,3r1rk1/pp3ppp/2q1b3/3NB3/3Q2n1/1P6/P1P2PPP/4RRK1 b KQkq - 0 1,g4e5 d5e7 g8h8 e7c6 d8d4 c6d4,https://lichess.org/training/v5iLE
vA2gg,8/5pkp/2p3p1/2Pp4/4p3/qr1nP1P1/2Q2PKP/1R6 w KQkq - 0 1,b1b3 d3e1 g2g1 e1c2 b3a3 c2a3,https://lichess.org/training/vA2gg
vBvma,r5k1/pp3rpp/2p1Q3/3n2q1/2BP4/P5P1/1PP3KP/R3R3 w KQkq - 0 1,e1e5 d5f4 g2g1 f4e6 e5g5 e6g5,https://lichess.org/training/vBvma
vF9gr,r1b2b1r/pp4pp/n1p1kq2/3np3/6Q1/PBN5/1PPP1PPP/R1B2RK1 b KQkq - 0 1,e6d6 c3e4 d6c7 e4f6 c8g4 f6g4,https://lichess.org/training/vF9gr
vGSeg,5r2/pbp2rkp/2p2qp1/3p4/PPP3Q1/3B1PN1/6PP/3R2K1 b KQkq - 0 1,b7c8 g3h5 g7h8 h5f6 c8g4 f6g4,https://lichess.org/training/vGSeg
vUcqK,2b1nk2/2q3bp/p5p1/1p1QP3/5N2/P4P2/6PP/4R2K b KQkq - 0 1,c8b7 f4e6 f8e7 e6c7 b7d5 c7d5,https://lichess.org/training/vUcqK
vbF19,3Q4/p1r4k/4q1p1/2p4p/2P5/P4N2/1P4PP/6K1 b KQkq - 0 1,c7d7 f3g5 h7h6 g5e6 d7d8 e6d8,https://lichess.org/training/vbF19
vdwxV,5k2/6p1/p3p2p/3pN3/3Pnq2/P6P/4Q1P1/6K1 b KQkq - 0 1,e4g3 e5g6 f8f7 g6f4 g3e2 f4e2,https://lichess.org/training/vdwxV
vhyJs,7r/p1kn1Rpp/1pp1p3/B3Pn2/2Pq4/7P/PP2Q1P1/4R2K w KQkq - 0 1,e1d1 f5g3 h1h2 g3e2 d1d4 e2d4,https://lichess.org/training/vhyJs
vx3Bz,5rk1/p1p2ppp/1p6/3n3P/3PnP1q/P3pQ1P/1BP1N3/R4KR1 w KQkq - 0 1,g1g4 e4d2 f1g2 d2f3 g4h4 f3h4,https://lichess.org/training/vx3Bz
vymLy,5rr1/p1pknp2/1p2p2P/3qP2N/3P1QP1/P1P2P2/2P3K1/R7 b KQkq - 0 1,e7g6 h5f6 d7c6 f6d5 g6f4 d5f4,https://lichess.org/training/vymLy
vzxZY,6k1/6p1/1p6/2p1p2n/2P1P3/3Pq2P/8/3R1Q1K w KQkq - 0 1,d1e1 h5g3 h1g2 g3f1 e1e3 f1e3,https://lichess.org/training/vzxZY
w9JDX,8/pq3rkp/2p3p1/2Q5/1nPP4/1P2R3/1K3P1P/4R3 w KQkq - 0 1,e3e7 b4d3 b2c3 d3c5 e7b7 c5b7,https://lichess.org/training/w9JDX
wBmhv,r2r3k/1Q4bp/p1nq2p1/2p3Nn/P7/2N5/1PP3PP/R4RK1 b KQkq - 0 1,a8b8 g5f7 h8g8 f7d6 b8b7 d6b7,https://lichess.org/training/wBmhv
wRs5O,r5k1/5ppp/8/3Pnq2/2Bp4/1P1PnNQP/5R1K/8 w KQkq - 0 1,f3e5 e3f1 h2g2 f1g3 f2f5 g3f5,https://lichess.org/training/wRs5O
wSlhU,rn1q1r1k/pp4p1/2pbQnp1/6N1/3P2PP/5P2/PPP5/R1B1K2R b KQkq - 0 1,f8e8 g5f7 h8g8 f7d8 e8e6 d8e6,https://lichess.org/training/wSlhU
wTW7W,r2r4/1b3Npk/p7/1p1Pp3/4q3/7P/3Q1PP1/R4RK1 b KQkq - 0 1,d8d5 f7g5 h7g8 g5e4 d5d2 e4d2,https://lichess.org/training/wTW7W
wl48J,1Q4k1/1p3ppp/2q5/3N4/4rP2/7P/PPP3P1/7K b KQkq - 0 1,e4e8 d5e7 g8f8 e7c6 e8b8 c6b8,https://lichess.org/training/wl48J
wophd,r6q/pp1b4/3kn1Q1/2p1p1N1/8/3P4/PPP2P2/2KR4 b KQkq - 0 1,a8g8 g5f7 d6e7 f7h8 g8g6 h8g6,https://lichess.org/training/wophd
wpKBh,rnb2b1r/pp2k1pp/4q3/2Q1p3/4N3/8/PPPP1PPP/R1B2RK1 b KQkq - 0 1,e7f7 e4g5 f7g6 g5e6 f8c5 e6c5,https://lichess.org/training/wpKBh
wvNq2,2r3k1/pp3p1p/5p2/8/1qn1P3/1Pp2P2/P1Q1N1PP/1K1RR3 w KQkq - 0 1,d1d4 c4a3 b1c1 a3c2 d4b4 c2b4,https://lichess.org/training/wvNq2
wwKbr,r2r4/5pk1/2p2qpp/pp1p4/2n2NQ1/4P3/P1R2PPP/5RK1 b KQkq - 0 1,c4e5 f4h5 g7f8 h5f6 e5g4 f6g4,https://lichess.org/training/wwKbr
x3125,r5k1/5ppp/4p3/p1Nn4/Q1RP4/4P3/1q2KPPP/8 w KQkq - 0 1,c4c2 d5c3 e2d2 c3a4 c2b2 a4b2,https://lichess.org/training/x3125
xKoko,3rk3/pQ1np2r/2p2p1b/q5pp/P1BPP2P/2PK1PB1/5P2/R6R w KQkq - 0 1,g3c7 d7c5 d3e2 c5b7 c7a5 b7a5,https://lichess.org/training/xKoko
xKxVD,2kr3r/p4p2/2p5/Pp1p1Pn1/3Q2P1/3P3p/1PP1q2B/R4RK1 w KQkq - 0 1,f1f2 g5f3 g1h1 f3d4 f2e2 d4e2,https://lichess.org/training/xKxVD
xQxQQ,r3r3/4kpbQ/p3pqp1/2p5/5P1R/2Np4/PP6/2K1R3 b KQkq - 0 1,e8h8 c3d5 e7f8 d5f6 h8h7 f6h7,https://lichess.org/training/xQxQQ
xSWvs,2rqr2k/pb2b1p1/1p2Q3/3nN3/3P4/PP6/1B3PPP/R3R1K1 b KQkq - 0 1,e7f6 e5f7 h8g8 f7d8 e8e6 d8e6,https://lichess.org/training/xSWvs
xWPZ0,r4rk1/Qbq2pbp/1p1p2p1/3Np1N1/3n2P1/4B3/PP3P1P/3RR1K1 b KQkq - 0 1,c7c6 d5e7 g8h8 e7c6 a8a7 c6a7,https://lichess.org/training/xWPZ0
xZgbD,3k4/ppp3p1/3p3p/6p1/3nP3/P1NP3q/1PPKB3/5rQ1 w KQkq - 0 1,e2f1 d4f3 d2e3 f3g1 f1h3 g1h3,https://lichess.org/training/xZgbD
xb7L5,3qb2k/6p1/3NQ2p/2p1p3/p1P1P3/3P3P/6PK/8 b KQkq - 0 1,e8d7 d6f7 h8g8 f7d8 d7e6 d8e6,https://lichess.org/training/xb7L5
xinta,3r1k2/1p3Ppp/p7/4N3/2P2q2/1P5P/P3Q1P1/7K b KQkq - 0 1,d8d2 e5g6 f8f7 g6f4 d2e2 f4e2,https://lichess.org/training/xinta
xnLT8,r4rk1/ppp2ppp/2qp1b2/3NR3/3Q1B2/8/PPP2PPP/R5K1 b KQkq - 0 1,f6e5 d5e7 g8h8 e7c6 e5d4 c6d4,https://lichess.org/training/xnLT8
xrNtu,8/5pk1/p7/2N4p/1PQ3n1/P5P1/3q1PK1/8 w KQkq - 0 1,c5e4 g4e3 g2h2 e3c4 e4d2 c4d2,https://lichess.org/training/xrNtu
xxUTj,2k4r/pp4b1/6n1/2p1qpP1/3p1N2/3P1Q2/PPP3K1/R4R2 w KQkq - 0 1,a1e1 g6h4 g2g3 h4f3 e1e5 f3e5,https://lichess.org/training/xxUTj
y2pbo,rn1q1r1k/pp4pp/2p1Qn2/2b3N1/8/8/PPPP1PPP/R1B1K2R b KQkq - 0 1,f8e8 g5f7 h8g8 f7d8 e8e6 d8e6,https://lichess.org/training/y2pbo
y5xKh,2r2r2/pp5k/6pP/1n1B4/6P1/2P1qP2/P1QR4/1K5R w KQkq - 0 1,d2d3 b5a3 b1b2 a3c2 d3e3 c2e3,https://lichess.org/training/y5xKh
yK2iK,7r/1Q1bkp2/p1pqpb2/3p2p1/8/3B1KNP/2P2PP1/4R3 b KQkq - 0 1,h8b8 g3f5 e7f8 f5d6 b8b7 d6b7,https://lichess.org/training/yK2iK
yKOdy,r4rk1/2QN1p2/4p1p1/pp1q3p/3P1P2/P1P5/1P4PP/5RK1 b KQkq - 0 1,f8c8 d7f6 g8g7 f6d5 c8c7 d5c7,https://lichess.org/training/yKOdy
yKVL1,7r/1p1n1pk1/p2p2pq/2pPp3/2P1P1Q1/1P4N1/P3KP2/R7 b KQkq - 0 1,d7f6 g3f5 g7f8 f5h6 f6g4 h6g4,https://lichess.org/training/yKVL1
yL5A6,2Q5/5pk1/3qpNp1/3p1nPp/1p1P1P2/4P2P/P7/6K1 b KQkq - 0 1,f5e7 f6e8 g7f8 e8d6 e7c8 d6c8,https://lichess.org/training/yL5A6
yQTdr,7r/Q3bkp1/1rq5/5b2/2N1p2p/2P5/PP3PPP/R4RK1 b KQkq - 0 1,b6a6 c4e5 f7f6 e5c6 a6a7 c6a7,https://lichess.org/training/yQTdr
yYih8,r1b3k1/pp2qRp1/6P1/3pp3/PPnQ2P1/8/1BB3KP/8 w KQkq - 0 1,d4d5 c4e3 g2g3 e3d5 f7e7 d5e7,https://lichess.org/training/yYih8
yf0Lu,4r3/1p2k1q1/p2pn3/2pPpQ2/2P3N1/8/PP2KP2/7R w KQkq - 0 1,h1h7 e6d4 e2d3 d4f5 h7g7 f5g7,https://lichess.org/training/yf0Lu
yodHD,r4rk1/p1p2ppp/8/1ppq4/3n1Q2/3B3P/P4PP1/R1B2RK1 w KQkq - 0 1,d3e4 d4e2 g1h2 e2f4 e4d5 f4d5,https://lichess.org/training/yodHD
yqaYK,r4k2/pp1b2b1/3n1q2/3pp1NQ/3P4/2P5/PP4PP/R1B3K1 b KQkq - 0 1,d7e8 g5h7 f8e7 h7f6 e8h5 f6h5,https://lichess.org/training/yqaYK
ytecM,r2qr2k/pbp1b1pp/1p2Qn2/6N1/3P1B2/2P5/P1P2PPP/3RR1K1 b KQkq - 0 1,b7d5 g5f7 h8g8 f7d8 d5e6 d8e6,https://lichess.org/training/ytecM
yvwbA,r2q1k2/p4pp1/2Q5/2Pp2r1/3bpN2/6Pp/PP5P/R4R1K b KQkq - 0 1,a8c8 f4e6 f8g8 e6d8 c8c6 d8c6,https://lichess.org/training/yvwbA
z80Qa,4rk2/1br2pb1/p4q2/1p4NQ/2p4P/P1P2P2/1P4P1/1B3R1K b KQkq - 0 1,e8e5 g5h7 f8e7 h7f6 e5h5 f6h5,https://lichess.org/training/z80Qa
zGqFS,8/1p5k/4N1p1/p1b1P2p/4qP2/1P2P3/P4Q1K/8 b KQkq - 0 1,c5e3 e6g5 h7g7 g5e4 e3f2 e4f2,https://lichess.org/training/zGqFS
zHuv2,8/pb2Q2k/1p4pp/3q1r2/4p1N1/7P/6P1/4R2K b KQkq - 0 1,f5f7 g4f6 h7g7 f6d5 f7e7 d5e7,https://lichess.org/training/zHuv2
zb8Cu,8/5pkp/4p1p1/2p1P3/3n1QP1/3q2KP/8/4R3 w KQkq - 0 1,e1e3 d4e2 g3f3 e2f4 e3d3 f4d3,https://lichess.org/training/zb8Cu
ze1hH,r6r/pQ1bkppp/3q1n2/3p4/3Np3/2P5/PP1N2PP/R3R1K1 b KQkq - 0 1,h8b8 d4f5 e7f8 f5d6 b8b7 d6b7,https://lichess.org/training/ze1hH
zfdek,r4rk1/ppp4p/3p2pP/3Nnp2/4P1q1/8/PPP2QP1/2KR3R b KQkq - 0 1,f5e4 d5f6 g8h8 f6g4 f8f2 g4f2,https://lichess.org/training/zfdek
zfzqp,r4rk1/1bpp1pp1/p1q4p/QpbN4/4P3/3B4/P1P2PPP/1R3RK1 b KQkq - 0 1,c5b6 d5e7 g8h8 e7c6 b6a5 c6a5,https://lichess.org/training/zfzqp
zlkE3,5rk1/Q2n1ppp/2q5/2r1pN2/P7/6P1/5P1P/R4RK1 b KQkq - 0 1,f8a8 f5e7 g8f8 e7c6 a8a7 c6a7,https://lichess.org/training/zlkE3
zpyqb,r6k/ppB1NRpp/8/8/3p2n1/3Q4/PPP3PP/2q4K w KQkq - 0 1,f7f1 g4f2 h1g1 f2d3 f1c1 d3c1,https://lichess.org/training/zpyqb
zwHMm,2r2rk1/1p4p1/p6p/3N1q2/3Qp3/8/PP3PPP/3R2K1 b KQkq - 0 1,f8d8 d5e7 g8f7 e7f5 d8d4 f5d4,https://lichess.org/training/zwHMm
zwNYW,r3k2r/p4ppp/2p2n2/3q2B1/Np2p3/4Q3/PPP2PPK/R4R2 w KQkq - 0 1,f1d1 f6g4 h2g1 g4e3 d1d5 e3d5,https://lichess.org/training/zwNYW