02Clu,8/1pN2pk1/p5p1/8/1b6/3n1Q2/PP3nPP/6RK w KQkq - 0 1,f3f2 d3f2,https://lichess.org/training/02Clu
0AfKR,2r2k2/1b3Pp1/pq4Qp/3B4/5N1P/1Pp3P1/P6K/5R2 b KQkq - 0 1,b6g6 f4g6,https://lichess.org/training/0AfKR
0IxtE,r1bqkb1r/3npppp/p1Np1n2/1p1N4/4P3/5P2/PPP3PP/R1BQKB1R b KQkq - 0 1,d8c7 d5c7,https://lichess.org/training/0IxtE
0Kr9j,2kr4/ppp3pQ/3q1p2/P2p4/5n2/2N2b2/1PP2P1P/R4RK1 w KQkq - 0 1,h7h3 f4h3,https://lichess.org/training/0Kr9j
18tzl,r1b3rk/ppq2Nbp/2n3pN/2p5/8/2P5/1P1P1PPP/R1B1R1K1 b KQkq - 0 1,c7f7 h6f7,https://lichess.org/training/18tzl
19Wtx,5q2/pp4k1/2p1p3/3pP2p/3nb1p1/2P1B1P1/PP2Q1KP/3R1R2 w KQkq - 0 1,g2g1 d4e2,https://lichess.org/training/19Wtx
1DWP0,r1b2rkn/pp2qp1p/2p3NP/8/4n3/3P2P1/PPP2PB1/R1Q1K2R b KQkq - 0 1,e4g3 g6e7,https://lichess.org/training/1DWP0
1FIBJ,r1b1nrk1/1p1nq1p1/p2bppN1/2pp3Q/P2P3P/2P1P1B1/1P1N1PP1/R3K2R b KQkq - 0 1,d6g3 g6e7,https://lichess.org/training/1FIBJ
1R5yr,r4rk1/pp3pp1/4pn1p/1qb2b2/N1Pn3P/1B5N/PP1BQPP1/2KR3R w KQkq - 0 1,c4b5 d4e2,https://lichess.org/training/1R5yr
1WbLp,rn4rk/pp3Npp/2p2q2/4Np1n/3p1Bb1/P2B4/1PP2PPP/R3K2R b KQkq - 0 1,f6f7 e5f7,https://lichess.org/training/1WbLp
1cBO2,3b2k1/5ppp/8/4p3/3nP1PP/qP1Q4/p1r1NP2/K2RR3 w KQkq - 0 1,d3c2 d4c2,https://lichess.org/training/1cBO2
1e0Bw,rnb3qk/pp3Qp1/1np2N1p/4B1N1/3P4/7P/PPP2KP1/R6R b KQkq - 0 1,g8f7 g5f7,https://lichess.org/training/1e0Bw
1mfZm,r1b5/pp3k1p/2p3p1/8/2P1nP2/1P6/P3QnPP/RN4RK w KQkq - 0 1,e2f2 e4f2,https://lichess.org/training/1mfZm
24JWL,4rrk1/2pqnpp1/pb2p2p/1p1pN3/1P2bB2/1QP1P2P/P4PP1/3RKB1R b KQkq - 0 1,e7g6 e5d7,https://lichess.org/training/24JWL
2NQ7v,r4rk1/pp3p2/2n1bP1Q/1n4p1/3q2N1/3P2b1/PPP3PP/R6K b KQkq - 0 1,d4f6 g4f6,https://lichess.org/training/2NQ7v
2OcjH,2r2rk1/pp3pBp/8/3p1N2/4pP2/1P5n/P2Q1nPP/R5RK w KQkq - 0 1,d2f2 h3f2,https://lichess.org/training/2OcjH
2VCih,6kr/p4pp1/2qBp3/7p/1PP3n1/6n1/P3QP2/3R1R1K w KQkq - 0 1,h1g1 g3e2,https://lichess.org/training/2VCih
2jxkB,rnb1kb1r/1p1n1ppp/pq2p3/PN1pP1B1/3p4/5N2/1PPQ1PPP/R3KB1R b KQkq - 0 1,b6c7 b5c7,https://lichess.org/training/2jxkB
32iri,5rk1/5ppp/2r5/p3p3/1pp1P3/6Pn/PP2QnBP/RN4RK w KQkq - 0 1,e2f2 h3f2,https://lichess.org/training/32iri
35NA5,3r2rk/p4qpp/1p6/2b1Np2/P5Q1/6PP/6PK/1R3R2 b KQkq - 0 1,f5g4 e5f7,https://lichess.org/training/35NA5
3PBsj,r3nkr1/1ppb1qbR/p3p1Q1/3pPpN1/3P1N2/P2B2P1/1PP2PK1/7R b KQkq - 0 1,f7g6 f4g6,https://lichess.org/training/3PBsj
3T7a0,rn3rk1/ppp1qpp1/3p1n1p/3N1bB1/2B4Q/5N2/PPP2PPP/2KR4 b KQkq - 0 1,h6g5 d5e7,https://lichess.org/training/3T7a0
3tpg3,r3k2r/ppp1qppp/8/3P1N2/2p1n3/3n4/PP1QBPPP/R4KNR w KQkq - 0 1,f5e7 e4d2,https://lichess.org/training/3tpg3
3uO9H,rr4k1/p4p1N/2p1pPpQ/3p4/3q1P2/8/2P3PP/5R1K b KQkq - 0 1,d4f6 h7f6,https://lichess.org/training/3uO9H
3xnUl,r4k1r/ppp2ppp/2n3q1/8/3P1n2/3B1N1b/PP2QP1P/RN4KR w KQkq - 0 1,d3g6 f4e2,https://lichess.org/training/3xnUl
4JmT0,3r3Q/P4p2/6p1/6k1/2P1pn2/4PqPp/5P1P/5RK1 w KQkq - 0 1,h8h3 f4h3,https://lichess.org/training/4JmT0
4LEMl,r4rk1/pp2bppp/2bNp3/4P3/5n2/6Pq/PP2QPBP/R1B2RK1 w KQkq - 0 1,g2h3 f4e2,https://lichess.org/training/4LEMl
4Xu07,r3kb1r/pp3ppp/2p5/3Pp3/2P1P3/2N3Nn/PP2QnPP/R1B3RK w KQkq - 0 1,e2f2 h3f2,https://lichess.org/training/4Xu07
4bUT1,rn1qkb1r/pb1p1p1p/1pp3p1/3NP1B1/2P1n3/5N2/PP3P1P/R2QKBR1 b KQkq - 0 1,d8c7 d5c7,https://lichess.org/training/4bUT1
4q0B3,6rk/pp6/2p1p2p/3p4/4n3/2P5/PPQ2n1P/R5RK w KQkq - 0 1,c2f2 e4f2,https://lichess.org/training/4q0B3
5IuU6,r1bq1rk1/1p3pn1/p1n2Np1/3N4/4p1P1/4P1b1/PPP1BP2/R2QK2R b KQkq - 0 1,d8f6 d5f6,https://lichess.org/training/5IuU6
5a0r9,r2r3k/1pp1qN1p/p1nN1p2/4p3/7P/2PQ4/PP3P2/1K1R2R1 b KQkq - 0 1,e7f7 d6f7,https://lichess.org/training/5a0r9
5cJhF,1r2r1k1/p1p2ppp/2p1b3/3nP3/3P2P1/2qQB2P/1pP2P2/1K2RB1R w KQkq - 0 1,d3c3 d5c3,https://lichess.org/training/5cJhF
5hxTt,r5rk/1b3Nbp/5qpN/p1pp4/1p6/3B4/P1P2PPP/1R3RK1 b KQkq - 0 1,f6f7 h6f7,https://lichess.org/training/5hxTt
62ayb,r1b2rk1/1p3p1p/p2p2p1/8/2P1pP1N/NP4Pn/P3QnBP/R5RK w KQkq - 0 1,e2f2 h3f2,https://lichess.org/training/62ayb
64QNj,r3k2r/pb1p1pp1/3q4/2p4p/1p2P1nP/2P2NQK/PP2NnP1/R4B1R w KQkq - 0 1,g3f2 g4f2,https://lichess.org/training/64QNj
6YPmE,2r1r1k1/1p3p2/p5p1/3p4/3n4/P4qQp/1P3P2/R4RKN w KQkq - 0 1,g3f3 d4f3,https://lichess.org/training/6YPmE
6YSjX,3N2rk/1q3Nbp/p5p1/1p6/1P2Pp2/2n4P/5PPK/R7 b KQkq - 0 1,b7f7 d8f7,https://lichess.org/training/6YSjX
70Xgg,5r2/R3n3/2p3kp/1p2qp2/7Q/1P3N1P/P4P2/6K1 b KQkq - 0 1,e7d5 f3e5,https://lichess.org/training/70Xgg
786Zc,r3r1k1/ppp2ppp/8/7q/2Pn2b1/4BN1P/P3QPP1/R4RK1 w KQkq - 0 1,h3g4 d4e2,https://lichess.org/training/786Zc
7IkMv,r2qkb1r/1p3ppp/p4n2/8/2P1p1Q1/1P1p4/PB1P1PPP/RN3RK1 w KQkq - 0 1,b1c3 f6g4,https://lichess.org/training/7IkMv
7Pejw,r1bq2kr/pp1pQp1p/5n1B/1p3N2/8/8/PPP2PPP/R3K2R b KQkq - 0 1,d8e7 f5e7,https://lichess.org/training/7Pejw
7XYK1,r4rk1/pRpn1p1p/3p2p1/8/4P2q/3PB1n1/P1PNQ1P1/4NRK1 w KQkq - 0 1,e1f3 g3e2,https://lichess.org/training/7XYK1
7bqB9,4q1rk/1p2N1pn/p1pp2Q1/4p1P1/4P3/P2PB3/1PP3K1/5R2 b KQkq - 0 1,e8g6 e7g6,https://lichess.org/training/7bqB9
7pvMd,1r6/4ppkp/3p2p1/3P4/4P3/2r4n/1p1NQnPP/1R2N1RK w KQkq - 0 1,e2f2 h3f2,https://lichess.org/training/7pvMd
7tnbX,5qrk/p2R1Qbp/1p3p1N/2p5/2P3P1/1P5K/P4P1P/8 b KQkq - 0 1,f8f7 h6f7,https://lichess.org/training/7tnbX
81oTj,2r3k1/3q2b1/1p1p1pp1/pNnPp3/P3Pn2/1P2B2P/2B1QPP1/2R3K1 w KQkq - 0 1,f2f3 f4e2,https://lichess.org/training/81oTj
8MJJD,r2krn1N/p1q2Qp1/2pPBb1p/4p3/8/8/PpP3PP/1K5R b KQkq - 0 1,c7f7 h8f7,https://lichess.org/training/8MJJD
8TyKQ,r3kb1r/p2bpppp/8/2pnP3/1qp1NP2/1P2Q3/P2B2PP/R3K1NR w KQkq - 0 1,d2b4 d5e3,https://lichess.org/training/8TyKQ
8iB5t,r4Nk1/ppp2pp1/8/2b1p3/2B2nPq/3P4/PPPQnPP1/RNB2RK1 w KQkq - 0 1,d2e2 f4e2,https://lichess.org/training/8iB5t
8jDPO,r1bBk3/ppp2p1p/7Q/1P1P4/6n1/2Ppn3/P3NbrP/RN3K1R w KQkq - 0 1,h6e3 g4e3,https://lichess.org/training/8jDPO
8o3Mm,r4rk1/1pp1Rppp/p2p4/6n1/2B5/5nNq/PP3P2/R1BQ2K1 w KQkq - 0 1,d1f3 g5f3,https://lichess.org/training/8o3Mm
8qWCR,r1b1kb1r/ppN1pppp/8/qN6/1n2n3/8/P1P2PPP/R1BQKB1R b KQkq - 0 1,a5c7 b5c7,https://lichess.org/training/8qWCR
97Bx2,r4rk1/p3qpp1/4bn1p/2pN2B1/7Q/8/PPP2PPP/R3R1K1 b KQkq - 0 1,h6g5 d5e7,https://lichess.org/training/97Bx2
9Xx5G,1r4k1/5pp1/4p3/3p4/2b1n2p/4P3/5qPP/4Q1RK w KQkq - 0 1,e1f2 e4f2,https://lichess.org/training/9Xx5G
ANgMJ,r4rk1/1pp2p2/p1n2NpQ/3Np2p/2Pn2bq/7P/PP3P2/2KR1B1R b KQkq - 0 1,h4f6 d5f6,https://lichess.org/training/ANgMJ
AUUoc,r1b1k2r/5ppp/p7/1p1pP3/2p2P2/2P4n/PPB2nPP/RNB1Q1RK w KQkq - 0 1,e1f2 h3f2,https://lichess.org/training/AUUoc
B545y,r3kr2/1b1n1pQB/p3N3/3pq1B1/1pn5/8/PPP1NPPb/4RR1K b KQkq - 0 1,e5g7 e6g7,https://lichess.org/training/B545y
B6z1y,r1b1kbnr/1pqppppp/p1n5/2pN4/2P5/6P1/PP1PPPBP/R1BQK1NR b KQkq - 0 1,c6d8 d5c7,https://lichess.org/training/B6z1y
BGP1U,r4rk1/pp2qpp1/8/3N3R/3Pn3/3B4/PPQ2PP1/2K5 b KQkq - 0 1,a8c8 d5e7,https://lichess.org/training/BGP1U
BJUf8,8/8/8/P7/4b1P1/4bnkP/8/3Q3K w KQkq - 0 1,d1e1 f3e1,https://lichess.org/training/BJUf8
BT3Gw,r1b1kb1r/ppN1pppp/2q2n2/1N6/8/8/PPP2PPP/R1BQR1K1 b KQkq - 0 1,c6c7 b5c7,https://lichess.org/training/BT3Gw
BbL96,r1b3rk/pp3Nbp/1n4pN/2p1P3/5qP1/1P5P/1BP5/1K1R2R1 b KQkq - 0 1,f4f7 h6f7,https://lichess.org/training/BbL96
Bc5cB,r2qk2r/pp5p/2pb1nN1/3p3Q/3PpP2/4P3/PP4PP/R1B2RK1 w KQkq - 0 1,g6h8 f6h5,https://lichess.org/training/Bc5cB
CEpvu,r5rk/p2nqNbp/2p3pN/1p2p2n/4P3/8/PPP2PPP/R1BR2K1 b KQkq - 0 1,e7f7 h6f7,https://lichess.org/training/CEpvu
COkWb,rn3rk1/pp2qpb1/5npp/2pN2N1/5Pb1/1B1P4/PPPQ4/R1B2K1R b KQkq - 0 1,h6g5 d5e7,https://lichess.org/training/COkWb
CnzM1,5rk1/p5pp/2p5/8/1PP1n3/8/P1N1QnPP/6RK w KQkq - 0 1,e2f2 e4f2,https://lichess.org/training/CnzM1
CyQY2,r1bqk2r/1pp2ppp/p3p3/3p4/1nPP4/1Pn1PN2/P2N1PPP/R2QKB1R w KQkq - 0 1,d1c2 b4c2,https://lichess.org/training/CyQY2
DJBCC,rn4kr/1p1b1p1N/3q1NpQ/p3p3/P1B2nP1/3P1P2/1PP5/R3K2R b KQkq - 0 1,d6f6 h7f6,https://lichess.org/training/DJBCC
DMePs,2kr2nr/pbp2pp1/1p2p3/7p/1PPnP3/P1N1qP2/2Q1N1PP/R3KB1R w KQkq - 0 1,a1d1 d4c2,https://lichess.org/training/DMePs
DQ0Gg,6rk/p3qNpp/1p4p1/6Nn/P2P4/2P5/1P1K1P2/8 b KQkq - 0 1,e7f7 g5f7,https://lichess.org/training/DQ0Gg
DXxFd,r4rk1/1b1p1ppp/p2Pp3/1p4q1/5n1n/1B3NP1/PB2QP1P/1R3RK1 w KQkq - 0 1,f3g5 f4e2,https://lichess.org/training/DXxFd
Dtn8X,3r2k1/pp2Bpp1/7p/3p4/2r5/1NP2N1n/PP2QnPP/3R2RK w KQkq - 0 1,e2f2 h3f2,https://lichess.org/training/Dtn8X
DvTqW,r1b1kr2/1p1Rnp1p/p3pQp1/4q3/4N3/2N5/PP3PPP/4KB1R b KQkq - 0 1,e5f6 e4f6,https://lichess.org/training/DvTqW
E0OdE,r7/pp2pkbp/3p2p1/3P4/2N2Pb1/2Pn4/PPQ2nPP/R1B3RK w KQkq - 0 1,c2f2 d3f2,https://lichess.org/training/E0OdE
E2caZ,5Q2/3N1pk1/p1p2qp1/3p3p/8/1P3P2/P1P3r1/1K1Rr3 b KQkq - 0 1,g7h7 d7f6,https://lichess.org/training/E2caZ
EJCSp,r1bq1rk1/1p3p2/1p1p1NpQ/3Np3/3n4/1P1P4/P4PPP/R3K2R b KQkq - 0 1,d8f6 d5f6,https://lichess.org/training/EJCSp
EaRQc,4kr2/ppr5/3BP3/2PB4/1P1bn3/6Qp/P7/4RK2 w KQkq - 0 1,d6f8 e4g3,https://lichess.org/training/EaRQc
EihRB,4r1k1/1b2bpp1/p6p/1p2pP2/3B2P1/P5n1/1P2QN1P/3R1R1K w KQkq - 0 1,h1g1 g3e2,https://lichess.org/training/EihRB
ElfDa,8/1p4pk/p6p/4n3/4P3/B3QpPP/P2R1P1K/5q2 w KQkq - 0 1,e3f3 e5f3,https://lichess.org/training/ElfDa
Eq5AN,2r2rk1/p4ppp/1p6/6B1/3P2P1/1Rn4q/P1P1QP2/3R2K1 w KQkq - 0 1,d1d3 c3e2,https://lichess.org/training/Eq5AN
ExzfU,r4rk1/1b3n1R/p2p1Np1/2pNn1q1/1p2P3/1PQ5/P1P1p3/1K4R1 b KQkq - 0 1,g5f6 d5f6,https://lichess.org/training/ExzfU
FGVAZ,3b1qrk/pp3Npp/2pNpn2/4p3/8/8/PP3PPP/3RR1K1 b KQkq - 0 1,f8f7 d6f7,https://lichess.org/training/FGVAZ
FL6NZ,rnb3rk/pp1p1Npp/2pN1q2/8/7b/2P5/PP1P1PPP/R1B2RK1 b KQkq - 0 1,f6f7 d6f7,https://lichess.org/training/FL6NZ
FSxvP,6k1/5pp1/4p1p1/3p4/1p1n4/1P3qPP/P3Q1RK/2r5 w KQkq - 0 1,e2f3 d4f3,https://lichess.org/training/FSxvP
FcmwQ,r1b2rk1/2p2p2/p2pqBpQ/3Np2p/2p1P3/3P3P/PP1K1PP1/n6R b KQkq - 0 1,e6f6 d5f6,https://lichess.org/training/FcmwQ
Fm0vW,6bk/2pR4/1q4Np/5p2/2P1nN2/1P2R2P/P3K1P1/8 b KQkq - 0 1,b6g6 f4g6,https://lichess.org/training/Fm0vW
G7Ssg,7r/5pkp/1Q1p2p1/pN1Pp1q1/P1p1n3/2P2P2/5n1P/1R2R2K w KQkq - 0 1,b6f2 e4f2,https://lichess.org/training/G7Ssg
GMCoN,r2n1rk1/ppp1qp2/3p1n1Q/2b1pN2/4P3/3P1bP1/PPP2P1P/RN3RK1 b KQkq - 0 1,f6h5 f5e7,https://lichess.org/training/GMCoN
GgCTp,r1bq1rkb/pppnNp1n/3p3Q/3N4/4P3/7P/PPP2PP1/R3KB1R b KQkq - 0 1,d8e7 d5e7,https://lichess.org/training/GgCTp
GjrtY,r1bqkb1r/3n1ppp/p1Npp3/1p1N4/4P3/8/PPP2PPP/R1BQK2R b KQkq - 0 1,d8c7 d5c7,https://lichess.org/training/GjrtY
GkFJm,5r1k/6bp/P2P2p1/3Q4/1P6/2N1PpPq/5P1n/R2R2K1 w KQkq - 0 1,d5f3 h2f3,https://lichess.org/training/GkFJm
H6ZqZ,r1b1kn1r/p1q1bp2/2p2n1p/3Np1p1/B3P3/P3BN2/2P2PPP/R2QK2R b KQkq - 0 1,c8b7 d5c7,https://lichess.org/training/H6ZqZ
HRvuP,rk1n1N1r/pp1qpQ2/3p1p1p/4p3/4P3/8/PB3PPP/R1R3K1 b KQkq - 0 1,d8f7 f8d7,https://lichess.org/training/HRvuP
HXv3L,r4rk1/1p3p2/2p3p1/1p1n1N2/5qQ1/3R3P/PP3PP1/R5K1 w KQkq - 0 1,g4f4 d5f4,https://lichess.org/training/HXv3L
HbsAU,r1bq1rk1/ppp2pnR/2n2Qp1/4p1N1/1P1bN3/P2B4/2PB2PP/7K b KQkq - 0 1,d8f6 e4f6,https://lichess.org/training/HbsAU
How4b,rn2kb2/pp2np2/2p2Q1p/4P3/2p1Np1q/8/PP4PP/3R3K b KQkq - 0 1,h4f6 e4f6,https://lichess.org/training/How4b
ILUmh,r1bqkb1r/3npppp/p1Np1n2/1p1N4/4P3/4B3/PPP2PPP/R2QKB1R b KQkq - 0 1,d8c7 d5c7,https://lichess.org/training/ILUmh
IMpei,rb3rk1/pb3ppp/1p2p3/1N6/3Qn3/P4n2/1P3qPP/R1BBR2K w KQkq - 0 1,d4f2 e4f2,https://lichess.org/training/IMpei
IPcMx,r1b3rk/pp2qNbp/6p1/2P2pN1/1P6/4P1P1/P4P1P/2B2R1K b KQkq - 0 1,e7f7 g5f7,https://lichess.org/training/IPcMx
IR49P,7k/4r3/p2p1p2/3Pb1p1/N1p1n1Bn/7P/1q2PQ2/R5RK w KQkq - 0 1,a4b2 e4f2,https://lichess.org/training/IR49P
IkG0V,4r1rk/p4Npp/8/3pN3/3P4/3K4/PP3q2/R1B1R3 b KQkq - 0 1,f2f7 e5f7,https://lichess.org/training/IkG0V
IniD5,2k1r3/1p5p/1q4nQ/1N3R2/4n3/2P5/P2r2PP/4RK2 w KQkq - 0 1,h6d2 e4d2,https://lichess.org/training/IniD5
IwGPT,4qrk1/4Np1p/2N1n1p1/pr3b2/4n3/1P2P3/PQ3PPP/R2R2K1 b KQkq - 0 1,e8e7 c6e7,https://lichess.org/training/IwGPT
Iy2b0,r2Bk2r/ppp2pp1/8/5b2/N1np3P/4nPb1/PPP1P1B1/R1Q2KNR w KQkq - 0 1,c1e3 c4e3,https://lichess.org/training/Iy2b0
J8DRA,r1b2rk1/2q2ppp/p4B2/1pb1p3/4P3/2NB2QP/PPP1n1PN/R4RK1 w KQkq - 0 1,g1h1 e2g3,https://lichess.org/training/J8DRA
Jem1j,r1b2k2/5ppp/2n5/p1p5/2P1q3/Pp3N2/1P1Q1PPP/R4RK1 w KQkq - 0 1,d2d8 c6d8,https://lichess.org/training/Jem1j
JsI9q,6k1/p4pp1/b1p1p2p/4P3/2pPB1P1/P1n4q/1r1BQP2/1R4K1 w KQkq - 0 1,b1b2 c3e2,https://lichess.org/training/JsI9q
KAe8V,rnb3rk/2q2Npp/2p4N/1p3pB1/p7/2P5/PP2BKPP/3R4 b KQkq - 0 1,c7f7 h6f7,https://lichess.org/training/KAe8V
KC6gH,r6k/ppq2NbB/2pN3p/2n3pP/5p2/2P5/PPQ2PP1/2Kb3R b KQkq - 0 1,c7f7 d6f7,https://lichess.org/training/KC6gH
KNd2i,4rrk1/pp3p2/6p1/2pN1bb1/8/BPN3Qn/P2P1nBP/R5RK w KQkq - 0 1,g3f2 h3f2,https://lichess.org/training/KNd2i
KWQe3,2r1kb1r/pb1q1ppp/1pn1pn2/1B6/Q2N4/2N1P3/PP3PPP/R1B2RK1 w KQkq - 0 1,a4a7 c6a7,https://lichess.org/training/KWQe3
KZ1jK,r2q2kr/pp3p2/2p2N1B/4n1PN/7b/3P1P1b/PP1Qn1RP/R4K2 b KQkq - 0 1,d8f6 h5f6,https://lichess.org/training/KZ1jK
KfMic,r3kb2/ppqn1p2/2p2B1p/3NPprQ/3P4/8/PP3P1P/R4R1K b KQkq - 0 1,g5h5 d5c7,https://lichess.org/training/KfMic
Kg38O,r3kr2/ppqn1pQp/2p1N1b1/4b1B1/8/6P1/PPP2PBP/R3R1K1 b KQkq - 0 1,e5g7 e6c7,https://lichess.org/training/Kg38O
KzkNY,r3kbnr/ppp2ppp/3p1qb1/4p3/2B1P1PP/2N2Q2/PPP2P2/R1B1K2R w KQkq - 0 1,f3f6 g8f6,https://lichess.org/training/KzkNY
L71D9,rr2q3/2p1k1p1/3p1n1p/p2PpP2/B5P1/P1n1P2P/2PNQ3/2KR3R w KQkq - 0 1,a4e8 c3e2,https://lichess.org/training/L71D9
LQGgE,r4rk1/1b4bp/pB2p1p1/4P3/5n2/1P5Q/2P1N2P/R2R3K w KQkq - 0 1,h1g1 f4h3,https://lichess.org/training/LQGgE
LVGnE,r4rk1/pp3pp1/1qp4p/3pPb2/4nP2/2N3P1/PP1QPKBP/R3R3 w KQkq - 0 1,f2f1 e4d2,https://lichess.org/training/LVGnE
LYdvB,2r3rk/pbq2Q2/1p2p2p/2bpN1pN/8/2PB4/PP3PPP/R4RK1 b KQkq - 0 1,c7f7 e5f7,https://lichess.org/training/LYdvB
Lrc70,r2qk1nr/4bpp1/p3p2p/2ppP3/1p1n1P2/3P1N1P/PPPBQ1P1/1NKR3R w KQkq - 0 1,g2g4 d4e2,https://lichess.org/training/Lrc70
M0gq1,r4rk1/4ppbp/6p1/1B2P3/P1N3n1/1R3Q2/1P3nPP/2B3RK w KQkq - 0 1,f3f2 g4f2,https://lichess.org/training/M0gq1
M1ejg,rn4k1/1pp2p2/p2pqNbQ/8/2B1P1N1/8/PPP5/2K5 b KQkq - 0 1,e6f6 g4f6,https://lichess.org/training/M1ejg
M7R8p,2r1kr2/7p/1p1qb1p1/p4pQ1/PnPpn3/BP4P1/5PBP/R1N2RK1 w KQkq - 0 1,c1d3 e4g5,https://lichess.org/training/M7R8p
ME9LB,r1b3kr/ppppqp1p/5n1B/5N2/4P1n1/3B4/PPP2QPP/RN2K2R b KQkq - 0 1,g4f2 f5e7,https://lichess.org/training/ME9LB
MFtok,r1bq1rk1/1pp1Np2/p2p3Q/5N1P/3bP2n/1B6/PPP2P1P/R4RK1 b KQkq - 0 1,d8e7 f5e7,https://lichess.org/training/MFtok
MKZkJ,2r3rk/pp5p/3p1b2/3P4/3Rq1n1/P4NPb/1P2BQ1P/6RK w KQkq - 0 1,d4e4 g4f2,https://lichess.org/training/MKZkJ
MNe5B,r1b3rk/pp1pqNbp/6pN/8/2B1P3/8/PP2K1PP/7R b KQkq - 0 1,e7f7 h6f7,https://lichess.org/training/MNe5B
MUsIF,4rr1k/p4p1p/1p4p1/2p2n2/P2b1RQ1/3P2qP/BPP3P1/R1B2K2 w KQkq - 0 1,g4g3 f5g3,https://lichess.org/training/MUsIF
MWyJ9,r6k/pp3ppB/2p5/8/2P5/N5Nn/P3QnPP/6RK w KQkq - 0 1,e2f2 h3f2,https://lichess.org/training/MWyJ9
Mf9A0,r3r1k1/1p3ppp/8/p7/P1p3n1/6P1/1P1Q1nBP/R1B3RK w KQkq - 0 1,d2f2 g4f2,https://lichess.org/training/Mf9A0
MgjWq,r1bq1r2/1pp5/p2k2p1/2bpp3/P2n3p/2NPB3/1PP1QPPP/R4RKN w KQkq - 0 1,c3d1 d4e2,https://lichess.org/training/MgjWq
MmshO,r5r1/p2kn1Np/1p1q1Qp1/3Nn3/4P3/8/PP3PPP/2RR2K1 b KQkq - 0 1,d6f6 d5f6,https://lichess.org/training/MmshO
Mo3j9,r1bqkb1r/3npppp/p1Np1n2/1p1N4/4P3/7P/PPP2PP1/R1BQKB1R b KQkq - 0 1,d8c7 d5c7,https://lichess.org/training/Mo3j9
Mqyf2,kr6/q5p1/p1b1P1p1/3BP2p/Q2n1N1P/8/P1n5/K2R3R w KQkq - 0 1,a4c2 d4c2,https://lichess.org/training/Mqyf2
MuNG2,r5rk/p4Npp/1pn2q1N/4p3/4P3/8/PP4PP/3nR1K1 b KQkq - 0 1,f6f7 h6f7,https://lichess.org/training/MuNG2
NLMym,1r1N3k/5q1p/3p4/p1pP1pQ1/2P1p3/6P1/P2B1P1P/br3BK1 b KQkq - 0 1,a1f6 d8f7,https://lichess.org/training/NLMym
NZtrI,3rr1k1/pp3pb1/2p2qp1/8/2P2R2/PQNbP3/1P1n1PP1/2KR4 w KQkq - 0 1,f4f6 d2b3,https://lichess.org/training/NZtrI
NaQAH,6rk/p4Npp/1p6/n4nNq/8/8/PP3PPP/4R1K1 b KQkq - 0 1,h5f7 g5f7,https://lichess.org/training/NaQAH
NauEn,1R6/P5kp/8/2nq1pp1/2PP4/3Q1KPP/6P1/4r3 w KQkq - 0 1,f3f2 c5d3,https://lichess.org/training/NauEn
OAyCU,r1b1kb1N/ppp3pp/5n2/7n/4q3/1B2P1K1/PP1P1PPP/RNBQ3R w KQkq - 0 1,d1h5 f6h5,https://lichess.org/training/OAyCU
OCzc1,2r5/p4Q2/1pk1N3/3pP3/1P1N4/P7/1q6/3K4 b KQkq - 0 1,b2d4 e6d4,https://lichess.org/training/OCzc1
OPg6x,1r4rk/n4Npp/3N1q2/2p5/P4P2/8/1P3PBP/R4bK1 b KQkq - 0 1,f6f7 d6f7,https://lichess.org/training/OPg6x
ORenO,1r2kb1r/2qn1ppp/p2pN3/1p1b2B1/5P2/3B1Q2/PPP3PP/2KRR3 b KQkq - 0 1,d5f3 e6c7,https://lichess.org/training/ORenO
OcN5B,1nkrn2r/1ppbqp2/pb1p4/3PpN2/PPP1P1pp/8/2BN1PPP/R1BQ1RK1 b KQkq - 0 1,g4g3 f5e7,https://lichess.org/training/OcN5B
OoPXE,r3r1k1/1pp2p2/1b3B1p/6pn/P1B4P/2P2PQ1/3q4/R4R1K w KQkq - 0 1,h4g5 h5g3,https://lichess.org/training/OoPXE
OsnBu,1k4r1/p2Q4/1p6/2pP4/2P3qP/2P1nRP1/P4K2/8 w KQkq - 0 1,d7g4 e3g4,https://lichess.org/training/OsnBu
OxgPZ,1r1q3r/1pp3p1/p1n2kp1/3QnpN1/7P/2N1P3/PPP2PP1/2KR3R b KQkq - 0 1,d8d5 c3d5,https://lichess.org/training/OxgPZ
PYJ1x,r3nrk1/ppp1Np2/1b1p3Q/4pNqb/2B1P3/3P3P/PPn2PP1/R4RK1 b KQkq - 0 1,g5e7 f5e7,https://lichess.org/training/PYJ1x
PoCP0,r4rk1/ppp2pbp/6p1/3N4/2P1P3/1P5n/PBQ2nPP/R5RK w KQkq - 0 1,c2f2 h3f2,https://lichess.org/training/PoCP0
PuaBk,r1bk1q1r/p2p1Q2/2pN1p1p/1pn5/5B2/2NB4/PP3PPK/R3R3 b KQkq - 0 1,f8f7 d6f7,https://lichess.org/training/PuaBk
QJG3t,r4rk1/pbpp1p2/1p1q1PpQ/3Np3/1nPbP3/3P2P1/PP2N1BP/R6K b KQkq - 0 1,d6f6 d5f6,https://lichess.org/training/QJG3t
QLyd7,r1b2rk1/pp4bp/2p1p1p1/6B1/4P3/2Pn1N2/PPQ2nPP/RN4RK w KQkq - 0 1,c2f2 d3f2,https://lichess.org/training/QLyd7
QgKPr,3r1rk1/2p1nppp/p3n3/1pq1P3/4N3/2P2N2/PPQ2PPP/R3R1K1 b KQkq - 0 1,c5e5 f3e5,https://lichess.org/training/QgKPr
Qiw2z,r1b1k2r/pp1p1p2/3Bp2p/6p1/1qPn4/2n5/P1QNPPPP/R3KB1R w KQkq - 0 1,d6b4 d4c2,https://lichess.org/training/Qiw2z
Qk9F1,3r1rk1/ppp2ppp/2p5/2P5/6b1/4n1Q1/PPPN1PqP/R3KR2 w KQkq - 0 1,g3g2 e3g2,https://lichess.org/training/Qk9F1
Qv0bl,5q2/3N1P1k/p3pQ2/3p4/3P2P1/8/p1P2PK1/4r3 b KQkq - 0 1,a2a1q d7f8,https://lichess.org/training/Qv0bl
Qy0AI,r1bb2rk/1p2qN1p/1np1p1pB/p3N2n/P2PP3/3B4/1PQ2PPP/3R1RK1 b KQkq - 0 1,e7f7 e5f7,https://lichess.org/training/Qy0AI
RBhJ5,r1bqkb1r/3n1pp1/p1Npp2p/1p1N4/4P3/4B3/PPP2PPP/R2QK2R b KQkq - 0 1,d8c7 d5c7,https://lichess.org/training/RBhJ5
REXvW,r1q1kb1r/1pN1p3/p1n3p1/1N2n2p/8/1Q6/PP4PP/R1BR2K1 b KQkq - 0 1,c8c7 b5c7,https://lichess.org/training/REXvW
RdTTD,5r1k/pq6/1p2p3/8/8/1BP3Qn/P4n1P/5RK1 w KQkq - 0 1,g3h3 f2h3,https://lichess.org/training/RdTTD
RePr7,6k1/p4p1p/1p2pBp1/4P2r/2q2n2/P2r4/4QPP1/2R2RK1 w KQkq - 0 1,c1c4 f4e2,https://lichess.org/training/RePr7
RioOl,r3r1k1/2p2ppp/1bp5/p2p4/P3nP2/1B1Q2qP/1PP3P1/R1B2K1R w KQkq - 0 1,d3g3 e4g3,https://lichess.org/training/RioOl
RwLTn,r2k1b1r/p1pn2pp/1pqpQp1n/8/3N4/2P1P1B1/PP1N1PPP/R3K2R b KQkq - 0 1,d7c5 d4c6,https://lichess.org/training/RwLTn
RzyvA,r3k2r/ppp2pp1/8/4N1Pp/5n2/3P3q/PP2nP2/R2QNRK1 w KQkq - 0 1,d1e2 f4e2,https://lichess.org/training/RzyvA
S2Inm,2kr3r/ppp2pp1/6q1/2bbN3/7p/2PP2n1/PP2QP1P/RNB2RK1 w KQkq - 0 1,e5g6 g3e2,https://lichess.org/training/S2Inm
SF35f,r3q1rk/5Nbp/1p4pN/p2P4/b1Pp2P1/6BP/1P3P2/4R1K1 b KQkq - 0 1,e8f7 h6f7,https://lichess.org/training/SF35f
SHqHN,r2q1rk1/ppp2p2/1b1p2nQ/4p2N/2P1P3/5n2/PPP2PPP/R4R1K b KQkq - 0 1,d8f6 h5f6,https://lichess.org/training/SHqHN
SJAm8,1k6/nPp5/P1q2p2/2Np4/3P4/2P4K/4n1r1/5R2 b KQkq - 0 1,c6d7 c5d7,https://lichess.org/training/SJAm8
SsJZ8,r1b2rk1/pp3p2/3p4/6B1/B1p2P2/5Q1n/PPP2nPP/R5RK w KQkq - 0 1,f3f2 h3f2,https://lichess.org/training/SsJZ8
TA4Nb,rn1Rkbnr/ppp3pp/4b3/4q1B1/4P3/5N2/PPP2PPP/4KB1R b KQkq - 0 1,e8f7 f3e5,https://lichess.org/training/TA4Nb
TDxpS,rnb2r1k/pp2q2p/1n2P2p/3p1N2/8/2B5/PPP3PP/2KR1B1R b KQkq - 0 1,h8g8 f5e7,https://lichess.org/training/TDxpS
TR6iN,r5rk/1bq2Nbp/p2N1p2/2P5/3B1p2/P7/6PP/2R2RK1 b KQkq - 0 1,c7f7 d6f7,https://lichess.org/training/TR6iN
TRmI1,rnb3kr/pp2np2/2p1pNpQ/3P1q2/2P3N1/8/PP2BPPP/R4RK1 b KQkq - 0 1,f5f6 g4f6,https://lichess.org/training/TRmI1
TjXA0,r1bqk2r/pp2bppp/4pn2/2p5/2PnP3/2N4P/PPQ1NPP1/R1B1KB1R w KQkq - 0 1,c1e3 d4c2,https://lichess.org/training/TjXA0
Tukcy,4rr1k/1pp5/p3q2p/3p1pp1/PP1P3n/NBPn4/5Q1P/4R1RK w KQkq - 0 1,e1e6 d3f2,https://lichess.org/training/Tukcy
UJvtK,r5nk/5R2/p3p1Qp/1p2N1p1/2pPq3/P1P3PP/1P4P1/6K1 b KQkq - 0 1,e4g6 e5g6,https://lichess.org/training/UJvtK
UMQ0t,r1b2rk1/pppnqpp1/3p1n1p/2bNp1B1/2B1P2Q/3P1N2/PPP2PPP/R3K2R b KQkq - 0 1,h6g5 d5e7,https://lichess.org/training/UMQ0t
UN8tB,rn1q1rk1/pp3ppp/8/2pQ1b2/1bP5/2N1PNn1/PP1BBPPP/R3K2R b KQkq - 0 1,d8d5 c3d5,https://lichess.org/training/UN8tB
UNeWV,r4k2/2pb2p1/p4qQp/1p6/1N5N/1B5P/PP3PP1/4R1K1 b KQkq - 0 1,f6g6 h4g6,https://lichess.org/training/UNeWV
URdaX,2rr2k1/p2N1p2/1p2pPpQ/5q2/8/P7/1P3PPP/5RK1 b KQkq - 0 1,f5f6 d7f6,https://lichess.org/training/URdaX
Ur7Rj,1k1rb2r/2pnbppp/QpN1q3/3pN3/3P4/8/PPPB1PPP/2KR3R b KQkq - 0 1,e6c6 e5c6,https://lichess.org/training/Ur7Rj
V1sik,r4rk1/ppp2ppp/6b1/3BN3/1P1n2P1/P6q/3NnP2/R2Q1RK1 w KQkq - 0 1,d1e2 d4e2,https://lichess.org/training/V1sik
VP85d,r2qkb1r/p2n1ppp/1pN2n2/1Npp4/Q2P4/4P3/PP3PPP/R1B1K2R b KQkq - 0 1,d8c7 b5c7,https://lichess.org/training/VP85d
VRm7X,r3qrk1/pb1nNp1p/1p1p2p1/3N4/2P5/1P1BP3/P4PPP/Q3K2R b KQkq - 0 1,e8e7 d5e7,https://lichess.org/training/VRm7X
VgXJ8,r4rk1/1pp2pp1/p7/2p1p2p/4Pn1q/P2P1Q2/BPPNnPN1/R4RK1 w KQkq - 0 1,f3e2 f4e2,https://lichess.org/training/VgXJ8
Vgkix,r1b2rk1/2ppq1p1/p3p1N1/bp5Q/3P4/2P5/PP3PPP/R3K2R b KQkq - 0 1,c8b7 g6e7,https://lichess.org/training/Vgkix
VhVTQ,r3kB1r/pppq3p/4b1p1/4pp2/2Pn4/1PnP4/P2N1PPP/R2QKBNR w KQkq - 0 1,d1c2 d4c2,https://lichess.org/training/VhVTQ
VqdpC,r5k1/1pp3bp/4b3/p1P1p1q1/1P2P3/PN2n2n/2B2QKP/R1B1R3 w KQkq - 0 1,g2h1 h3f2,https://lichess.org/training/VqdpC
Vqhrf,N4rk1/p5pp/5p2/3p2n1/5QN1/4PnPq/1PR2P2/R5K1 w KQkq - 0 1,f4f3 g5f3,https://lichess.org/training/Vqhrf
W0b5P,r1b1kb1r/5p1p/p1N1pQp1/1p1pq3/4N3/P2BP1P1/1PP2PP1/R3K2R b KQkq - 0 1,e5f6 e4f6,https://lichess.org/training/W0b5P
W7Oru,r1b1k2r/ppp2ppp/4pq2/3p4/1nPP4/PPn1P3/3N1PPP/1RBQKB1R w KQkq - 0 1,d1c2 b4c2,https://lichess.org/training/W7Oru
WCSj6,2b1r1k1/p4ppp/8/2Q5/6n1/P3q1Pn/4P2P/2R1RK1B w KQkq - 0 1,c5e3 g4e3,https://lichess.org/training/WCSj6
WRXY3,r1b1q2k/ppp1pQb1/2np1N2/6Np/3P1B1P/2P1P3/PP3PP1/R3K2R b KQkq - 0 1,e8f7 g5f7,https://lichess.org/training/WRXY3
WV860,6k1/1b3p1p/1p4p1/p2p4/5P2/1Pqn1B2/P4Q1P/6RK w KQkq - 0 1,f3g2 d3f2,https://lichess.org/training/WV860
WZ9sD,4rrk1/7p/6pQ/3p1N2/p1b5/P1B1qP2/1P4PP/6RK b KQkq - 0 1,e3h6 f5h6,https://lichess.org/training/WZ9sD
Whtr3,r1bq1rk1/4Np2/p6Q/1ppNp3/4P1n1/1B1P2b1/PPP2PP1/R3K3 b KQkq - 0 1,d8e7 d5e7,https://lichess.org/training/Whtr3
WxZAv,rq2k1r1/pb1nn2p/1p1QN1p1/1N4p1/2P1P1P1/8/PP3P2/R3KB1R b KQkq - 0 1,b8d6 b5d6,https://lichess.org/training/WxZAv
X27hH,rnk4r/1b1pqpb1/1B1Q1n2/pN2p2p/P3P1p1/1N6/1PP1BPPP/R2R2K1 b KQkq - 0 1,e7d6 b5d6,https://lichess.org/training/X27hH
X71gv,r1bk3r/ppppqQ1p/3N3p/2b5/2B5/3P4/PP3P1P/4RK2 b KQkq - 0 1,e7f7 d6f7,https://lichess.org/training/X71gv
X9cJT,8/6bk/6pp/2p2p2/3p2n1/5NP1/Q4PKP/4qB2 b KQkq - 0 1,g4e5 f3e1,https://lichess.org/training/X9cJT
XD5qW,r4rk1/pp3pp1/n3p1qp/3p1P2/4P1n1/P1N3N1/1PQ3PP/3R1RK1 b KQkq - 0 1,g6h5 g3h5,https://lichess.org/training/XD5qW
Xgv5m,3r1rk1/4nppp/p7/1pq2b2/3nN3/5N2/PP2QPPP/R1K4R w KQkq - 0 1,e4c5 d4e2,https://lichess.org/training/Xgv5m
YjWUk,r5rk/1p3Npp/2p5/p3N2q/3Pn3/P3B2P/1P3PP1/R3R1K1 b KQkq - 0 1,h5f7 e5f7,https://lichess.org/training/YjWUk
YntZ4,2kr3r/1pp1b1p1/p2p3p/PP1Pp3/2PnN1P1/2NP1pPq/5P2/R1BQ1RK1 w KQkq - 0 1,d1f3 d4f3,https://lichess.org/training/YntZ4
YoTwI,rn4kr/ppp1qp1p/3b1n1B/5N2/3N1Q2/2P5/PP3PPP/R4K1R b KQkq - 0 1,d6f4 f5e7,https://lichess.org/training/YoTwI
YsDZ4,8/pp4k1/8/3pp1p1/5n2/1P2N2q/P3nP2/2RQ1RK1 w KQkq - 0 1,d1e2 f4e2,https://lichess.org/training/YsDZ4
Yy1ap,1rb2rk1/p4p2/2p2PpQ/1p3p1p/1P1qN3/P5PP/2P3BK/5R2 b KQkq - 0 1,d4f6 e4f6,https://lichess.org/training/Yy1ap
ZDnVy,r4q1k/p1pp1Qp1/bp3N1r/n3P1NP/3P2P1/8/P2K1Pn1/R6R b KQkq - 0 1,f8f7 g5f7,https://lichess.org/training/ZDnVy
ZPNTA,r4rk1/ppp2pp1/2b4p/4B3/2P5/1P4nP/P3QP1N/R4R1K w KQkq - 0 1,h1g1 g3e2,https://lichess.org/training/ZPNTA
ZfKGC,r1b1k2r/p4ppp/2p5/1p1p4/4n3/1BP2Q2/PP3nPP/RNB3RK w KQkq - 0 1,f3f2 e4f2,https://lichess.org/training/ZfKGC
ZmEvi,r3r1k1/5pp1/p6B/1p6/6n1/2N2Q2/PPP2nPP/6RK w KQkq - 0 1,f3f2 g4f2,https://lichess.org/training/ZmEvi
ZzWtY,5rk1/1p3ppp/1q2p3/3p1n2/1P3P2/P5nP/2P3PN/R3QR1K w KQkq - 0 1,e1g3 f5g3,https://lichess.org/training/ZzWtY
a1lww,r5k1/pp1q1ppp/3b2r1/3p1N2/3N1P2/2P1P2n/PP2Qn1P/R1B1R2K w KQkq - 0 1,e2f2 h3f2,https://lichess.org/training/a1lww
aKGQt,r5kr/pppqNp1p/3p1n1B/1b1N4/3nP3/8/PPP2PPP/R3K2R b KQkq - 0 1,d7e7 d5e7,https://lichess.org/training/aKGQt
aOYPv,r4rk1/1b1p1pnp/p3pqp1/1p2P1N1/3n2P1/1B6/PP2QP1P/R4RK1 w KQkq - 0 1,e5f6 d4e2,https://lichess.org/training/aOYPv
aXaX0,1rr5/2Qnqp2/1p2pnNp/2p3p1/2PP1k2/5P2/P5PP/4RRK1 b KQkq - 0 1,f4f5 g6e7,https://lichess.org/training/aXaX0
ab1U7,r2qk1nr/ppp2pbp/6p1/4p3/2PnP1b1/2N1BN2/PPQ2PPP/R3KB1R w KQkq - 0 1,f3d2 d4c2,https://lichess.org/training/ab1U7
aeiiq,2r1r1k1/5qpP/p7/1p4N1/2p5/P3P3/1P3PP1/K2R3R b KQkq - 0 1,g8h8 g5f7,https://lichess.org/training/aeiiq
alqU9,r4b2/2p2kp1/1p3P2/pN1p2rp/PnP4P/1PB1P1nq/4QP2/R4RK1 w KQkq - 0 1,h4g5 g3e2,https://lichess.org/training/alqU9
apOrS,r3kb1r/pp1b1p2/4p3/3pPn1p/5PpP/P5n1/1P4PN/R1BNQ1RK w KQkq - 0 1,e1g3 f5g3,https://lichess.org/training/apOrS
b56cO,5rk1/1pp3pp/3p3r/3P3b/p1P1QP2/P1B1P1n1/1P4R1/1N2R1Kq w KQkq - 0 1,g1f2 g3e4,https://lichess.org/training/b56cO
b7Q01,r1b1k2r/pp2bp1p/4p1p1/2p1PP2/1q1n1P2/1PNP1Q1P/P1p1NB2/R3KB1R w KQkq - 0 1,a1c1 d4f3,https://lichess.org/training/b7Q01
bFEDn,r5kr/ppp1qp1p/4bn1B/3p1NQ1/5bnP/2PP4/PP3PB1/R4KNR b KQkq - 0 1,f4g5 f5e7,https://lichess.org/training/bFEDn
bHAuO,r1b1B2r/ppp1n1kN/5qpQ/3pn3/8/4B3/P4PPP/bN3RK1 b KQkq - 0 1,g7g8 h7f6,https://lichess.org/training/bHAuO
cCSeG,1rb1r2k/pp2bQpp/2p2N2/3qN3/3P4/3B3P/PP3PP1/4RRK1 b KQkq - 0 1,d5f7 e5f7,https://lichess.org/training/cCSeG
cV9ZF,r1bqk2r/ppp1b1pp/4pn2/5pB1/2Pn4/2N5/PPQ1PPPP/R3KBNR w KQkq - 0 1,a1d1 d4c2,https://lichess.org/training/cV9ZF
cm4zT,4r1rk/5Qbp/p5p1/1p1q2N1/3P3P/1P2P3/1P4P1/R4RK1 b KQkq - 0 1,d5f7 g5f7,https://lichess.org/training/cm4zT
d0A3r,r3kb1r/pp3pp1/4p3/2ppP3/3n1PNq/3P1N2/PPP1n1P1/R1BQ1RK1 w KQkq - 0 1,d1e2 d4e2,https://lichess.org/training/d0A3r
d2SRM,r4r2/pp2q1bk/2p1b1N1/2npp2Q/P2p1P2/8/1P2N1PP/R1B2RK1 b KQkq - 0 1,h7g8 g6e7,https://lichess.org/training/d2SRM
dB956,4r1k1/1bpQ1pp1/1p1pr2p/p4N2/2P1P3/5P2/P2q2PP/5RK1 b KQkq - 0 1,d2d4 f5d4,https://lichess.org/training/dB956
dLU8t,4r1k1/pR5p/2np3B/5b1N/3Q1P2/6P1/1P3KB1/4q3 w KQkq - 0 1,f2f3 c6d4,https://lichess.org/training/dLU8t
dWKx3,r5k1/pp3ppp/8/5Q2/1P6/2P3Pn/P3rnBP/R5RK w KQkq - 0 1,f5f2 h3f2,https://lichess.org/training/dWKx3
dX9UK,r1bq1rk1/p3Np1p/2Npn1pn/1p6/1P2P3/4B3/2P2PPP/Q4RK1 b KQkq - 0 1,d8e7 c6e7,https://lichess.org/training/dX9UK
dcSBN,2r2rk1/pp4bp/6p1/4pp2/8/2Pn1N2/PP1N1qPP/R3Q1RK w KQkq - 0 1,e1f2 d3f2,https://lichess.org/training/dcSBN
dooZi,r2q1rk1/pbp2p2/1p2pPpQ/8/4N3/5P2/PP3P1P/R5K1 b KQkq - 0 1,d8f6 e4f6,https://lichess.org/training/dooZi
e1eUF,r6k/pp2P1pp/4B3/8/5B2/7n/P1P1QnPP/6RK w KQkq - 0 1,e2f2 h3f2,https://lichess.org/training/e1eUF
e72Fr,1r4k1/pp1q2pp/4pn2/7r/8/2P2NPP/PPQ2PK1/R4R2 w KQkq - 0 1,c2e4 f6e4,https://lichess.org/training/e72Fr
e8xg4,r3r2k/ppq2NbP/4p3/6N1/8/8/PPP2PP1/R4K1R b KQkq - 0 1,c7f7 g5f7,https://lichess.org/training/e8xg4
eBoHO,rn2kb1r/p1Nq1ppp/b3N3/4P1B1/2n5/8/PP3PPP/R2Q1RK1 b KQkq - 0 1,d7c7 e6c7,https://lichess.org/training/eBoHO
eMjLP,1q3rk1/p2n3p/P1p1pnpb/4p3/4P3/1PN2N1P/2P2PP1/R2Q1RK1 w KQkq - 0 1,d1d7 f6d7,https://lichess.org/training/eMjLP
eaNKH,r4rk1/1bq2ppp/pp1Bpn2/8/P2n4/2P3P1/BP1NQP1P/R4RK1 w KQkq - 0 1,d6c7 d4e2,https://lichess.org/training/eaNKH
eziJj,r1bq1r1k/1pp2pp1/p2p1n1p/2b1p3/2B1PP2/2NP2QP/PPP1n1PN/R1B2RK1 w KQkq - 0 1,g1h1 e2g3,https://lichess.org/training/eziJj
fK6LM,1k1N4/2p1p3/QpBb4/p2q3p/8/2P4P/PP3rP1/R6K b KQkq - 0 1,d5c6 d8c6,https://lichess.org/training/fK6LM
fWfwE,r1b1r1k1/5ppp/p2p4/3B4/5P2/2P2Q1n/PP3nPP/R1B3RK w KQkq - 0 1,f3f2 h3f2,https://lichess.org/training/fWfwE
g5kqT,r5rk/p2q1Nbp/1pn3pN/2n1P3/8/6PP/PP3P2/R1B1R1K1 b KQkq - 0 1,d7f7 h6f7,https://lichess.org/training/g5kqT
g6T2r,r1b2b1r/ppp2k2/8/3pn3/3P1p2/5qPp/PP3P1P/R1BQ1RKN w KQkq - 0 1,d1f3 e5f3,https://lichess.org/training/g6T2r
gNuRg,1Rkn4/3rr1pp/q1pp1b2/2NQ4/5P2/7P/P4PP1/1R4K1 b KQkq - 0 1,c8c7 c5a6,https://lichess.org/training/gNuRg
gf4Ys,3r2k1/5p1p/6p1/p2P4/Pp6/1P4Pn/4QnBP/6RK w KQkq - 0 1,e2f2 h3f2,https://lichess.org/training/gf4Ys
gxYui,r4rk1/ppp2ppp/8/4n3/4N3/2N3Pq/PPP2P2/R1BQR1K1 w KQkq - 0 1,d1f3 e5f3,https://lichess.org/training/gxYui
h0CX9,r3k2r/p1p2ppp/2p5/2bp4/5B2/2P1PQPq/PP3P1n/RN2R1K1 w KQkq - 0 1,f4c7 h2f3,https://lichess.org/training/h0CX9
h1V3a,r3r2k/1pp2np1/pbp1bNQp/4P3/7N/6B1/PPq3PP/3RR2K b KQkq - 0 1,c2g6 h4g6,https://lichess.org/training/h1V3a
h9guU,r3r1k1/pp3p2/4b2p/2pp2p1/6n1/2NP1n2/PPPQ1qP1/R3RB1K w KQkq - 0 1,d2f2 g4f2,https://lichess.org/training/h9guU
hPKp6,r1b1rk2/ppp3b1/4q1QN/8/3n1N2/8/PPP2PPP/R4RK1 b KQkq - 0 1,e6g6 f4g6,https://lichess.org/training/hPKp6
hRZOm,r4rk1/5bqp/1p2p1pQ/pP1p1N2/P4P2/3B4/1BP4P/R4R1K b KQkq - 0 1,g7h6 f5h6,https://lichess.org/training/hRZOm
hgIkk,2rk3r/1Qpb2pp/2BN1b2/8/3P4/2P2N2/Pq4PP/4R2K b KQkq - 0 1,b2b7 d6b7,https://lichess.org/training/hgIkk
hs2i8,2r2rk1/p1p1Npp1/1p1pq3/4bN2/4P3/7Q/PPP3PP/R4RK1 b KQkq - 0 1,e6e7 f5e7,https://lichess.org/training/hs2i8
hyecU,r2q1rk1/4Npb1/p2p4/1ppNn2Q/4P1P1/1P5P/1PP2P2/R4RK1 b KQkq - 0 1,d8e7 d5e7,https://lichess.org/training/hyecU
iIHsb,rn3rkb/ppp1qp1p/3p1npP/3N2B1/2PP2b1/8/PP2BPP1/R2QK1NR b KQkq - 0 1,g4e2 d5e7,https://lichess.org/training/iIHsb
iKLCE,r3N1kr/pp3p1p/2q2QnB/3p4/8/8/PP4PP/4R2K b KQkq - 0 1,c6f6 e8f6,https://lichess.org/training/iKLCE
ieN1R,r4Nk1/1b3ppp/p7/1p2p1P1/6n1/1BN5/PPP1QnPP/R5RK w KQkq - 0 1,e2f2 g4f2,https://lichess.org/training/ieN1R
jV1RW,b4rkb/4Qp1p/5q2/1p1pBNp1/1P4P1/P3P3/6P1/5RK1 b KQkq - 0 1,f6e7 f5e7,https://lichess.org/training/jV1RW
jgCnH,k2r4/1p1r1p2/2p4p/p4N2/4n3/qPQP3P/2P2PP1/1K1R3R w KQkq - 0 1,f5e3 e4c3,https://lichess.org/training/jgCnH
jh3Vd,5rk1/2Q2pp1/p2B1q1p/Pp1n4/3P4/5N1P/6P1/4R1K1 w KQkq - 0 1,d6f8 d5c7,https://lichess.org/training/jh3Vd
jrCqX,r3kb1r/pp3pp1/8/2pP4/4PB2/5nNq/PPP1QP1n/RN4KR w KQkq - 0 1,e2f3 h2f3,https://lichess.org/training/jrCqX
jvFDv,1r3rk1/4qp1p/6p1/2pN4/2B1Pb2/3P4/1BK5/8 b KQkq - 0 1,b8b3 d5e7,https://lichess.org/training/jvFDv
jy4LO,r1b3rk/ppppqNpp/2n4N/4P3/6n1/8/PB3PPP/R4RK1 b KQkq - 0 1,e7f7 h6f7,https://lichess.org/training/jy4LO
k7jES,r4rk1/1pp2pp1/1p1p3p/4p2q/1PP3n1/P2P4/3Q1nPN/R2B2RK w KQkq - 0 1,d2f2 g4f2,https://lichess.org/training/k7jES
kLyhw,r4k2/ppp2p1p/5N2/3N2pQ/3n4/1P3nPq/PRP2P2/5RK1 w KQkq - 0 1,h5f3 d4f3,https://lichess.org/training/kLyhw
kWSWE,6r1/1k6/3p1pq1/1PpP3p/1P6/3n1P2/5Q1P/1R1R3K w KQkq - 0 1,d1g1 d3f2,https://lichess.org/training/kWSWE
kWjnL,5rk1/5pp1/1Q2p2p/p7/2P5/P4PP1/3r1qBP/1R1n2RK w KQkq - 0 1,b6f2 d1f2,https://lichess.org/training/kWjnL
kpPC7,r3r1k1/1p3p2/p5p1/2pP2np/2P1PN2/2P2nBq/P4P2/R2Q1RK1 w KQkq - 0 1,d1f3 g5f3,https://lichess.org/training/kpPC7
kqcG6,1k4rr/pbp2p2/1p6/1Np2P2/3n1Bp1/2P3Pp/P1B1QP1P/R4R1K w KQkq - 0 1,h1g1 d4e2,https://lichess.org/training/kqcG6
kyTCC,r1b2rk1/ppq3pp/4p3/3p1p2/3Pn3/2P2N1P/PPBNQnPb/R1B1R2K w KQkq - 0 1,e2f2 e4f2,https://lichess.org/training/kyTCC
l92hq,r4r2/1pp2ppk/p7/P3pN2/BP2Pn1p/3P3q/4nP2/2RQNRK1 w KQkq - 0 1,d1e2 f4e2,https://lichess.org/training/l92hq
lHOw7,r4nr1/1bkq1Qb1/pp3n2/2p1p1B1/4PPP1/2NB3P/PPP5/R3K2R w KQkq - 0 1,f7g8 f6g8,https://lichess.org/training/lHOw7
lKbIk,r5rk/2q2Npp/2pN4/2Pn4/1P1P1b2/5R1P/8/1R5K b KQkq - 0 1,c7f7 d6f7,https://lichess.org/training/lKbIk
lMN7m,5r1k/1p3qpp/p7/2b5/P1P2n2/B7/2PPQnPP/R4RK1 w KQkq - 0 1,a3c5 f4e2,https://lichess.org/training/lMN7m
lWAiC,r4rk1/Bpp2pp1/p2p3p/4p3/PPB1P3/2PP1nNq/5P1n/R3R1KQ w KQkq - 0 1,h1f3 h2f3,https://lichess.org/training/lWAiC
lZVgN,B4rk1/p4ppp/8/2pp4/6bq/2PP1Pn1/PP2Q1PK/RNB2R2 w KQkq - 0 1,h2g1 g3e2,https://lichess.org/training/lZVgN
lZoG1,3rr2k/ppp2R2/1b5p/4N3/3P2R1/1qPQ4/1P4PP/7K b KQkq - 0 1,b3f7 e5f7,https://lichess.org/training/lZoG1
lcUie,6k1/5pp1/4p3/4P3/5P1p/P7/4pqPP/3nQ1RK w KQkq - 0 1,e1f2 d1f2,https://lichess.org/training/lcUie
lsHuf,6k1/1p3ppp/p1p5/6P1/5Pn1/5Q2/3r1nBP/6RK w KQkq - 0 1,f3f2 g4f2,https://lichess.org/training/lsHuf
lusEy,r1b2rk1/pp2qpp1/3p1nQ1/3Np3/2B5/4P1P1/PP3PP1/2KR3R b KQkq - 0 1,f7g6 d5e7,https://lichess.org/training/lusEy
m0pt3,r2qkb1r/1p1n1ppp/p3p1b1/PNppPnB1/3P4/5N2/1PP1BPPP/R2Q1RK1 b KQkq - 0 1,d8c7 b5c7,https://lichess.org/training/m0pt3
m1Xg4,r5rk/1bq2Npp/p4p1N/1p6/3n4/P1P4P/1P3PP1/R5K1 b KQkq - 0 1,c7f7 h6f7,https://lichess.org/training/m1Xg4
m235A,r1b1k2r/ppp2ppp/4pn2/3q4/1b1n4/P1N2N2/1PQ1PPPP/R1B1KB1R w KQkq - 0 1,a3b4 d4c2,https://lichess.org/training/m235A
m2Olb,8/Q5p1/5rk1/1P2p3/2P3n1/8/P4qPP/R5RK w KQkq - 0 1,a7f2 g4f2,https://lichess.org/training/m2Olb
m54iP,r5rk/pp1q1Qpp/6nN/3p4/8/1PB1P3/P4PPP/R4RK1 b KQkq - 0 1,d7f7 h6f7,https://lichess.org/training/m54iP
m77i4,r3n1kr/pp1qNp1p/3p3B/5N2/4P1p1/8/PPPn1PPP/R3K2R b KQkq - 0 1,d7e7 f5e7,https://lichess.org/training/m77i4
mJ4y0,r3r1k1/pp3pp1/2pb2p1/4n3/2B3P1/2N1B1Pq/PPP1QP2/R4RK1 w KQkq - 0 1,e2f3 e5f3,https://lichess.org/training/mJ4y0
mKKpo,r1bq2kr/1p2Np1p/p2p3B/3Np3/3n4/6n1/PPP2PPP/R3KB1R b KQkq - 0 1,d8e7 d5e7,https://lichess.org/training/mKKpo
mVadJ,r3r1k1/pp3pp1/3p2b1/n2Q2Pp/7P/PqP2P2/1P2N3/2KR1B1R w KQkq - 0 1,d5b3 a5b3,https://lichess.org/training/mVadJ
mZze0,r3k2r/p1q3bp/2p2ppn/1NB1p3/2B3b1/5Q2/PPP2PPP/2KR3R b KQkq - 0 1,g4f3 b5c7,https://lichess.org/training/mZze0
mfKYZ,3r3k/p2nN1bP/2p1b1q1/4p1N1/6Q1/B7/P5PP/R5K1 b KQkq - 0 1,e6g4 e7g6,https://lichess.org/training/mfKYZ
mmu7n,r4r1k/pp3p2/1bn2qnQ/7N/2pp4/7P/PPP2PP1/R4RK1 b KQkq - 0 1,h8g8 h5f6,https://lichess.org/training/mmu7n
mn3qt,3rkr2/pR1N1p1p/3bpQ2/8/3q4/3B4/P1P2PPP/5RK1 b KQkq - 0 1,d4f6 d7f6,https://lichess.org/training/mn3qt
moZFR,1B3rk1/2p2pbp/p2p2p1/1p1Bp3/4Pnb1/2PP1Q2/PP1N1PqP/R3KR2 w KQkq - 0 1,f3g2 f4g2,https://lichess.org/training/moZFR
nKP50,8/p5pp/3b1k2/6n1/4q3/1P5Q/P2P1PK1/R1B2R2 w KQkq - 0 1,g2g1 g5h3,https://lichess.org/training/nKP50
nVVxE,5r2/4k1p1/p1qp1bQp/1p3B2/3N2P1/1P3n1P/P4P2/4RK2 b KQkq - 0 1,f3e1 d4c6,https://lichess.org/training/nVVxE
nYW3T,r4rk1/2q1Np1p/2Np2p1/1p6/2nQP3/8/PPb2PPP/2R3K1 b KQkq - 0 1,c7e7 c6e7,https://lichess.org/training/nYW3T
nox22,5rk1/1pR3p1/p3pr1p/3pB2P/3P4/P5nq/1P2QP2/5RK1 w KQkq - 0 1,e5f6 g3e2,https://lichess.org/training/nox22
nrK1g,r4rk1/ppp2p1N/4pqbQ/4n3/2B5/2P5/PP3PPP/R4RK1 b KQkq - 0 1,e5c4 h7f6,https://lichess.org/training/nrK1g
nyD8C,2Brk3/1pQ1b1pp/r2p4/1Nq2RP1/1n1RP2P/2N5/PPP5/1K6 b KQkq - 0 1,c5c7 b5c7,https://lichess.org/training/nyD8C
o8Hex,6k1/p1p1P1pn/1p6/2p3Q1/2N1q3/1PP3PK/7P/8 w KQkq - 0 1,c4e5 h7g5,https://lichess.org/training/o8Hex
oASu9,3r2k1/rb3p2/2p2PpQ/1pN4N/pPnqP3/P5P1/7P/2R4K b KQkq - 0 1,d4f6 h5f6,https://lichess.org/training/oASu9
oKjfp,r3k2r/pb3ppp/1p2p3/2p5/3P3q/2P1P1n1/PP1NQ1P1/RBB2RK1 w KQkq - 0 1,d2f3 g3e2,https://lichess.org/training/oKjfp
oNQcI,r2q1rkb/pppnNp2/3p3Q/3Nn1p1/4P3/6B1/PPP2PPP/R3R1K1 b KQkq - 0 1,d8e7 d5e7,https://lichess.org/training/oNQcI
oOyGY,6rk/p3qNbp/n5p1/2p1p1N1/P7/2P5/5PPP/5RK1 b KQkq - 0 1,e7f7 g5f7,https://lichess.org/training/oOyGY
oVQAg,r1b4r/ppp2kp1/8/2bNp3/3n4/P2P1qPp/1PP2P1P/R1BQ1RKN w KQkq - 0 1,d1f3 d4f3,https://lichess.org/training/oVQAg
oWCW5,2rr1bk1/pp4pp/8/8/1P3qB1/P2p3P/3QnPP1/1R2R2K w KQkq - 0 1,d2f4 e2f4,https://lichess.org/training/oWCW5
onAZW,r4rk1/1pp2p1N/p2p1qbQ/4pN2/P3P3/1BPn4/1P6/5K2 b KQkq - 0 1,g6f5 h7f6,https://lichess.org/training/onAZW
ozwg3,2r1r3/p4B1k/5P1p/1p3bp1/1n6/2P2NB1/QP1N1PPP/2KR3R w KQkq - 0 1,f7e8 b4a2,https://lichess.org/training/ozwg3
pFSq3,r5k1/pp4pp/8/3p4/4p2n/5nNq/PP3P1P/R2Q1BKR w KQkq - 0 1,d1f3 h4f3,https://lichess.org/training/pFSq3
pYo4d,7k/pb6/1p6/6qp/6nQ/P7/B5PP/6RK w KQkq - 0 1,h4f2 g4f2,https://lichess.org/training/pYo4d
pijpL,r3k2r/ppp2pp1/3p4/2b1p1Bp/4P3/2PP1nNq/PPB1RP1n/R5KQ w KQkq - 0 1,h1f3 h2f3,https://lichess.org/training/pijpL
plsmr,r3r1k1/ppp2p2/5BpQ/1P3q1p/2p1N1b1/8/P4bPP/RN2R2K b KQkq - 0 1,f5f6 e4f6,https://lichess.org/training/plsmr
pmuid,r2q1knr/1p1Qn1b1/2p4p/1P2NppB/P7/4P2P/1B3PP1/RN2K2R b KQkq - 0 1,d8d7 e5d7,https://lichess.org/training/pmuid
poQfV,k2r3r/BpNqn1pp/p1n2pb1/1N2p3/PbP5/3P3P/1P3QP1/R4R1K b KQkq - 0 1,d7c7 b5c7,https://lichess.org/training/poQfV
ppONe,6rk/ppp1rq1b/3b3Q/P2P1PN1/8/1B6/1P6/4RR1K b KQkq - 0 1,e7e1 g5f7,https://lichess.org/training/ppONe
pyn7b,rn3rk1/ppp1qpp1/3p1n2/2bNp1Nb/2B1P2Q/3P4/PPP2PPP/R4RK1 b KQkq - 0 1,h5g6 d5e7,https://lichess.org/training/pyn7b
qFQzy,1r2kbnr/2qb1ppp/N3p3/3pP1B1/8/1Qp2N2/P4PPP/R3K2R b KQkq - 0 1,b8b3 a6c7,https://lichess.org/training/qFQzy
qH8b6,1Rbr3k/p4pb1/6pp/8/3n4/P2N1nPq/B1P2P2/3Q2KR w KQkq - 0 1,d1f3 d4f3,https://lichess.org/training/qH8b6
qIdxE,r5r1/1bq1b1np/pp2k3/3Nn1B1/P2RPQ2/8/1P3PPP/R5K1 b KQkq - 0 1,a8f8 d5c7,https://lichess.org/training/qIdxE
qJ44P,rnb1qr1k/pp1np1bP/3pp1B1/8/5P1N/8/PpP3P1/R1BQK2R b KQkq - 0 1,e8g6 h4g6,https://lichess.org/training/qJ44P
qQBdp,r5k1/1pq2pp1/p5Pp/P1p5/3pn3/1P1P3P/2P2QBK/R5R1 w KQkq - 0 1,h2h1 e4f2,https://lichess.org/training/qQBdp
qw0EL,3r1r1k/pp2qb1p/2p3p1/3N2PP/2PQp1P1/1P6/1P1KB3/7R b KQkq - 0 1,h8g8 d5e7,https://lichess.org/training/qw0EL
qxzcS,r1b1nrk1/pp1nq1p1/4p1N1/3p3Q/3P1P2/8/PP1N1P1P/R3K2R b KQkq - 0 1,e8f6 g6e7,https://lichess.org/training/qxzcS
r4SCM,r1b3rk/1p1p1Npp/p2N1q2/2P1p3/8/8/PP3PPP/R3K2R b KQkq - 0 1,f6f7 d6f7,https://lichess.org/training/r4SCM
r8Uzr,5rk1/5pbp/3p2p1/1P6/2P1nP2/5B2/4QnPP/6RK w KQkq - 0 1,e2f2 e4f2,https://lichess.org/training/r8Uzr
rD8sr,3r1rk1/ppp2pbp/b4np1/2q1p3/3nP1P1/BPP2QNP/P1B2P2/RN2K2R w KQkq - 0 1,a3c5 d4f3,https://lichess.org/training/rD8sr
rFB6g,7r/1b1p1pk1/3Pp1p1/pp6/2pP1nP1/P1P5/1PB1QP1K/R4R2 w KQkq - 0 1,h2g3 f4e2,https://lichess.org/training/rFB6g
rYZy8,1k1r3r/nBp3p1/Q2q2np/1RN5/3Pp3/2P1p3/P1P3PP/5RK1 b KQkq - 0 1,d6a6 c5a6,https://lichess.org/training/rYZy8
rks9c,r4rk1/bb4qp/pp4pQ/4Bp2/PP4N1/2P5/5PPP/R3R1K1 b KQkq - 0 1,g7h6 g4h6,https://lichess.org/training/rks9c
rrn2C,r2r4/2qp3Q/p3k1p1/1p1NppP1/8/8/PP2nPP1/R2R3K b KQkq - 0 1,d8h8 d5c7,https://lichess.org/training/rrn2C
rzi5O,6rk/1b1q1Nbp/n1p3p1/1pP3Nn/1P2p3/4P2P/4BPPB/R5K1 b KQkq - 0 1,d7f7 g5f7,https://lichess.org/training/rzi5O
s743n,1nkr3r/1pp1qpb1/3p1npp/1Q1N2B1/3PP3/5N2/PP3PPP/R3R1K1 b KQkq - 0 1,h6g5 d5e7,https://lichess.org/training/s743n
sHb4A,r1b1kb1r/ppqnnppp/4p3/1NppP1B1/3P4/5N2/PPP2PPP/R2QKB1R b KQkq - 0 1,e7c6 b5c7,https://lichess.org/training/sHb4A
sI4TB,r5k1/1b3ppp/1P6/2p5/2N5/1P1p2Pn/1B3nBP/4Q1RK w KQkq - 0 1,e1f2 h3f2,https://lichess.org/training/sI4TB
sYSc8,2Q5/p4rpk/1p6/3p4/1B1P4/P3PqP1/1P3n1P/R5K1 w KQkq - 0 1,c8h3 f2h3,https://lichess.org/training/sYSc8
soFVA,r4rk1/6p1/p4p1p/1p1P2n1/2pBP3/P4nNq/2B1QP2/3RR1K1 w KQkq - 0 1,e2f3 g5f3,https://lichess.org/training/soFVA
t1bn3,Bn2k2r/p3bppp/2pp4/8/5n2/5P1q/PPPPQP1K/RNB4R w KQkq - 0 1,h2g1 f4e2,https://lichess.org/training/t1bn3
tAqey,r3qn1k/5Qnp/p4Np1/1pp3N1/6P1/7P/PP4K1/3R4 b KQkq - 0 1,e8f7 g5f7,https://lichess.org/training/tAqey
tAuHr,4r1k1/p1p2ppp/8/3Q4/3P4/P1P1Pq2/1r1n1P1P/3RKR2 w KQkq - 0 1,d5f3 d2f3,https://lichess.org/training/tAuHr
tKtsX,r1bq2kr/pp1p3p/n2N1QpB/3N4/8/8/PP3PPP/R4RK1 b KQkq - 0 1,d8f6 d5f6,https://lichess.org/training/tKtsX
tUGtJ,r3k2r/pb6/1p2p2p/2p2pp1/2P5/3n1N1P/PP2nqPR/R3QN1K w KQkq - 0 1,e1f2 d3f2,https://lichess.org/training/tUGtJ
tVkjo,r1b2rk1/pp2q2p/2p1P1N1/2n5/2P5/1P1Q2P1/PB5P/R4RK1 b KQkq - 0 1,c5d3 g6e7,https://lichess.org/training/tVkjo
ttqKQ,r1b2rk1/ppp2ppp/8/8/6n1/1BP5/PP2QnPP/RNB3RK w KQkq - 0 1,e2f2 g4f2,https://lichess.org/training/ttqKQ
tyARl,r2q1rk1/ppp2p2/3p1NbQ/2b1p3/4P1N1/1B1P3P/PP1K1P2/7R b KQkq - 0 1,d8f6 g4f6,https://lichess.org/training/tyARl
uch66,1N3rk1/5ppp/4p3/3n4/8/qPp2Q2/2P2PPP/1K1R3R w KQkq - 0 1,f3c3 d5c3,https://lichess.org/training/uch66
umxXR,r4rk1/p1p1qp1p/2N1b3/3p2p1/4pQn1/1P2P1P1/PBPP2PP/4RRK1 b KQkq - 0 1,g5f4 c6e7,https://lichess.org/training/umxXR
v1vbG,1rb2nk1/1p3N1p/p4Qpq/P7/3N4/3n4/1P3PPP/4R1K1 b KQkq - 0 1,d3e1 f7h6,https://lichess.org/training/v1vbG
vGFTR,3R4/p1p2pbk/1pP4p/2B1nqPR/2B2P2/5Q2/PPPK4/4r3 w KQkq - 0 1,c4d3 e5f3,https://lichess.org/training/vGFTR
vWvTH,r4rk1/pb1p1ppp/1p2p3/4P3/3n4/6Pq/PP2QPBP/RN3RK1 w KQkq - 0 1,g2h3 d4e2,https://lichess.org/training/vWvTH
vYXUO,r4rk1/ppp1q1pp/8/2bpnPB1/4n3/2P3QP/PP4PN/RN3R1K w KQkq - 0 1,g5e7 e4g3,https://lichess.org/training/vYXUO
vpxXr,4r1nr/pR3bp1/2p1k3/3p2Pp/2qQ1B1P/5P2/2P1N3/5K1R b KQkq - 0 1,c4d4 e2d4,https://lichess.org/training/vpxXr
wQl3G,2b2b1r/4kppp/N3p3/q2p4/3n1B2/2n5/P1QN1PPP/R3KB1R w KQkq - 0 1,f4e5 d4c2,https://lichess.org/training/wQl3G
wYZCI,4Q3/1b4rk/5q1p/p7/6NP/1P4PK/P1r5/8 b KQkq - 0 1,b7f3 g4f6,https://lichess.org/training/wYZCI
wZ0xR,r1b1k2r/pp1n1ppp/1qn1p3/1B1pP3/3N1P2/2Q1B3/PPP3PP/R3K2R b KQkq - 0 1,b6b5 d4b5,https://lichess.org/training/wZ0xR
x5ZQz,r2q1rk1/4bppp/3P4/p1p5/1p3n2/5P2/PPP1Q1PP/1NKR3R w KQkq - 0 1,d6e7 f4e2,https://lichess.org/training/x5ZQz
xJ1XX,r1b2k2/4n2Q/3pP2q/1BpP2N1/Pn3p2/2N5/1P3P2/2K3R1 b KQkq - 0 1,h6h7 g5h7,https://lichess.org/training/xJ1XX
xWcq0,r1bqk2r/ppp3pp/8/5p2/1b1n4/2P2N2/P1Q1PPPP/R1B1KB1R w KQkq - 0 1,c3b4 d4c2,https://lichess.org/training/xWcq0
xYXAU,2r2rk1/1b1nqp1p/pb2p1p1/1p1N4/1P6/P2QPN2/1B3PPP/1BRR2K1 b KQkq - 0 1,c8c1 d5e7,https://lichess.org/training/xYXAU
xYXHh,r3kb1r/1bqp1ppp/p1n1p1n1/1p1N2B1/4P3/1B3N2/PP2QPPP/2R2RK1 b KQkq - 0 1,h7h6 d5c7,https://lichess.org/training/xYXHh
xkA45,r3kb1r/1bqn1pp1/pp1p4/3Np1B1/4n3/1N4R1/PPPQ1P1P/2KR1B2 b KQkq - 0 1,e4d2 d5c7,https://lichess.org/training/xkA45
xwC6v,r2qr1k1/1b3ppp/4pn2/ppB1N3/2pP1n2/P1P5/1PB1QPPP/R4RK1 w KQkq - 0 1,g2g3 f4e2,https://lichess.org/training/xwC6v
y0dwA,2r2rkb/1b3p1n/pn1pp2Q/1pp3qN/4PPN1/2PP3P/PP2B1P1/R3R1K1 b KQkq - 0 1,g5h6 g4h6,https://lichess.org/training/y0dwA
y4cCP,4Q1bk/p1r1Kpn1/1p2p2P/3pPq2/1P1P1P2/PN6/8/R5R1 w KQkq - 0 1,e7d6 g7e8,https://lichess.org/training/y4cCP
yBGqU,rn4rk/3nqNpp/p6N/4P3/8/6P1/5PbP/R1R3K1 b KQkq - 0 1,e7f7 h6f7,https://lichess.org/training/yBGqU
yK9mN,r1bqkb1r/3npppp/p1Np1n2/3N4/Pp2P3/8/1PP1BPPP/R1BQK2R b KQkq - 0 1,d8c7 d5c7,https://lichess.org/training/yK9mN
yTMYU,5Q2/5n1k/p1n2qpp/1p1N4/7P/P7/1PP3P1/1K6 b KQkq - 0 1,c6e5 d5f6,https://lichess.org/training/yTMYU
yVqRu,r4rk1/pQ1b1pbp/6p1/2p1p3/3n4/2P1BqP1/PP2NP1P/3RKBR1 w KQkq - 0 1,b7f3 d4f3,https://lichess.org/training/yVqRu
yXCrM,2r3k1/5ppp/bq2p3/p2pPnP1/5PR1/NP3NbP/P2Q4/2BK4 b KQkq - 0 1,b6g1 f3g1,https://lichess.org/training/yXCrM
yfljN,r4r1k/2q1b1p1/1n5p/p1PN4/1nQP4/1N2B2P/5PP1/R4RK1 b KQkq - 0 1,b6c4 d5c7,https://lichess.org/training/yfljN
yzMez,r1b1rn2/p1Rk1qp1/1p2pb2/1N1P2N1/3P3P/4P3/PP3PP1/4K2R b KQkq - 0 1,d7d8 g5f7,https://lichess.org/training/yzMez
z4Tqy,r2q2kr/ppp2p1p/1b3Q1B/4n3/2ppN3/7P/PPP2PP1/R3R1K1 b KQkq - 0 1,d8f6 e4f6,https://lichess.org/training/z4Tqy
z6hmD,7k/6p1/2Pp3p/3N4/4BQnP/6P1/5n1K/5q2 w KQkq - 0 1,f4g4 f2g4,https://lichess.org/training/z6hmD
zFHhs,4kb1r/p4ppp/2pp1n2/q3p3/2P1P3/5P2/P1PQ2PP/1N2K2R b KQkq - 0 1,a5a3 b1a3,https://lichess.org/training/zFHhs
zMqjx,r3r1k1/ppp2p1p/6p1/2Ppn3/PP6/3B2Nq/5P2/RN1Q1RK1 w KQkq - 0 1,d1f3 e5f3,https://lichess.org/training/zMqjx
zPJKI,5k1r/p1p2p1p/2Q2np1/3nN3/1b1PKB2/1q4P1/4N3/3R1B1R w KQkq - 0 1,c6f6 d5f6,https://lichess.org/training/zPJKI
zTZQZ,r2qkbnr/ppp2ppp/4b3/4P3/1np5/2N2N2/PPQ1PPPP/R1B1KB1R w KQkq - 0 1,c1g5 b4c2,https://lichess.org/training/zTZQZ
zVBhi,5rk1/5ppp/8/8/1P6/3n4/4pqPP/4Q1RK w KQkq - 0 1,e1f2 d3f2,https://lichess.org/training/zVBhi
zVHEx,1r4rk/5Npp/5q1N/8/8/p3B2P/5PP1/2R3K1 b KQkq - 0 1,f6f7 h6f7,https://lichess.org/training/zVHEx
zuSu5,5r1k/pp3p2/4pqpQ/1b5p/4N3/8/Pr4PP/3R3K b KQkq - 0 1,h8g8 e4f6,https://lichess.org/training/zuSu5