0CPfF,1k1r3r/1b5p/p1qbp2Q/1pp5/8/P3BN2/1PP3PP/3R1RK1 w KQkq - 0 1,h6e6 d6h2 g1h2 c6e6 d1d8 h8d8,https://lichess.org/training/0CPfF
0EVRn,r4r1k/pppnn1pp/3b4/1P2pp1N/5P2/3BP3/qBQP3P/2KR2R1 b KQkq - 0 1,g7g6 b2e5 d7e5 c2a2 e5d3 c1b1,https://lichess.org/training/0EVRn
0Jj7Z,r1bqk2r/pp2nppp/3b4/8/1P2R3/2P2N2/P4PPP/RNBQ2K1 w KQkq - 0 1,c1g5 d6h2 g1h2 d8d1 e4e7 e8f8,https://lichess.org/training/0Jj7Z
0Ll81,r1b2rk1/1p1p2pp/p1n1pn2/4N1B1/8/2qB2Q1/P4PPP/R3R1K1 b KQkq - 0 1,c6e5 d3h7 f6h7 g3c3 e5f3 g2f3,https://lichess.org/training/0Ll81
0rEBD,5r2/3p2kp/p2q2p1/1p1br3/3Q4/1B6/PP4PP/2R2R1K w KQkq - 0 1,f1f8 d5g2 h1g2 d6d4 f8f7 g7h6,https://lichess.org/training/0rEBD
0tIKY,2r3k1/2r2p2/3Q2p1/3BP3/3q4/P6P/8/5R1K b KQkq - 0 1,d4d3 d5f7 c7f7 d6d3 f7f1 d3f1,https://lichess.org/training/0tIKY
0wjYu,4r1k1/pp3ppp/8/3q4/3bN3/1P1Q4/P4PPP/2R3K1 w KQkq - 0 1,c1e1 d4f2 g1f2 d5d3 e4f6 g7f6,https://lichess.org/training/0wjYu
18YiW,r2qk2r/ppp2ppp/3b4/8/3n4/5B2/P1P2PPP/R1BQ1RK1 w KQkq - 0 1,d1d4 d6h2 g1h2 d8d4 f1e1 e8f8,https://lichess.org/training/18YiW
1BTkn,7r/4k2p/pN1qp1p1/1p3p2/3b4/4Q3/PP3PPP/R3R1K1 w KQkq - 0 1,e3d3 d4f2 g1f2 d6d3 a1d1 d3c2,https://lichess.org/training/1BTkn
1G5wv,rr5k/6p1/4P2p/2q3b1/8/2B3P1/p1Q2PBP/R5K1 b KQkq - 0 1,a8a3 c3g7 h8g7 c2c5 b8b1 g2f1,https://lichess.org/training/1G5wv
1GiKd,2kr3r/ppp2ppp/2n1b3/4q3/4B3/2N5/PP2QPPP/R2R2K1 b KQkq - 0 1,c6d4 e4b7 c8b7 e2e5 d4f3 g2f3,https://lichess.org/training/1GiKd
1I51k,3r1rk1/1p3ppp/p1n1pn2/2q5/5P2/2PB2QP/P1P3P1/3RR2K b KQkq - 0 1,c5c3 d3h7 g8h7 g3c3 d8d1 e1d1,https://lichess.org/training/1I51k
1JRjX,r4rk1/pQ2bppp/2n5/7n/3p4/1B1P2P1/PPPB1PKP/RNq5 b KQkq - 0 1,c1b2 b3f7 f8f7 b7b2 a8b8 b2c1,https://lichess.org/training/1JRjX
1NR3D,r3r1k1/pp3ppp/2P5/2bq4/8/3BPP1b/PP5P/RN1Q2RK b KQkq - 0 1,e8e3 d3h7 g8h7 d1d5 h3g2 h1g2,https://lichess.org/training/1NR3D
1Wagh,r2qr1k1/ppp3pp/3bbp2/3Q4/8/PP3N2/1B3PPP/R3R1K1 w KQkq - 0 1,e1e6 d6h2 g1h2 d8d5 e6e8 a8e8,https://lichess.org/training/1Wagh
1Z6vo,r4rk1/1p1b1ppp/p2ppq2/8/5P2/3B2P1/P1P4P/1R1QR2K b KQkq - 0 1,f6d4 d3h7 g8h7 d1d4 d7c6 h1g1,https://lichess.org/training/1Z6vo
1eXoK,8/3b1ppk/3p1P1p/3nr3/3q4/3B2NP/2PQ2P1/4R2K b KQkq - 0 1,g7g6 d3g6 h7g6 d2d4 e5e1 h1h2,https://lichess.org/training/1eXoK
1xg53,3rr1k1/1p3ppp/p2b1p2/q2N4/1P6/P2BBP1b/5P2/R2QR1K1 b KQkq - 0 1,a5d5 d3h7 g8h7 d1d5 d6h2 g1h2 d8d5 h2h3,https://lichess.org/training/1xg53
2DuYz,r2qk2r/ppp2ppp/3b1n2/8/2Pn4/5B2/PP3PPP/RNBQ1RK1 w KQkq - 0 1,d1d4 d6h2 g1h2 d8d4 f1e1 e8f8,https://lichess.org/training/2DuYz
2Wd8M,1nr3k1/6pp/pp4bq/6R1/4N3/2N2P2/PP3Q1P/1K4R1 w KQkq - 0 1,f2b6 g6e4 c3e4 h6b6 g5g7 g8h8,https://lichess.org/training/2Wd8M
2kdKw,3rr1k1/pp3ppp/2q2n2/8/8/P1NB3Q/1n1R1PPP/R5K1 b KQkq - 0 1,c6c3 d3h7 f6h7 h3c3 d8d2 c3d2,https://lichess.org/training/2kdKw
2lfjX,r4n2/3b1p1k/2p2Ppp/2Np4/1p1q4/1P1B3P/3Q2P1/5R1K b KQkq - 0 1,a8a1 d3g6 f8g6 d2d4 a1f1 h1h2,https://lichess.org/training/2lfjX
2v3WM,3r2k1/pp3p1p/1q1b1Qp1/2p5/1Pb5/P3PN2/5PPP/1R1R2K1 w KQkq - 0 1,b4c5 d6h2 g1h2 b6f6 d1d8 f6d8,https://lichess.org/training/2v3WM
3PLdg,1r2r1k1/p1p2p1p/2Qb3q/3N2p1/3P4/5N2/PP3PPP/R4RK1 w KQkq - 0 1,a1e1 d6h2 f3h2 h6c6 d5e7 e8e7,https://lichess.org/training/3PLdg
3b8R0,3rr1k1/p1p2ppp/4b3/3nq3/2p1B1P1/P6P/2P1QP2/R4RK1 b KQkq - 0 1,d5f4 e4h7 g8h7 e2e5 f4h3 g1h2,https://lichess.org/training/3b8R0
3fUbd,r1b1r1k1/pp3ppp/2p2n2/8/1b6/q2B1Q2/P1PBNPPP/1R3RK1 b KQkq - 0 1,b4d2 d3h7 f6h7 f3a3 e8e2 a3d3,https://lichess.org/training/3fUbd
3qXkl,1k1r4/pp1r1pRp/2n2n2/3P4/4p3/P1Q1B2q/1P3P2/1K1R3B b KQkq - 0 1,f6d5 e3a7 b8a7 c3h3 d5c3 h3c3 d7d1 b1a2,https://lichess.org/training/3qXkl
3zgfF,1k1r1r2/1p4pp/1PqbQ3/p7/P3p3/4B3/5PPP/R2R2K1 w KQkq - 0 1,a1c1 d6h2 g1h2 c6e6 e3f4 b8a8,https://lichess.org/training/3zgfF
47Bdd,2r3k1/1Qbq3p/5pp1/p7/1p6/8/P2B1PPP/1RR3K1 w KQkq - 0 1,d2h6 c7h2 g1h2 d7b7 c1c8 b7c8,https://lichess.org/training/47Bdd
49qA7,r4rk1/1b1nbppp/p3pn2/1p2P1B1/3q4/2NB4/PPPQ1RPP/3R2K1 b KQkq - 0 1,d7e5 d3h7 f6h7 d2d4 e7g5 d4e5,https://lichess.org/training/49qA7
4MRuw,r2qk2r/1pp2ppn/p2bb2p/8/2BQ4/2N5/PPP2PPP/R1B1R1K1 w KQkq - 0 1,c4e6 d6h2 g1h2 d8d4 e6b3 e8f8,https://lichess.org/training/4MRuw
4Ngia,r2k3r/pp1q1ppp/2nb4/2p5/8/5N2/PPP2PPP/RN1QR1K1 w KQkq - 0 1,e1e2 d6h2 g1h2 d7d1 e2d2 d1d2,https://lichess.org/training/4Ngia
4OxAI,5rk1/p1q2ppp/1p6/n1rB4/8/3Q3P/6P1/3R1R1K b KQkq - 0 1,c7d6 d5f7 f8f7 d3d6 f7f1 d1f1,https://lichess.org/training/4OxAI
4WE07,r1bqnrk1/ppp1ppbN/6p1/4n3/8/2NB4/PPP2PPP/R1BQ1RK1 b KQkq - 0 1,g8h7 d3g6 e5g6 d1d8 e8d6 d8c7,https://lichess.org/training/4WE07
4g79a,r1b3k1/pp2pp1p/6p1/q7/2BrP3/7P/P1Q2PP1/R2R2K1 b KQkq - 0 1,a5c5 c4f7 g8f7 c2c5 d4d1 a1d1,https://lichess.org/training/4g79a
4grkY,4k2r/pp2bpp1/4p3/3r4/Q2B1qpP/2P5/PP6/1K1R3R b KQkq - 0 1,e8f8 d4g7 f8g7 a4f4 d5d1 h1d1,https://lichess.org/training/4grkY
4puwD,r2qr3/1bp2pkp/p2b1npN/1p6/3Q2P1/1BN5/PPP4P/R1B2RK1 w KQkq - 0 1,g4g5 d6h2 g1h2 d8d4 g5f6 g7f8,https://lichess.org/training/4puwD
506l2,2kr1b2/1bp1pp2/pp6/3P4/4qBQ1/8/PPPK1P1R/8 b KQkq - 0 1,c8b8 f4c7 b8c7 g4e4 d8d5 d2e3,https://lichess.org/training/506l2
56qly,6k1/5p1p/1p1q2p1/8/P2bQ3/1P1b3P/3N1PP1/2R3K1 w KQkq - 0 1,e4d3 d4f2 g1f2 d6d3 c1c8 g8g7,https://lichess.org/training/56qly
58zTC,3r1rk1/ppq1bpp1/2b2n1p/1N6/2B4B/8/PPQ2PPP/3RR1K1 b KQkq - 0 1,c6b5 c4f7 f8f7 c2c7 d8d1 e1d1,https://lichess.org/training/58zTC
5NeWw,2k4r/pp5p/2p3p1/3r1p2/3b1P2/1PqB1Q1P/P5P1/1RB4K b KQkq - 0 1,d4c5 d3f5 g6f5 f3c3 d5d1 h1h2 c5g1 h2g3,https://lichess.org/training/5NeWw
5hriv,r1r2bk1/p5pp/1p6/1b1QBq2/8/2P5/P3R1PP/4R2K b KQkq - 0 1,g8h8 e5g7 f8g7 d5f5 b5e2 e1e2 c8f8 f5b1,https://lichess.org/training/5hriv
5ujvU,r2qk2r/pp2n1p1/3bRn2/2p2pB1/2PP4/1P1Q1N2/P4PPP/4R1K1 w KQkq - 0 1,d4c5 d6h2 f3h2 d8d3 e6e7 e8f8 g5f6 g7f6,https://lichess.org/training/5ujvU
5zoEb,r2qk2r/1p2nppp/p2bp3/3P4/P7/2PQBN2/5PPP/R4RK1 w KQkq - 0 1,d5e6 d6h2 g1h2 d8d3 e6f7 e8f8,https://lichess.org/training/5zoEb
635FA,r4rk1/5ppp/2p2n2/2q1p3/p1B1P1b1/2Q2N2/PPP3PP/1K1R3R b KQkq - 0 1,g4f3 c4f7 f8f7 c3c5 f3d1 h1d1,https://lichess.org/training/635FA
6I59T,2rq1rk1/pb2bppp/1p2p3/4P3/2PN4/P1nB4/3Q1PPP/R1B1R1K1 b KQkq - 0 1,d8d4 d3h7 g8h7 d2d4 c3e2 e1e2,https://lichess.org/training/6I59T
6J0Lu,rnbq1rk1/6pp/p1pb4/1p1P1p2/8/1PNQ1N2/PB2RPPP/2R3K1 w KQkq - 0 1,d5c6 d6h2 g1h2 d8d3 e2d2 d3d2,https://lichess.org/training/6J0Lu
6YmQe,r3bk1r/pp2nppp/4p3/4P1P1/1q2B1Q1/8/PPP3P1/1K3R1R b KQkq - 0 1,f8g8 e4h7 h8h7 g4b4 h7h1 f1h1,https://lichess.org/training/6YmQe
6yIF5,3rr1k1/pp3ppp/8/5q2/8/1Q1B1P2/PP3P1P/1K1R4 b KQkq - 0 1,f5f3 d3h7 g8h7 b3f3 d8d1 f3d1,https://lichess.org/training/6yIF5
7Ggxm,5rk1/p4pp1/7p/2q2P2/2Br4/1PQ1n1P1/P5P1/R4R1K b KQkq - 0 1,e3f1 c4f7 f8f7 c3c5 f1g3 h1h2,https://lichess.org/training/7Ggxm
7M1hb,8/5pk1/p3r1p1/1p6/3QBqn1/1P6/P6P/4R2K b KQkq - 0 1,g7h7 e4g6 f7g6 d4f4 e6e1 h1g2,https://lichess.org/training/7M1hb
7M9XZ,2r1r1k1/5ppp/p7/6P1/1Q2bq1P/1NN5/1PP5/2KRR3 w KQkq - 0 1,c1b1 e4c2 b1c2 f4b4 e1e8 c8e8,https://lichess.org/training/7M9XZ
7gYo3,6k1/2q2rpp/p7/2bR4/2p3Q1/2B2pP1/PPP1rP1P/5RK1 w KQkq - 0 1,g4c4 c5f2 f1f2 c7c4 d5d8 f7f8,https://lichess.org/training/7gYo3
7n0Xw,r5k1/ppp2rpp/1b2Np2/8/8/3R1Q1P/PqP2PP1/3R2K1 w KQkq - 0 1,f3b7 b6f2 g1f2 b2b7 d3d8 f7f8,https://lichess.org/training/7n0Xw
7yfTc,rnbq2k1/pp3ppp/8/4r3/8/2PB4/PP2N1PP/R2QK2R b KQkq - 0 1,c8g4 d3h7 g8h7 d1d8 e5e2 e1f1,https://lichess.org/training/7yfTc
8f7JD,1r1q1k1r/p3n1pp/2Bb1p2/1p2R3/2PQ4/P7/1P3PPP/RNB3K1 w KQkq - 0 1,e5e7 d6h2 g1h2 d8d4 e7e4 d4d6 c1f4 d6c6,https://lichess.org/training/8f7JD
8jhZO,4r3/1p3k2/p1pp2pp/4r3/3N3P/3qBQ2/PP4P1/4R2K b KQkq - 0 1,f7g7 e3h6 g7h6 f3d3 e5e1 h1h2,https://lichess.org/training/8jhZO
8mbF3,r1bq1rk1/p1p2ppp/5b2/3N4/8/3B4/PPP2PPP/R2QK2R b KQkq - 0 1,d8d5 d3h7 g8h7 d1d5 f8e8 e1f1,https://lichess.org/training/8mbF3
8sXQB,rn4k1/pp3ppp/2p1rn2/3p4/q7/1P1BRP2/P1PQ2PP/R5K1 b KQkq - 0 1,a4d4 d3h7 f6h7 d2d4 e6e3 d4e3,https://lichess.org/training/8sXQB
8sYI5,r1b1r1k1/p4ppp/2pb1q2/1p6/2Q5/4NNP1/PPB2K1P/2B4R w KQkq - 0 1,c4c6 d6g3 h2g3 f6c6 c2h7 g8f8,https://lichess.org/training/8sYI5
92rob,r4r2/1ppqnppk/pb4np/4P3/8/N1PB1PR1/PP1Q3B/6RK b KQkq - 0 1,b6g1 d3g6 e7g6 d2d7 g1h2 h1h2,https://lichess.org/training/92rob
973iv,r4rk1/p4p1p/1p1Np1p1/P2q4/3b1B2/3Q4/1P3PPP/R4RK1 w KQkq - 0 1,a5b6 d4f2 f1f2 d5d3 f2d2 d3b3,https://lichess.org/training/973iv
9BRPe,3r2k1/p4ppp/1p2p3/q7/2Pr1P2/3B1QP1/P1K4P/1R6 b KQkq - 0 1,a5a3 d3h7 g8h7 f3a3 d4c4 c2b2,https://lichess.org/training/9BRPe
9Pfqy,4rrk1/pppb2pp/8/3p4/3q4/3B1P2/PP1Q2P1/R4R1K b KQkq - 0 1,e8e5 d3h7 g8h7 d2d4 e5h5 h1g1,https://lichess.org/training/9Pfqy
9RnFu,r2qk2r/1bp1n1p1/p1pb3p/6B1/4R3/5N2/PPP2PPP/RN1Q2K1 w KQkq - 0 1,g5e7 d6h2 g1h2 d8d1 e7c5 e8f7,https://lichess.org/training/9RnFu
9SgZm,6k1/Q4p1p/6p1/4b1q1/8/P7/5PPP/4R1K1 w KQkq - 0 1,a7c5 e5h2 g1h2 g5c5 e1e8 g8g7,https://lichess.org/training/9SgZm
9TLAi,4r1k1/2p2ppp/bp1p1n2/p2Pr3/2Pq1NP1/3B1QKP/P7/3RR3 b KQkq - 0 1,d4c3 d3h7 g8h7 f3c3 f6e4 e1e4,https://lichess.org/training/9TLAi
9USrk,r5k1/pppq2pp/2nbr3/3Q4/3p4/2P5/PP2BPPP/RN3RK1 w KQkq - 0 1,e2g4 d6h2 g1h2 d7d5 g4e6 d5e6,https://lichess.org/training/9USrk
9XwNu,r2q1rk1/pb3ppp/1pn2b2/3N4/8/P2B1N1P/1PP2PP1/R2QK2R b KQkq - 0 1,d8d5 d3h7 g8h7 d1d5 f8e8 e1f1,https://lichess.org/training/9XwNu
9ZCBT,r4rk1/pq3ppp/5n2/8/Pb1p4/1Q1B1PPb/3B3P/RN2R1K1 b KQkq - 0 1,b7f3 d3h7 f6h7 b3f3 b4d2 b1d2,https://lichess.org/training/9ZCBT
9i8Oh,3rk2r/Q1b1q1pp/1pp2p2/5b2/2N1n3/1P2PN2/PB2BPPP/3R1RK1 w KQkq - 0 1,c4b6 c7h2 g1h2 e7a7 d1d8 e8d8,https://lichess.org/training/9i8Oh
9sLK4,3q2k1/p5pp/3bRr2/3p4/2p5/3B1Q2/PrP2PPP/3R2K1 w KQkq - 0 1,f3d5 d6h2 g1h2 d8d5 d3h7 g8h7 d1d5 f6e6,https://lichess.org/training/9sLK4
9suNZ,r4rk1/pp1bppbp/5Np1/2q1n3/2B2Bn1/5N2/PPQ2PPP/R4RK1 b KQkq - 0 1,e7f6 c4f7 f8f7 c2c5 e5f3 g2f3,https://lichess.org/training/9suNZ
9uNAy,r4rk1/p1p2ppp/2Q2n2/8/2B5/4PKB1/P1q4P/7R b KQkq - 0 1,a8e8 c4f7 f8f7 c6c2 f6d5 f3e2,https://lichess.org/training/9uNAy
AQCBk,5rk1/1pp2ppp/8/8/3q3P/r1PB1P2/p2Q1P2/K5R1 b KQkq - 0 1,a3c3 d3h7 g8h7 d2d4 c3c1 g1c1,https://lichess.org/training/AQCBk
AUGTW,2r2rk1/p4ppp/b3pn2/q2p4/5P2/1P5P/P1BQNPP1/2R1K2R b KQkq - 0 1,a5a2 c2h7 g8h7 d2a2 c8c1 e2c1,https://lichess.org/training/AUGTW
AWiGj,r2qk2r/1p3pp1/p1nb3p/3QpB2/1P6/P1N1P1P1/2P2PP1/1R2K2R w KQkq - 0 1,c3e4 d6b4 a3b4 d8d5 c2c4 d5d8,https://lichess.org/training/AWiGj
AeIjl,r1b2rk1/pp1n1ppp/2p1pn2/4N3/3P4/2qB4/P1P2PPP/1R1Q1RK1 b KQkq - 0 1,c3d4 d3h7 g8h7 d1d4 d7e5 d4e5,https://lichess.org/training/AeIjl
AjaYw,1rbq2k1/p1p2p1p/1p1b2p1/5P2/1PBQ4/P7/2P3PP/R4RK1 w KQkq - 0 1,f5g6 d6h2 g1h2 d8d4 g6f7 g8f8,https://lichess.org/training/AjaYw
BDQyt,r2q2k1/2p2rpp/pp1b4/3Q1p2/P2P3N/1PB5/5PPP/R3R1K1 w KQkq - 0 1,h4f5 d6h2 g1h2 d8d5 f5e7 f7e7,https://lichess.org/training/BDQyt
BPkzn,r4rk1/ppp2ppp/8/7b/3q4/2nB1P2/P1PQ1R1P/R1B3K1 b KQkq - 0 1,h5f3 d3h7 g8h7 d2d4 c3e2 f2e2,https://lichess.org/training/BPkzn
BRrvq,r6r/pppb1kpp/4pn2/8/1QBqp3/N4P2/6PP/2B2R1K b KQkq - 0 1,e4f3 c4e6 d7e6 b4d4 f3g2 h1g2,https://lichess.org/training/BRrvq
Blv73,rnb2rk1/pp2ppbp/2p2Bp1/8/8/qB3Q1P/P3NPP1/R4RK1 b KQkq - 0 1,g7f6 b3f7 f8f7 f3a3 f6a1 f1a1,https://lichess.org/training/Blv73
BqIs5,r1b1r1k1/ppp2ppp/2n5/2bq4/8/3BBN2/PPP2PPP/R2QK2R b KQkq - 0 1,c5e3 d3h7 g8h7 d1d5 e3h6 e1f1,https://lichess.org/training/BqIs5
C6nMK,r3r3/1p3p1k/p1b1p2p/5p2/8/q2B2QP/2P2PP1/3RR1K1 b KQkq - 0 1,e8g8 d3f5 e6f5 g3a3 g8g2 g1f1,https://lichess.org/training/C6nMK
CGagO,4rk2/B4ppp/2Qb1q2/8/1P6/8/P1P2PPP/3R2K1 w KQkq - 0 1,a2a3 d6h2 g1h2 f6c6 a7c5 f8g8,https://lichess.org/training/CGagO
CHmtq,r4rk1/pb3ppp/n1p5/2qn2P1/1b1N1B2/2NB1P2/1PPQ3P/3KR2R b KQkq - 0 1,c5d4 d3h7 g8h7 d2d4 d5c3 d1c1,https://lichess.org/training/CHmtq
CO97G,r2qk1nr/ppp2ppp/2nb4/3p4/4N3/2P2B2/PP3PPP/R1BQ1RK1 w KQkq - 0 1,d1d5 d6h2 g1h2 d8d5 e4f6 g8f6 f3d5 f6d5,https://lichess.org/training/CO97G
CScNJ,r1bqk2r/pp2nppp/3b4/6B1/4p3/5N2/PPP2PPP/RN1QR1K1 w KQkq - 0 1,e1e4 d6h2 g1h2 d8d1 e4e7 e8f8,https://lichess.org/training/CScNJ
Cl6E1,7k/p2q1r1p/6p1/5p2/PB1b4/3p3P/5PPN/3QR1K1 w KQkq - 0 1,d1d3 d4f2 g1f2 d7d3 e1e8 h8g7,https://lichess.org/training/Cl6E1
CogHr,2r1k2r/pp3ppp/8/1qbQ1nB1/1P6/2P2N2/P4PPP/R3K2R w KQkq - 0 1,d5f5 c5f2 e1f2 b5f5 h1e1 e8f8,https://lichess.org/training/CogHr
CwGSS,2r3k1/3r1pp1/3q3p/8/4P3/1B2Q1PP/2p2P1K/2R5 b KQkq - 0 1,d6a3 b3f7 d7f7 e3a3 f7f2 h2g1,https://lichess.org/training/CwGSS
CwsCe,2r2rk1/Rp3ppp/3pq3/1P1Pp1b1/8/2PB1P2/6PP/3Q1RK1 b KQkq - 0 1,e6d5 d3h7 g8h7 d1d5 g5e3 g1h1,https://lichess.org/training/CwsCe
D6HaS,4k2r/1p3p2/p1r1p1p1/q1b1n1Bp/2R2Q1P/1P4N1/P4PP1/5RK1 w KQkq - 0 1,f4e5 c5f2 f1f2 a5e5 c4c6 b7c6,https://lichess.org/training/D6HaS
DAHoO,5rk1/5ppp/4bn2/q2p4/3P4/2NBQ3/Pr3PPP/RR4K1 b KQkq - 0 1,a5c3 d3h7 g8h7 e3c3 b2b1 a1b1,https://lichess.org/training/DAHoO
DEWI2,5rk1/5pp1/2p4p/4r3/1q1p4/1Bn5/1QP3PP/N1KR1R2 b KQkq - 0 1,c3d1 b3f7 f8f7 b2b4 f7f1 b4c4 f1f7 c1d1,https://lichess.org/training/DEWI2
DEeA7,r1bq2k1/p4ppp/2p2n2/8/1b1p4/2NB1P2/PPP2KPP/R2Q3R b KQkq - 0 1,d4c3 d3h7 g8h7 d1d8 b4c5 f2e1,https://lichess.org/training/DEeA7
DGiqR,4r1k1/5ppp/2pQ4/pp1b3P/3q4/P7/1P3RP1/5R1K w KQkq - 0 1,h5h6 d5g2 f2g2 d4d6 g2g7 g8h8,https://lichess.org/training/DGiqR
DQn8K,3r2k1/ppq1npp1/7p/4p2P/2BnPP1P/1PQ4N/P3r3/2K3RR b KQkq - 0 1,e2e4 c4f7 g8f7 c3c7 d8c8 c7c8,https://lichess.org/training/DQn8K
Do0qV,2r2r2/1pkq2p1/p2b3p/2pQ1p2/8/N1P5/PP4PP/R1B1R1K1 w KQkq - 0 1,a3c4 d6h2 g1h2 d7d5 c1f4 c7c6 c4e5 c6b6,https://lichess.org/training/Do0qV
Dsdtn,r3k2r/pppq1p2/8/8/2Nb2b1/3n1NPp/PP3P1P/R2Q1RKB w KQkq - 0 1,d1d3 d4f2 f1f2 d7d3 f3e5 d3d4,https://lichess.org/training/Dsdtn
Dyhdh,r2q1r1k/7p/3b2pP/p1pQ1pP1/3P1P2/6B1/1P6/2K1R2R w KQkq - 0 1,d4c5 d6f4 g3f4 d8d5 f4e5 h8g8,https://lichess.org/training/Dyhdh
EOgn5,1r3kr1/p2q1pp1/3bp2p/7N/8/2PbQ3/PB1P1PPP/R3R1K1 w KQkq - 0 1,e3d3 d6h2 g1h2 d7d3 b2a3 f8e8,https://lichess.org/training/EOgn5
ETJph,4rr2/p4p1k/3Pn1pP/2P5/2Q1B2q/4Kp1N/P7/7R b KQkq - 0 1,f3f2 e4g6 f7g6 c4h4 e6g5 e3d3,https://lichess.org/training/ETJph
EVzbN,2r3k1/6pp/p7/2q1np2/P1p5/7P/Q3BPP1/2R4K b KQkq - 0 1,c5f2 e2c4 c8c4 a2f2 c4c1 h1h2,https://lichess.org/training/EVzbN
EgNgq,4r3/2q1P1pp/2b2pk1/2Q2N2/2P5/7P/6P1/4R2K w KQkq - 0 1,f5d6 c6g2 h1g2 c7c5 d6e8 c5c6 g2f1 c6e8,https://lichess.org/training/EgNgq
FK8w6,r1b2rk1/1p3ppp/p3pn2/8/2PQ4/3B1KB1/PP1q2PP/R6R b KQkq - 0 1,e6e5 d3h7 g8h7 d4d2 c8g4 f3e3,https://lichess.org/training/FK8w6
FKbGF,r1b2rk1/ppp2ppp/2n5/8/3q4/3B1R1P/P1P2PP1/R2QB1K1 b KQkq - 0 1,c6e5 d3h7 g8h7 d1d4 e5f3 g2f3,https://lichess.org/training/FKbGF
FTTrT,5rk1/1p4p1/7p/q1b1nQ2/8/6P1/P3PP1P/R4RK1 w KQkq - 0 1,f5e5 c5f2 f1f2 a5e5 f2f8 g8f8,https://lichess.org/training/FTTrT
FVIAC,2rR2k1/5bp1/p1q4p/4pp2/2B5/P4NbP/1P4P1/2Q4K b KQkq - 0 1,c8d8 c4f7 g8f7 c1c6 d8d1 f3g1,https://lichess.org/training/FVIAC
FXYDh,6k1/6pb/p1p4p/2Pp4/3P2P1/PR2p1qP/5rB1/6QK b KQkq - 0 1,h7c2 g2d5 c6d5 g1g3 f2f1 h1h2,https://lichess.org/training/FXYDh
FYYgn,1r1q1rk1/5ppp/2b2n2/1p6/1b1B4/2NB3P/2PQ1PP1/R4RK1 b KQkq - 0 1,d8d4 d3h7 f6h7 d2d4 b4c3 d4c3,https://lichess.org/training/FYYgn
FcQ3k,r1b5/1p2kp1Q/p1n4b/4p3/5P2/1N4P1/PPP1N2q/R3KB2 w KQkq - 0 1,e1c1 h6f4 e2f4 h2h7 f4d5 e7f8,https://lichess.org/training/FcQ3k
FdiPb,3q2k1/r4pp1/p6p/2bBr3/PpP3b1/3Q4/6PP/RN3R1K b KQkq - 0 1,g4e2 d5f7 a7f7 d3d8 f7f8 f1f8,https://lichess.org/training/FdiPb
Feq5e,r2q1rk1/pbp2p1p/1p4p1/8/3b4/6P1/PP2RPBP/R1BQ2K1 w KQkq - 0 1,g2b7 d4f2 g1f2 d8d1 b7a8 f8a8,https://lichess.org/training/Feq5e
FoEW5,r2r2k1/3b1ppp/p2pp3/4P3/Rn1q1P2/1PNB2P1/2PQ3P/5R1K b KQkq - 0 1,d7a4 d3h7 g8h7 d2d4 a4c6 h1g1,https://lichess.org/training/FoEW5
Fwhx7,8/5pkp/3Q2pb/P2b4/3q4/1P1B4/2P3PP/5R1K w KQkq - 0 1,d3c4 d5g2 h1g2 d4d6 f1f7 g7h8,https://lichess.org/training/Fwhx7
GIeuY,2rb1rk1/1p1qnpp1/p7/3BPp1p/3Q1P2/4B2P/PP4P1/2RR2K1 b KQkq - 0 1,c8c1 d5f7 f8f7 d4d7 c1d1 d7d1,https://lichess.org/training/GIeuY
GJSA7,r2qr1k1/ppp3pp/2nbR3/3n4/8/5N2/PPP2PPP/R1BQ2K1 w KQkq - 0 1,d1d5 d6h2 f3h2 d8d5 e6e8 a8e8,https://lichess.org/training/GJSA7
GKWfO,r1b2rk1/pp3ppp/2p2n2/4P3/3q4/P2B1P2/6PP/R1BQ1R1K b KQkq - 0 1,f6h5 d3h7 g8h7 d1d4 h5g3 h2g3,https://lichess.org/training/GKWfO
GLHro,6k1/pp1q2pp/3br3/5p2/1P6/P7/1RP2PPP/3QR1K1 w KQkq - 0 1,d1d5 d6h2 g1h2 d7d5 e1e6 d5e6,https://lichess.org/training/GLHro
GLL32,3r3k/2q1b1pp/p7/2pQpPP1/4P2P/8/1PP5/2K2R1R w KQkq - 0 1,d5f7 e7g5 h4g5 c7f7 h1h7 h8g8,https://lichess.org/training/GLL32
GNXou,2r3r1/p1kq4/1ppb1BQ1/8/1PP5/P1N5/5PPP/R4RK1 w KQkq - 0 1,g6d3 d6h2 g1h2 d7d3 f6e5 c7b7,https://lichess.org/training/GNXou
GR8lu,1r1r2k1/2R1npp1/1p5p/pQ1BP1q1/8/6P1/P4P1P/3R2K1 b KQkq - 0 1,g5e5 d5f7 g8f7 b5e5 d8d1 g1g2,https://lichess.org/training/GR8lu
GTDCX,2kr4/ppp1r3/4bp1p/PPq1p3/2B5/5PK1/2Q4P/2RR4 b KQkq - 0 1,d8d1 c4e6 e7e6 c2c5 d1c1 c5c1,https://lichess.org/training/GTDCX
HBBTE,r4kn1/pp1b1qbQ/4p1R1/3p2B1/8/2P3N1/5PP1/RN2K3 w KQkq - 0 1,g3h5 g7c3 b1c3 f7h7 g6g8 h7g8,https://lichess.org/training/HBBTE
HhVkH,r2q1rk1/p4pp1/b1pb3p/n7/B3n3/5N2/PPP2PPP/RNBQR1K1 w KQkq - 0 1,e1e4 d6h2 g1h2 d8d1 b1d2 a6b5 e4e1 d1e1 f3e1 b5a4,https://lichess.org/training/HhVkH
HtAGG,8/p1q5/1k2r1p1/2bR1p2/8/P1Q3PP/1PP2P2/3R2K1 w KQkq - 0 1,b2b4 c5f2 g1f2 c7c3 d5d6 e6d6,https://lichess.org/training/HtAGG
I0SZH,r1bqk2r/ppp2p1p/3b2p1/7n/3Q4/8/PPP1BPPP/RNB2RK1 w KQkq - 0 1,f1e1 d6h2 g1h2 d8d4 e2h5 c8e6,https://lichess.org/training/I0SZH
I37PD,N2k3r/pp1q1ppp/2nb1n2/2pp2B1/8/8/PPP1BPPP/R2Q1RK1 w KQkq - 0 1,d1d5 d6h2 g1h2 d7d5 a1d1 c6d4,https://lichess.org/training/I37PD
I5nRQ,r3r1k1/ppp2ppp/2p5/4P2n/3q4/2NB1PPb/PPP4P/R2QR2K b KQkq - 0 1,e8e5 d3h7 g8h7 d1d4 e5e1 a1e1,https://lichess.org/training/I5nRQ
IFIO1,6k1/p4ppp/b7/8/4P3/qBQ1B1P1/P3rP1P/6K1 b KQkq - 0 1,h7h6 b3f7 g8f7 c3a3 e2e1 g1g2 a6f1 g2f3,https://lichess.org/training/IFIO1
IJ4ah,r1b1r1k1/pp3ppp/2n2b2/3q4/3pB1PP/5Q2/PPPN1P2/R1B1K2R b KQkq - 0 1,c6e5 e4h7 g8h7 f3d5 e5d3 e1f1,https://lichess.org/training/IJ4ah
IUr7j,4r1k1/p1pq1ppp/1pNb4/3n2B1/8/1QP5/PP3PPP/R5K1 w KQkq - 0 1,b3d5 d6h2 g1h2 d7d5 c6e7 e8e7,https://lichess.org/training/IUr7j
ItfkV,5rk1/pppnq1pp/4bp2/4P3/5P2/2N1Q3/PPP1B1PP/1K1R4 w KQkq - 0 1,e5f6 e6a2 b1a2 e7e3 e2c4 g8h8,https://lichess.org/training/ItfkV
IuneV,r1b2rk1/pp3p1R/2p1pbp1/2P1N3/3q4/3B2P1/PP3PP1/R2QK3 b KQkq - 0 1,g8h7 d3g6 f7g6 d1d4 f6e5 d4e5,https://lichess.org/training/IuneV
J2Dly,r2q1rk1/5ppp/p1pb1n2/1pn3B1/3PN3/3Q1B2/PP3PPP/R4RK1 w KQkq - 0 1,d4c5 d6h2 g1h2 d8d3 e4f6 g7f6,https://lichess.org/training/J2Dly
J8l5K,rn3rk1/1b4pp/p4n2/8/1pPq4/3B1P2/1P4P1/RNBQ1R1K b KQkq - 0 1,f6h5 d3h7 g8h7 d1d4 h5g3 h1h2,https://lichess.org/training/J8l5K
JKltK,6k1/2pN1p2/1p2r2p/q1bQ2pb/4P3/2P3BP/5PP1/5RK1 w KQkq - 0 1,e4e5 c5f2 f1f2 a5d5 d7f6 e6f6,https://lichess.org/training/JKltK
JOpw5,5rk1/p5p1/1p5p/2p5/qP1bQ3/6P1/P4P1P/3R1RK1 w KQkq - 0 1,b4c5 d4f2 f1f2 a4e4 f2f8 g8f8,https://lichess.org/training/JOpw5
JPsgW,4rr1k/1p1q2pp/p2b1pb1/P2Q4/3P4/4PN2/3BB2P/2R2RK1 w KQkq - 0 1,f3h4 d6h2 g1h2 d7d5 h4g6 h7g6,https://lichess.org/training/JPsgW
JchYA,2k5/ppp2q2/6p1/3p1bB1/8/P1b2QP1/1PP4P/4KB1R w KQkq - 0 1,e1d1 f5c2 d1c2 f7f3 f1h3 c8b8,https://lichess.org/training/JchYA
JlMoO,r4rk1/1pp3pp/p2p4/3P4/3q2n1/3B2P1/PPPQ3P/1R3R1K b KQkq - 0 1,f8f2 d3h7 g8h7 d2d4 f2f1 b1f1,https://lichess.org/training/JlMoO
JngOd,r1b3k1/pp6/7p/3p2p1/1n1P4/P1N3qP/1PP2rB1/R5QK b KQkq - 0 1,c8h3 g2d5 b4d5 g1g3 h3g2 h1g1,https://lichess.org/training/JngOd
JvHGD,2rr2k1/p4ppp/1p2p3/8/3P3P/PQ1B1q2/1P6/1K1RB3 b KQkq - 0 1,d8d4 d3h7 g8h7 b3f3 d4d1 f3d1,https://lichess.org/training/JvHGD
JwB7j,r2q1rk1/pppBpp1p/3b2p1/3Q2B1/8/2P5/PP3PPP/RN3RK1 w KQkq - 0 1,d7a4 d6h2 g1h2 d8d5 g5e3 d5c4 h2g1 c4a4,https://lichess.org/training/JwB7j
K24dC,8/p4pk1/b3p2p/4Qp2/P1rrB3/4qP2/6PP/R2R3K b KQkq - 0 1,g7h7 e4f5 e6f5 e5e3 d4d1 a1d1,https://lichess.org/training/K24dC
K2eM2,N1bq3r/pp2kppp/3bp2n/8/2B2Q2/8/PPP2PPP/R1B2RK1 w KQkq - 0 1,f4d4 d6h2 g1h2 d8d4 c1g5 f7f6,https://lichess.org/training/K2eM2
K5mWx,1k6/p1q1bQpp/2P5/1rP5/1P6/5P2/P3r1PP/3R1RK1 w KQkq - 0 1,a2a3 e7c5 b4c5 c7f7 d1d8 b8c7 d8d7 f7d7,https://lichess.org/training/K5mWx
KGvCO,r1b2rk1/1p4pp/p3p3/4b3/Q1B1q3/8/PP3P1P/K2R2R1 b KQkq - 0 1,b7b5 c4e6 c8e6 a4e4 e5b2 a1b2,https://lichess.org/training/KGvCO
KWZdt,3r1rk1/1p2bppp/p1b1pn2/2P5/1P3B2/P1qB2Q1/2P3PP/R4RK1 b KQkq - 0 1,f6h5 d3h7 g8h7 g3c3 h5f4 f1f4,https://lichess.org/training/KWZdt
KcTqp,4r1k1/R5pp/1pQbq3/2p5/1P2p3/2PPB3/2P2PPP/6K1 w KQkq - 0 1,a7a8 d6h2 g1h2 e6c6 a8e8 c6e8,https://lichess.org/training/KcTqp
KdszI,r3r1k1/1p1b1ppp/8/p2pP3/8/1PQBq3/P2N1RPP/5K2 b KQkq - 0 1,a8c8 d3h7 g8h7 c3e3 c8c1 f1e2,https://lichess.org/training/KdszI
KuAP2,r1bqr1k1/pp3ppp/5n2/1P2n3/3B4/P2B3P/2P2PP1/RN1Q1RK1 b KQkq - 0 1,d8d4 d3h7 f6h7 d1d4 e5f3 g2f3,https://lichess.org/training/KuAP2
KvsBN,r2q1rk1/p1p2p1p/2pb2p1/8/4n3/2N2R2/PPP2PPP/R1BQ2K1 w KQkq - 0 1,c3e4 d6h2 g1h2 d8d1 e4f6 g8h8,https://lichess.org/training/KvsBN
Kz5Es,2krr3/ppp2ppp/8/2b2q2/5B2/nP4P1/P3NPBP/2R1QRK1 w KQkq - 0 1,e1a5 c5f2 f1f2 f5a5 f4c7 a5c7,https://lichess.org/training/Kz5Es
L1Ttb,r1b2rk1/pp2ppbp/6p1/2q5/2B5/1Pn1PN1P/P1QN1PP1/1R3RK1 b KQkq - 0 1,c3b1 c4f7 f8f7 c2c5 b1d2 f3d2,https://lichess.org/training/L1Ttb
LJMRy,3rr1k1/2p2ppp/p2b2q1/8/8/4BB2/1P2QPPP/3R1RK1 w KQkq - 0 1,e2a6 d6h2 g1h2 g6a6 d1d8 e8d8,https://lichess.org/training/LJMRy
LJxWU,r4rk1/pp3ppp/4p3/3pnn2/1P1q4/PR1BB3/5PPP/3QR1K1 b KQkq - 0 1,f5e3 d3h7 g8h7 d1d4 e5f3 g2f3,https://lichess.org/training/LJxWU
LKNMx,3r1rk1/pbN1bppp/1p3n2/2q5/1PBnP3/2Q2N1P/P1PB1PP1/R3R1K1 b KQkq - 0 1,c5c7 c4f7 f8f7 c3c7 d4f3 g2f3,https://lichess.org/training/LKNMx
LZBB0,8/1p1r4/p1p3pk/1q1bQ1N1/8/2P5/5RPP/5R1K w KQkq - 0 1,h2h4 d5g2 h1g2 b5e5 g5f7 d7f7,https://lichess.org/training/LZBB0
LesG7,2r2r1k/1p1q2p1/pB1b3p/3Q2P1/4p3/2P4N/PP1N1P1P/R5K1 w KQkq - 0 1,g5h6 d6h2 g1h2 d7d5 h6g7 h8g7,https://lichess.org/training/LesG7
Ljhhb,r2qk2r/1pp2ppp/p1pb1P2/8/3Q4/5b2/PPP2PPP/RNB2RK1 w KQkq - 0 1,f6g7 d6h2 g1h2 d8d4 g7h8q d4h8 f1e1 e8d7,https://lichess.org/training/Ljhhb
Lkdav,3rr3/6kp/p2q1pp1/1p1b4/2PQ1P2/1P1P4/P5PP/4RR1K w KQkq - 0 1,e1e8 d5g2 h1g2 d6d4 e8d8 d4d8,https://lichess.org/training/Lkdav
LsLLg,4r1k1/3n3R/2p3p1/2rpp1P1/5P2/4P3/1qB1QK2/2R5 b KQkq - 0 1,g8h7 c2g6 h7g6 e2b2 c5c1 b2c1,https://lichess.org/training/LsLLg
M4J6H,r4rk1/pQb1qppp/4b3/2p5/B7/P3BN2/1PP2PPP/3R1RK1 w KQkq - 0 1,a4b3 c7h2 f3h2 e7b7 b3e6 f7e6,https://lichess.org/training/M4J6H
M9G99,Q1bqr1k1/6bp/6p1/2p5/8/P4PPP/1P2R1K1/RNB1n1N1 w KQkq - 0 1,g2f1 c8h3 g1h3 d8a8 f1e1 e8e2,https://lichess.org/training/M9G99
MX1nj,6k1/6pp/8/Pqb2Q2/8/3pPPP1/7P/3R2K1 w KQkq - 0 1,d1d3 c5e3 d3e3 b5f5 e3e8 g8f7,https://lichess.org/training/MX1nj
MzRwG,4R3/qb1r1pkp/p5p1/1p6/3b2Q1/1BB2P2/PPP3KP/8 w KQkq - 0 1,g4d7 b7f3 g2f3 a7d7 c3d4 d7d4,https://lichess.org/training/MzRwG
N8YCn,4r1k1/6p1/1Q6/3bq2p/8/P7/1P3RPP/6RK w KQkq - 0 1,b6c5 d5g2 f2g2 e5c5 g2g7 g8h8,https://lichess.org/training/N8YCn
NAz71,2r3k1/6pp/p4r2/1p3p1P/3Nb3/1P2qPQ1/P1PR2P1/1K1R4 w KQkq - 0 1,g3e5 e4c2 d2c2 e3e5 c2c8 f6f8,https://lichess.org/training/NAz71
NQVWf,2kr3r/pp1bb1pp/4p3/4qp2/3BB1Q1/PP1P2P1/2P2P1P/R3K2R b KQkq - 0 1,e5d4 e4b7 c8b7 g4d4 e7f6 d4b4,https://lichess.org/training/NQVWf
Nehyy,3q1rk1/1p3pp1/p2b1r1p/2pQ4/8/2NP4/PPP2PPP/R3R1K1 w KQkq - 0 1,c3e4 d6h2 g1h2 d8d5 e4f6 g7f6,https://lichess.org/training/Nehyy
NoB34,r5k1/5ppp/5b2/3q4/2N2p2/3B3P/3Q1PP1/6K1 b KQkq - 0 1,f4f3 d3h7 g8h7 d2d5 a8a1 g1h2,https://lichess.org/training/NoB34
NqbmY,3k2r1/pppq4/3b4/5p2/1PP2Pbp/2N3P1/P2Q3P/R3R1K1 w KQkq - 0 1,c4c5 d6c5 b4c5 d7d2 a1d1 g4d1,https://lichess.org/training/NqbmY
NwpUs,1rb2rk1/1p1qbppp/pBn5/2nNp3/2N5/3B4/PPP2PPP/R2Q1RK1 b KQkq - 0 1,d7d5 d3h7 g8h7 d1d5 c8e6 d5f3,https://lichess.org/training/NwpUs
NyouE,3r1rk1/p1q1bppp/6n1/3np3/2B5/4BP2/PPQ1N1PP/3R1RK1 b KQkq - 0 1,d5e3 c4f7 f8f7 c2c7 e3d1 c7c1 d1b2 c1b2 e7c5 g1h1,https://lichess.org/training/NyouE
Nyubi,r2qk2r/ppp2ppp/3b1p2/8/2Bn4/2N2P2/PP3PPP/R2Q1RK1 w KQkq - 0 1,d1d4 d6h2 g1h2 d8d4 a1e1 e8f8,https://lichess.org/training/Nyubi
OLxhr,1k1r3r/pp4pp/1q1bpn2/8/2Q5/2N5/PPB2PPP/R1B2RK1 w KQkq - 0 1,c4e6 d6h2 g1h2 b6e6 c1f4 b8a8,https://lichess.org/training/OLxhr
ON1G3,r5k1/bp3p1p/p1n2p2/3pr2b/3N4/2P2P2/Pq2N1PP/RB1Q1R1K b KQkq - 0 1,b2a1 b1h7 g8h7 d1a1 c6d4 e2d4,https://lichess.org/training/ON1G3
OWOUG,r5k1/1ppb1ppp/p2p4/2bq4/P4R2/3BrNP1/1PP3KP/R2Q4 b KQkq - 0 1,a8e8 d3h7 g8h7 d1d5 e3e2 g2h1,https://lichess.org/training/OWOUG
OY7gd,1r2k2r/p4ppp/2p5/3bN3/Q2b3q/3P4/PP3PPP/RNB2RK1 w KQkq - 0 1,e5c6 d4f2 f1f2 h4a4 c6b8 a4d1,https://lichess.org/training/OY7gd
OYFrk,6k1/pp1nr2p/4pnp1/2q5/2B5/1P5P/P1Q2PP1/4R1K1 b KQkq - 0 1,d7e5 c4e6 e7e6 c2c5 e5f3 g2f3,https://lichess.org/training/OYFrk
OgGQr,r2q4/n1p4k/p2b2p1/1p1Q4/3P4/1P2B3/P4PPP/2R1R1K1 w KQkq - 0 1,e3g5 d6h2 g1h2 d8d5 c1c7 h7g8,https://lichess.org/training/OgGQr
OhXRm,r4rk1/pp3ppp/2nq4/3B4/1P1b4/P1P5/5PPP/R2QR1K1 b KQkq - 0 1,d4c3 d5f7 f8f7 d1d6 c3a1 e1a1,https://lichess.org/training/OhXRm
OiJEq,r1b2rk1/1p3ppp/pn1q4/2b5/8/3BB3/PP3PPP/2RQ1RK1 b KQkq - 0 1,c5e3 d3h7 g8h7 d1d6 e3c1 d6f8,https://lichess.org/training/OiJEq
OjJon,5r2/5pk1/p3p1bp/1p1pP3/3q4/1P6/P1rB1RPP/3Q2K1 b KQkq - 0 1,c2c8 d2h6 g7h6 d1d4 c8c1 f2f1,https://lichess.org/training/OjJon
OjtBd,r5k1/2pq1r2/p1Nb3p/1p1p3Q/3Nn3/2P5/PPB2PPP/R5K1 w KQkq - 0 1,h5d5 d6h2 g1h2 d7d5 c6e7 f7e7,https://lichess.org/training/OjtBd
PIs8Q,r1bqk2r/5pp1/2pbp3/p6p/2B1n3/5N2/PP3PPP/R1BQR1K1 w KQkq - 0 1,e1e4 d6h2 g1h2 d8d1 e4d4 d1c2,https://lichess.org/training/PIs8Q
PTnlN,5k2/p4pp1/2Qpb3/2b5/2q4p/5N1P/PPPB1PP1/4R1K1 w KQkq - 0 1,f3g5 c5f2 g1f2 c4c6 g5e6 f7e6,https://lichess.org/training/PTnlN
PTvP5,4r1n1/pk1n3p/2p1q3/4bR2/2p1Q3/2N1B3/PPP3PP/5RK1 w KQkq - 0 1,c3a4 e5h2 g1h2 e6e4 a4c5 d7c5,https://lichess.org/training/PTvP5
PgfJw,1k1rr3/pp1q1pp1/3b4/3n3p/3P2b1/1Q2BN2/PP2BPPP/2R1R1K1 w KQkq - 0 1,b3d5 d6h2 f3h2 d7d5 h2g4 h5g4,https://lichess.org/training/PgfJw
Q1pg7,r1b2rk1/4bppp/4pn2/2q5/2PN1P2/P2B4/6PP/RN1Q1R1K b KQkq - 0 1,c5d4 d3h7 f6h7 d1d4 e7f6 d4e4 c8b7 e4b7,https://lichess.org/training/Q1pg7
QG42G,2b4k/4n1rp/1q1b1Q2/2p5/3p4/P2P4/1P3PPP/1R2R1K1 w KQkq - 0 1,e1e7 d6h2 g1h2 b6f6 e7e8 g7g8,https://lichess.org/training/QG42G
QHJTj,r4rk1/pp3ppp/4b3/8/3q4/P2B2nP/1P3RP1/RN1Q2K1 b KQkq - 0 1,e6c4 d3h7 g8h7 d1d4 g3e2 f2e2,https://lichess.org/training/QHJTj
QWHO8,7k/2pq2p1/p2br2p/1p1Q2n1/3B3N/1P6/P1P2PPP/4R1K1 w KQkq - 0 1,e1e6 d6h2 g1h2 d7d5 e6e8 h8h7,https://lichess.org/training/QWHO8
QYjmW,4r3/R5k1/2b5/1p3p2/2p3p1/2P2P2/1P1qBQK1/8 b KQkq - 0 1,g7g8 e2c4 b5c4 f2d2 e8e2 d2e2,https://lichess.org/training/QYjmW
QjRct,5rk1/4nrp1/p3Bp2/2qbP2Q/2pN3p/7P/PPP3P1/3R1R1K w KQkq - 0 1,e5f6 d5g2 h1g2 c5h5 f6e7 h5g5 g2h1 g5e7,https://lichess.org/training/QjRct
Qk6m5,r2r2k1/1p2bppp/p1n1pB2/8/2P2PP1/q2BQ2P/4N3/3RK2R b KQkq - 0 1,e7f6 d3h7 g8h7 e3a3 d8d1 e1d1,https://lichess.org/training/Qk6m5
R4iIn,r2r2k1/pQ1P2pp/1b1B1p2/1q6/8/7P/3R1PP1/3R2K1 w KQkq - 0 1,d6e7 b6f2 d2f2 b5b7 e7d8 a8d8,https://lichess.org/training/R4iIn
R9Qff,1k1rr3/ppb2pp1/1n5p/P7/8/1Q2BqN1/1P3P1P/2R1R1K1 b KQkq - 0 1,b6d5 e3a7 b8a7 b3f3 e8e1 c1e1,https://lichess.org/training/R9Qff
RKf8c,r3r1k1/pbp2ppp/2p5/4n3/8/P2B1P2/2PQ2PP/q1B1R2K b KQkq - 0 1,a1d4 d3h7 g8h7 d2d4 e5f3 d4d3,https://lichess.org/training/RKf8c
RPD5H,r2q2k1/ppp2ppp/2bb4/8/2BQ4/2N1R1P1/PPP2P1n/5RK1 w KQkq - 0 1,g1h2 d6g3 f2g3 d8d4 c4f7 g8h8,https://lichess.org/training/RPD5H
Ra7bp,r1b2rk1/pp1p1ppp/4pq2/3n4/1b1P4/1PNB4/PBPQ1PPP/R3K2R b KQkq - 0 1,f6d4 d3h7 g8h7 d2d4 b4c3 b2c3,https://lichess.org/training/Ra7bp
Rw301,r2qk2r/1pp2p2/p2bbp1p/8/2BQ4/8/PP3PPP/R1B1R1K1 w KQkq - 0 1,c4e6 d6h2 g1h2 d8d4 e6b3 e8f8,https://lichess.org/training/Rw301
SLpxv,r2qk2r/1pp2ppp/p2b4/8/2Pn4/5B2/PP3PPP/R1BQ1RK1 w KQkq - 0 1,d1d4 d6h2 g1h2 d8d4 f1e1 e8f8,https://lichess.org/training/SLpxv
SVN1z,r1bk3r/p2pqBpp/2p5/1p2b3/4Q3/8/PPP3PP/RNB2RK1 w KQkq - 0 1,f7h5 e5h2 g1h2 e7e4 c1g5 d8c7,https://lichess.org/training/SVN1z
SYU80,r5k1/ppq2p1p/6p1/3Brb2/8/7P/PP3PP1/2RQR1K1 b KQkq - 0 1,c7d6 d5f7 g8f7 d1d6 e5e1 c1e1,https://lichess.org/training/SYU80
SaQj3,r3k2r/p4ppp/2pbRnb1/3p4/3q4/1PNB4/P1P2PPP/R1BQ2K1 b KQkq - 0 1,f7e6 d3g6 h7g6 d1d4 d6h2 g1f1,https://lichess.org/training/SaQj3
SiThR,r3r1k1/p1B2ppp/2p2n2/8/8/2qB1Q1P/b1P2PP1/4RRK1 b KQkq - 0 1,e8e1 d3h7 f6h7 f3c3 e1f1 g1f1,https://lichess.org/training/SiThR
SlVLD,r1bq1rk1/pp3ppp/2n2b2/3N4/8/3B1N2/PPP2PPP/R2QK2R b KQkq - 0 1,d8d5 d3h7 g8h7 d1d5 f8e8 e1f1,https://lichess.org/training/SlVLD
T84qq,2rq1rk1/pp3ppp/2nbb3/8/2B5/3QBN2/PP3PPP/R4RK1 w KQkq - 0 1,c4e6 d6h2 f3h2 d8d3 e6c8 f8c8,https://lichess.org/training/T84qq
TPmOR,3r2k1/pp1q1r1p/3b2p1/2pQ2p1/8/PP2P1P1/1BP4K/RN3R2 w KQkq - 0 1,f1f7 d6g3 h2g3 d7d5 f7g7 g8f8,https://lichess.org/training/TPmOR
TjdNU,r3r1k1/p4ppp/3q4/3bN3/1p1Q4/8/PPB3PP/2R1R2K w KQkq - 0 1,c2b3 d5g2 h1g2 d6d4 b3f7 g8f8,https://lichess.org/training/TjdNU
Tp0nr,2r2r1k/p7/1pn1qbQ1/3p2p1/3P4/PN3RPP/1P1B4/2R3K1 w KQkq - 0 1,c1f1 f6d4 b3d4 e6g6 f3f8 c8f8,https://lichess.org/training/Tp0nr
TpRU4,7r/p5pk/4p3/1pqbQ3/2p2R2/2P5/PP4PP/5RK1 w KQkq - 0 1,g1h1 d5g2 h1g2 c5e5 f4h4 h7g8,https://lichess.org/training/TpRU4
TtDE2,3q1rk1/1p3pp1/p2b1r1p/2pQ4/8/2NP4/PPP2PPP/1R2R1K1 w KQkq - 0 1,c3e4 d6h2 g1h2 d8d5 e4f6 g7f6,https://lichess.org/training/TtDE2
TxL7K,1k1r1b1r/pp3ppp/2pP4/2Qb2q1/8/5PB1/PPP2PBP/2KR3R w KQkq - 0 1,c1b1 d5a2 b1a2 g5c5 d6d7 b8a8,https://lichess.org/training/TxL7K
U0Uh7,r2qk2r/ppp3pp/3b4/3Q2N1/6b1/5n2/PPP2PPP/RNB2RK1 w KQkq - 0 1,g2f3 d6h2 g1h2 d8d5 f1e1 e8d7,https://lichess.org/training/U0Uh7
U3HoR,r1b3k1/pp2b1pp/4p3/3pn3/3q4/3B2RP/PP4PK/R1BQ4 b KQkq - 0 1,e7d6 d3h7 g8h7 d1d4 e5f3 g2f3,https://lichess.org/training/U3HoR
U63jq,2r1kb2/4pp1p/p6p/1q1bQ3/8/2P2P1P/P1B1N1r1/R4K1R w KQkq - 0 1,f1g2 d5f3 g2f3 b5e5 c2a4 e8d8 h1d1 d8c7,https://lichess.org/training/U63jq
UEkJy,rn2k1nr/ppp2p2/3pB1pp/4p2Q/4P2b/3PB1R1/PPP2P2/RN2K1Nq w KQkq - 0 1,g3g6 h4f2 e3f2 h1h5 e6f7 e8f7,https://lichess.org/training/UEkJy
UKEbZ,3rr1k1/pp3ppp/2pb1n2/7b/2pP1P2/P3B2P/NqBQ1PK1/R5R1 b KQkq - 0 1,f6d5 c2h7 g8h7 d2b2 d5e3 f2e3,https://lichess.org/training/UKEbZ
UM634,r1b2r1k/7p/p2q3p/1ppB1p2/3b4/2NQ3P/PP3PP1/R3R1K1 w KQkq - 0 1,d5a8 d4f2 g1f2 d6d3 a1d1 d3c4,https://lichess.org/training/UM634
UTxH4,rn1q1r1k/ppp3pp/3b2n1/3Q1b2/8/3B1N2/PPP2PPP/RNB2RK1 w KQkq - 0 1,d3f5 d6h2 f3h2 d8d5 f5g6 h7g6,https://lichess.org/training/UTxH4
UVob2,r3qr1k/ppp1b1p1/1n2Q3/4P1Pp/5B1P/P7/1PP1N3/2KR3R w KQkq - 0 1,f4g3 e7g5 h4g5 e8e6 h1h5 h8g8,https://lichess.org/training/UVob2
UpC2A,2r2rk1/1p1b1ppp/8/p7/3P1P2/qBnQB3/P5PP/K2R3R b KQkq - 0 1,c3d1 b3f7 f8f7 d3a3 d1e3 a3e3,https://lichess.org/training/UpC2A
UpTBw,2r3k1/pp3ppp/2bq1n2/4r3/3p1N2/2PB2PP/PP3P2/R2QR1K1 b KQkq - 0 1,d4c3 d3h7 f6h7 d1d6 e5e1 a1e1,https://lichess.org/training/UpTBw
UxuWQ,r2q1rk1/1pp4p/p1n3p1/5p2/B2b4/5NR1/PP3PPP/R1BQ2K1 w KQkq - 0 1,a4c6 d4f2 g1f2 d8d1 c1d2 d1a1,https://lichess.org/training/UxuWQ
UyJZy,rn1qr1k1/pp3ppp/2p5/5R2/3b4/8/PPP2PPP/RNBQ1BK1 w KQkq - 0 1,f1c4 d4f2 g1f2 d8d1 c4f7 g8h8,https://lichess.org/training/UyJZy
V2dzG,k2rr3/pp3p1p/2n5/q1b2Q2/2b2B2/2N2N2/PPP1BPPP/R3K2R w KQkq - 0 1,e1g1 c5f2 f1f2 a5f5 e2c4 f5f4,https://lichess.org/training/V2dzG
VAxCM,r4rk1/ppp2ppp/8/3p1qbQ/8/1PNP3P/PB1P1P2/2KR3R w KQkq - 0 1,h1g1 g5d2 d1d2 f5h5 c3d5 f7f6 d5f6 f8f6,https://lichess.org/training/VAxCM
VJ3Bw,3r4/p6k/1p4pp/2p1q3/P1PrBp2/5P1P/2P1QP2/6RK b KQkq - 0 1,d8d6 e4g6 d6g6 e2e5 g6g1 h1g1,https://lichess.org/training/VJ3Bw
VRMvt,r3rk2/p3q1bQ/1pp3R1/3p4/PP1PNp2/2P2P2/5K2/7R w KQkq - 0 1,h1g1 g7d4 c3d4 e7h7 g6f6 f8e7,https://lichess.org/training/VRMvt
VfTuw,2r1r1k1/p1p2ppp/2Qb2q1/5bB1/2B1p3/3P1N2/PPP2PPP/3R1RK1 w KQkq - 0 1,d3e4 d6h2 g1h2 g6c6 c4d5 c6d6,https://lichess.org/training/VfTuw
VgpKy,r4rk1/1p3p2/p1n3pp/3q4/2B2pbP/2Q2N2/PPP2PP1/2K4R b KQkq - 0 1,d5c5 c4f7 f8f7 c3c5 g4f3 g2f3,https://lichess.org/training/VgpKy
WAjfy,r3rnk1/pp3ppp/2pb4/8/3q2b1/2NBBP2/PP4PP/R2QR1K1 b KQkq - 0 1,e8e3 d3h7 f8h7 d1d4 e3e1 a1e1,https://lichess.org/training/WAjfy
WDczY,r1bqk2r/pp3p1p/2nb1p2/1B1Q4/3p4/8/PPP1NPPP/RN3RK1 w KQkq - 0 1,e2d4 d6h2 g1h2 d8d5 b5c6 b7c6,https://lichess.org/training/WDczY
WN4tF,1r4k1/RQb1qpp1/1B2n2p/8/6n1/1PP2N2/1P3PPP/3R2K1 w KQkq - 0 1,a7a8 c7h2 f3h2 e7b7 a8b8 b7b8,https://lichess.org/training/WN4tF
WOHwX,2r1r1k1/pp3ppp/8/3pP3/3q2b1/1P1B4/P1PQ2PP/RK2R3 b KQkq - 0 1,e8e5 d3h7 g8h7 d2d4 e5e1 b1b2,https://lichess.org/training/WOHwX
Wbk5a,r6r/1pp1qpk1/p1npb3/5pP1/4P3/2NBQ3/PPP5/1K1R3R w KQkq - 0 1,e4f5 e6a2 b1a2 e7e3 f5f6 g7g8,https://lichess.org/training/Wbk5a
WiY0X,1r1r2k1/5ppp/p1Qb3q/8/4N3/P5PP/1P3P1K/R3R3 w KQkq - 0 1,a1d1 d6g3 e4g3 h6c6 d1d8 b8d8,https://lichess.org/training/WiY0X
WjcvO,r1b2rk1/p3bppp/2p1pn2/3p2B1/3N1P2/3B4/PqP3PP/R2Q1R1K b KQkq - 0 1,b2d4 d3h7 f6h7 d1d4 h7g5 f4g5,https://lichess.org/training/WjcvO
WkVKi,1r4k1/p4ppp/2p5/2Pq1b2/P1B1p3/4P1P1/5P1P/2Q3K1 b KQkq - 0 1,d5c5 c4f7 g8f7 c1c5 b8b1 g1g2,https://lichess.org/training/WkVKi
Wl7kg,2kr2r1/ppp1qp1p/4b3/8/3Q2PP/2NBnP2/PPP5/1K1R3R w KQkq - 0 1,d4e3 e6a2 b1a2 e7e3 d3f5 c8b8,https://lichess.org/training/Wl7kg
WxFJJ,r2qk2r/ppp1n1pp/3bp3/8/8/2P2N2/P1P2PPP/R1BQR1K1 w KQkq - 0 1,e1e6 d6h2 g1h2 d8d1 e6e7 e8d8 c1g5 d1d6,https://lichess.org/training/WxFJJ
X2vOJ,3r1r2/4ppk1/p6p/1pq1BQp1/8/1PP1R2P/P4PP1/6K1 b KQkq - 0 1,f7f6 e5f6 e7f6 f5c5 d8d1 g1h2,https://lichess.org/training/X2vOJ
X5wuM,r1b1r1k1/ppp2ppp/n7/3PN3/3q4/P2B2PP/1P6/RN1QRK2 b KQkq - 0 1,e8e5 d3h7 g8h7 d1d4 c8h3 f1f2,https://lichess.org/training/X5wuM
XAmYi,r5k1/2p1rppp/p1b2n2/4N3/3q4/3B1P1P/P2Q2P1/R3R2K b KQkq - 0 1,e7e5 d3h7 f6h7 d2d4 e5e1 a1e1,https://lichess.org/training/XAmYi
XBZtT,3rr1k1/pp1nnppp/3N3q/3BRb2/5P2/2N3P1/PPP2K1P/R2Q4 b KQkq - 0 1,h6d6 d5f7 g8f7 d1d6 d7e5 d6e5,https://lichess.org/training/XBZtT
XFgSZ,r2qk2r/ppp3pp/2nb1p2/1B1Q1b2/4p3/5N2/PPP2PPP/RNB1R1K1 w KQkq - 0 1,f3d4 d6h2 g1h2 d8d5 b5c6 b7c6,https://lichess.org/training/XFgSZ
XQ7x9,r2qk2r/1pp2ppp/p1nbb3/8/B2NR3/8/PPP3PP/RNBQ2K1 w KQkq - 0 1,d4c6 d6h2 g1h2 d8d1 b1c3 d1h5,https://lichess.org/training/XQ7x9
XZzsY,3r2k1/2b2ppp/2p2P2/1p2p3/p2r4/2qBQ2P/P1P2PP1/1R1R2K1 b KQkq - 0 1,g7f6 d3h7 g8h7 e3c3 d4d1 b1d1 d8d1 g1h2,https://lichess.org/training/XZzsY
Xbwmz,r1b2rk1/1p4pp/3p4/p1bQB2q/2P5/P3Pp1P/1P3PP1/R4R1K b KQkq - 0 1,g8h8 e5g7 h8g7 d5h5 f3g2 h1g2,https://lichess.org/training/Xbwmz
XklKF,r2qk2r/ppp2ppp/2pb1P2/8/3Q4/5b2/PPP2PPP/RNB2RK1 w KQkq - 0 1,f6g7 d6h2 g1h2 d8d4 g7h8q d4h8,https://lichess.org/training/XklKF
Y403F,r2qr1k1/p4p2/3p3Q/2p1n2B/P2pn2P/8/2P2PP1/4RRK1 b KQkq - 0 1,d8h4 h5f7 g8f7 h6h4 e5f3 g2f3,https://lichess.org/training/Y403F
YFMfI,r6k/p6p/1p1P2p1/2p2p2/P1Qbq3/6P1/1P3P1P/R2R2K1 w KQkq - 0 1,d6d7 d4f2 g1f2 e4c4 d7d8r a8d8 d1d8 h8g7,https://lichess.org/training/YFMfI
YU6Mb,5rk1/pp4pp/8/1BqbQ3/5p2/b7/PP4PP/R4R1K w KQkq - 0 1,b2a3 d5g2 h1g2 c5e5 b5c4 g8h8,https://lichess.org/training/YU6Mb
YgP1w,1r3rk1/4nppp/1Np1b3/p2p4/8/PQ1Bq3/6PP/1R3R1K b KQkq - 0 1,b8b6 d3h7 g8h7 b3e3 b6b1 f1b1,https://lichess.org/training/YgP1w
Ygxaa,r4r1k/5p1p/p2p4/1pq1bQ2/8/2N4N/PPPB3P/2K3R1 w KQkq - 0 1,c3e4 e5b2 c1b2 c5f5 d2c3 f7f6,https://lichess.org/training/Ygxaa
YvwBD,4rrk1/pp1b2pp/2p5/3p4/8/1Q3BqP/PP4P1/3R1R1K b KQkq - 0 1,f8f6 f3d5 c6d5 b3g3 f6f1 d1f1,https://lichess.org/training/YvwBD
Z0jyz,r1bq1rk1/p4ppp/2pb4/8/2B1n3/P4N2/1P3PPP/R1BQR1K1 w KQkq - 0 1,e1e4 d6h2 g1h2 d8d1 e4d4 d1c2,https://lichess.org/training/Z0jyz
Z89O5,2b2rk1/6pp/4p3/4Q3/2q1BP2/6P1/7P/6RK b KQkq - 0 1,c4e2 e4h7 g8h7 e5e2 c8b7 g1g2,https://lichess.org/training/Z89O5
ZB4F6,4rrk1/6p1/3qp1Qp/3p4/6B1/7P/6P1/4R2K b KQkq - 0 1,d6g3 g4e6 e8e6 g6g3 e6e1 g3e1,https://lichess.org/training/ZB4F6
ZE4Cn,r2qk2r/pp2pp1p/6p1/5b2/3b4/7P/PPP1RPP1/RNBQ2K1 w KQkq - 0 1,c1g5 d4f2 g1f2 d8d1 e2e7 e8f8,https://lichess.org/training/ZE4Cn
ZvtBL,r4rk1/1bp2pp1/p6p/2p2N2/1q3b2/2N1R3/PPP2PPP/1R1Q2K1 w KQkq - 0 1,d1g4 f4h2 g1h2 b4g4 f5h6 g7h6,https://lichess.org/training/ZvtBL
ZyGVk,rn1k3r/pppq4/3b3p/6p1/4p3/5N2/PPP2PPP/R1BQR1K1 w KQkq - 0 1,e1e4 d6h2 g1h2 d7d1 e4d4 d1d4,https://lichess.org/training/ZyGVk
a1JQv,2kr3r/1pq2pp1/p3b3/2b4p/P3BN2/5n1P/1PQB1PP1/1R2R1K1 w KQkq - 0 1,e4f3 c5f2 g1f2 c7c2 e1c1 d8d2,https://lichess.org/training/a1JQv
aJqee,2kr2nr/pppq3p/3b4/5pp1/3n4/2NQ3B/PPPP1PPP/R1B1R1K1 w KQkq - 0 1,d3d4 d6h2 g1h2 d7d4 h3f5 c8b8,https://lichess.org/training/aJqee
aZjoE,8/k4r2/2q5/2b5/8/6P1/P3QP1P/5RK1 w KQkq - 0 1,e2c4 c5f2 f1f2 c6c4 f2f7 c4f7,https://lichess.org/training/aZjoE
b3VTI,r1b2rk1/pp2bppp/2n5/3pP1N1/3P4/q2B1Q2/P1PB2PP/R3K2R b KQkq - 0 1,e7g5 d3h7 g8h7 f3a3 g5d2 e1d2,https://lichess.org/training/b3VTI
bKn0I,2rr2k1/p3bppp/4p3/3q4/8/3BQ2P/4RPP1/3R2K1 b KQkq - 0 1,d5b3 d3h7 g8h7 e3b3 d8d1 b3d1,https://lichess.org/training/bKn0I
bQc9f,4r1k1/pp1n1ppp/3b1P2/2pPr1P1/2P2B2/2qB1Q1P/P7/4RRK1 b KQkq - 0 1,e5e1 d3h7 g8h7 f3c3 e1f1 g1f1,https://lichess.org/training/bQc9f
bQtni,5rk1/3R2bp/p5p1/1p3pN1/2q1b3/2P3Q1/PP4PP/3R3K w KQkq - 0 1,g3h4 e4g2 h1g2 c4h4 d7g7 g8g7,https://lichess.org/training/bQtni
bWK7u,1r1q3k/5r1p/1N2b1p1/p1P5/3b2P1/B2p3P/5PB1/1R1Q1RK1 w KQkq - 0 1,d1d3 d4f2 f1f2 d8d3 a3b2 h8g8,https://lichess.org/training/bWK7u
bWmGo,r2qk2r/ppp2pp1/3bb2p/7n/2BQ4/8/PPP2PPP/RNB1R1K1 w KQkq - 0 1,c4e6 d6h2 g1h2 d8d4 e6h3 e8f8,https://lichess.org/training/bWmGo
bYT8S,4r1k1/3q2pp/p2br3/1p1Q1B2/2p5/2P2n2/PP3PPP/R3R1K1 w KQkq - 0 1,g2f3 d6h2 g1h2 d7d5 f5e6 e8e6,https://lichess.org/training/bYT8S
bZer3,2r1rk2/p5pp/1p3p2/4bq2/7B/1Q2RP2/PP3P1P/4R1K1 w KQkq - 0 1,b3d5 e5h2 g1h2 f5d5 e3e8 c8e8,https://lichess.org/training/bZer3
bhuqn,k4r2/pp2p2p/8/1PqBQ3/4P3/6P1/P1r2P1P/5R1K b KQkq - 0 1,c2f2 d5b7 a8b7 e5c5 f2f1 h1g2,https://lichess.org/training/bhuqn
byuCO,r1q2rk1/p4ppp/bp2pn2/2bn2N1/5B2/2N3P1/PPQ1PPBP/R2R2K1 w KQkq - 0 1,c3d5 c5f2 g1f2 c8c2 d5f6 g7f6,https://lichess.org/training/byuCO
c4s4u,r4rk1/pp3ppp/2n5/8/3N2b1/2qBQ3/P1P2PPP/R3R1K1 b KQkq - 0 1,c6d4 d3h7 g8h7 e3c3 d4e2 e1e2,https://lichess.org/training/c4s4u
cBYvk,4r1k1/3q1ppp/pp6/2ppr2b/P1P2P2/1P1B4/3Q1BPP/1R3K2 b KQkq - 0 1,d5c4 d3h7 g8h7 d2d7 h5e2 f1g1,https://lichess.org/training/cBYvk
cOAoi,5rk1/pp1r1pbp/6p1/1q1B2Q1/8/7P/PP3PP1/2RR2K1 b KQkq - 0 1,f8d8 d5f7 g8f7 g5b5 d7d1 c1d1 d8d1 g1h2,https://lichess.org/training/cOAoi
cSJbL,6k1/5ppp/p3pb2/3p4/3P1P2/2PB2Q1/3q2PP/6K1 b KQkq - 0 1,d2c3 d3h7 g8h7 g3c3 f6d4 c3d4,https://lichess.org/training/cSJbL
cSVor,3r1k2/2p2p1b/pp4pN/2b5/2q5/6QP/PP2RP2/R5K1 w KQkq - 0 1,g3c7 c5f2 e2f2 c4c7 f2f7 c7f7,https://lichess.org/training/cSVor
caLiK,rn1q3k/pp4rp/3b1p2/3b3Q/3P3N/3B4/PP3PPP/4RRK1 w KQkq - 0 1,h5d5 d6h2 g1h2 d8d5 e1e8 g7g8,https://lichess.org/training/caLiK
ceUkK,r1bq1rk1/1p3ppp/p1n2b2/3N4/8/N2B4/PPP2PPP/R2QK2R b KQkq - 0 1,d8d5 d3h7 g8h7 d1d5 f8e8 e1f1,https://lichess.org/training/ceUkK
chOIe,rnbqnrk1/ppp1p1bR/6p1/8/2P5/2NB4/PP3PP1/R1BQK1N1 b KQkq - 0 1,g8h7 d3g6 h7g6 d1d8 e8d6 d8c7 g7c3 b2c3,https://lichess.org/training/chOIe
cjBQt,r2q1rk1/p1p2npp/3bR3/3Q4/8/2N5/PP3PPP/R1B3K1 w KQkq - 0 1,c3e4 d6h2 g1h2 d8d5 e4f6 g7f6,https://lichess.org/training/cjBQt
cjU2W,6rk/3nq2p/pp3ppP/2pPb3/2P1Q2B/8/PP4R1/2K3R1 w KQkq - 0 1,g1f1 e5b2 g2b2 e7e4 h4f6 d7f6,https://lichess.org/training/cjU2W
cpRHE,4rr2/p2q2pk/3b1p1p/2pQ4/3p4/3P4/PPPBRPPP/R5K1 w KQkq - 0 1,e2e8 d6h2 g1h2 d7d5 e8f8 d5d6 h2g1 d6f8,https://lichess.org/training/cpRHE
ctPwQ,r1bq1rk1/p4pp1/1ppb3p/4N3/2BQ4/8/PPP3PP/R1B2RK1 w KQkq - 0 1,e5f7 d6h2 g1h2 d8d4 f1f4 d4c5,https://lichess.org/training/ctPwQ
d56FJ,2kr3r/ppp2p2/2n3q1/7p/4NPb1/6P1/PPP1B2R/R1B1Q1K1 b KQkq - 0 1,g6e4 e2g4 h5g4 e1e4 d8d1 g1g2,https://lichess.org/training/d56FJ
dMTWK,r4rk1/pp3pp1/2p4p/2q2N1b/2B5/7P/PBQ3P1/R4K2 b KQkq - 0 1,b7b5 c4f7 f8f7 c2c5 f7f5 c5f5,https://lichess.org/training/dMTWK
dNIBy,3r1rk1/ppp4p/2n1p3/4q3/4B3/1P4P1/P1P1Q2P/5RK1 b KQkq - 0 1,c6d4 e4h7 g8h7 e2e5 f8f1 g1f1 d8f8 f1g2,https://lichess.org/training/dNIBy
dQjiN,2r2k2/5pp1/Q2bq2p/p7/3pp3/P7/1P1B1PPP/3RR1K1 w KQkq - 0 1,d2a5 d6h2 g1h2 e6a6 a5b4 f8g8,https://lichess.org/training/dQjiN
dqqgC,4r1k1/1pp2ppp/1pbp1q2/8/1P3P2/P2Br3/2PQ2PP/3RR1K1 b KQkq - 0 1,f6d4 d3h7 g8h7 d2d4 e3e1 d1e1,https://lichess.org/training/dqqgC
drfn0,4r1k1/pp2Nppp/5n2/2bp4/8/2qB1Q1P/P1P1RPP1/6K1 b KQkq - 0 1,e8e7 d3h7 f6h7 f3c3 e7e2 c3c5,https://lichess.org/training/drfn0
dx5sv,5rk1/p1R5/2np2pp/8/2qbQ1P1/P6P/2P2P2/2B2RK1 w KQkq - 0 1,c7c6 d4f2 f1f2 c4e4 f2f8 g8f8,https://lichess.org/training/dx5sv
eHzfF,r1b2rk1/1pqp2bp/p1n1p1p1/4B3/P1B5/2Q2N2/1PP2PPP/R3R1K1 b KQkq - 0 1,c6e5 c4e6 d7e6 c3c7 e5f3 g2f3,https://lichess.org/training/eHzfF
eIw2u,3rk2r/pQ2nppp/1b6/8/1q6/2N5/PB3PPP/R3R1K1 w KQkq - 0 1,c3d5 b6f2 g1f2 b4b7 e1e7 b7e7,https://lichess.org/training/eIw2u
eM2Vl,5rk1/6pp/2Qbq3/p4p2/P1P4R/5N2/Br3PPP/5RK1 w KQkq - 0 1,f3g5 d6h2 g1h2 e6c6 c4c5 b2a2,https://lichess.org/training/eM2Vl
eMZTs,r1bqk2r/p4ppp/1pnb4/1Bp5/8/2P2N2/PP3nPP/RNBQ1RK1 w KQkq - 0 1,f1f2 d6h2 g1h2 d8d1 b5c6 c8d7,https://lichess.org/training/eMZTs
eVqem,2kr1b2/pp2qp1p/4b1p1/2p1Q3/8/P2P1N1P/BPP2P2/R4K1R w KQkq - 0 1,f3g5 e6h3 h1h3 e7e5 g5f7 e5b2,https://lichess.org/training/eVqem
eYsct,r2r2k1/pp3ppp/6b1/6P1/q1B3QP/P2p4/1P3P2/2R2RK1 b KQkq - 0 1,d3d2 c4f7 g6f7 g4a4 d2c1r f1c1,https://lichess.org/training/eYsct
eij5E,4r1k1/p2q1p1p/1p1b1p2/3Q4/4N3/5n2/PPP2PPP/4R1K1 w KQkq - 0 1,g2f3 d6h2 g1h2 d7d5 e4f6 g8g7,https://lichess.org/training/eij5E
eriQ6,2r2rk1/5pbp/1p1R1qp1/3B4/1P6/8/PP1Q1PRP/7K b KQkq - 0 1,f6d6 d5f7 f8f7 d2d6 c8c1 g2g1,https://lichess.org/training/eriQ6
euNF8,r3r1k1/pp3p1p/2p3p1/3pPP1n/1q1b2QB/2NB4/PP3P1P/3RR1K1 w KQkq - 0 1,f5g6 d4f2 g1f2 b4g4 g6h7 g8h8,https://lichess.org/training/euNF8
f7eFq,r3rnk1/5ppp/2pbbq2/6BP/p2P3N/1p1B4/PPPQ1P2/1K1R3R b KQkq - 0 1,f6d4 d3h7 f8h7 d2d4 b3c2 b1c2,https://lichess.org/training/f7eFq
f9egt,r4rk1/ppq1ppbp/2n5/5pB1/2BP4/2Q2PP1/PP5P/2KR3R b KQkq - 0 1,c6d4 c4f7 g8f7 c3c7 f8c8 c7c8 a8c8 c1b1,https://lichess.org/training/f9egt
fFOoH,3rr1k1/5N1p/2p2Ppb/1p1b4/pP6/P1qB2QP/6P1/3R1R1K b KQkq - 0 1,g8f7 d3g6 h7g6 g3c3 e8e3 d1d5 e3c3 d5d8,https://lichess.org/training/fFOoH
fGYi7,1k1rr3/ppp4p/q2b1Q2/3R1B2/6P1/P1N2p2/1PP2P1P/3R2K1 w KQkq - 0 1,f5h7 d6h2 g1h2 a6f6 d5d8 e8d8,https://lichess.org/training/fGYi7
fJSpn,2bqr1k1/pp3ppp/3b4/2pQ4/8/5B2/PP4PP/R4RK1 w KQkq - 0 1,f3h5 d6h2 g1h2 d8d5 h5f7 d5f7 f1f7 g8f7,https://lichess.org/training/fJSpn
fLMZO,6k1/p4ppp/1pp2n2/3P4/2P2q2/1Q1B3P/P2r1rP1/1R3R1K b KQkq - 0 1,f4g3 d3h7 g8h7 b3g3 f2f1 b1f1,https://lichess.org/training/fLMZO
fOhwx,3r2k1/pp3ppp/2b5/2bp4/1R1q4/P2B2P1/3Q1P1P/4R1K1 b KQkq - 0 1,c5b4 d3h7 g8h7 d2d4 b4e1 d4h4 h7g6 h4d8,https://lichess.org/training/fOhwx
fqcWj,6k1/p3r1pp/1p6/8/3q4/2nB1PnP/P1PQ1RP1/6K1 b KQkq - 0 1,e7e2 d3h7 g8h7 d2d4 e2e1 g1h2,https://lichess.org/training/fqcWj
fr4v3,6k1/p5r1/1p6/2qb1Q2/5Rp1/8/P1P3PP/R6K w KQkq - 0 1,f4g4 d5g2 g4g2 c5f5 g2g7 g8g7,https://lichess.org/training/fr4v3
fteta,5rk1/R4ppp/5q2/2pp4/8/2PB2QP/P2r1PP1/6K1 b KQkq - 0 1,f6c3 d3h7 g8h7 g3c3 d2d1 g1h2,https://lichess.org/training/fteta
fwswC,r3rnk1/5ppp/2p2b2/p2P4/Q3Bq2/B4P2/P4P1P/1R2R1K1 b KQkq - 0 1,c6d5 e4h7 g8h7 a4f4 e8e1 b1e1,https://lichess.org/training/fwswC
gJvFJ,r5k1/ppp2ppp/2n5/3p2q1/3P4/P1QB2PP/1PP2r2/1K3R1R b KQkq - 0 1,g5g3 d3h7 g8h7 c3g3 f2f1 h1f1,https://lichess.org/training/gJvFJ
gKkfW,3Rn1k1/1b3pp1/p6p/1qb2Q2/2N5/1P3N1P/5PP1/1R4K1 w KQkq - 0 1,d8d7 c5f2 g1f2 b5f5 d7b7 f5b1,https://lichess.org/training/gKkfW
gPj9A,r1bq1rk1/pp3ppp/8/n1b1p3/Q1B5/2P5/P3NPPP/R1B1K2R b KQkq - 0 1,d8h4 c4f7 f8f7 a4h4 c5f2 h4f2 f7f2 e1f2,https://lichess.org/training/gPj9A
gQ9q6,r1b2rk1/ppq1ppbp/3p2p1/8/1PBPn3/5N2/P1QN1PPP/R4RK1 b KQkq - 0 1,e4d2 c4f7 f8f7 c2c7 d2f3 g2f3,https://lichess.org/training/gQ9q6
gQN9S,N4rk1/1p3ppp/p1q5/2b1p3/4Pnb1/5N2/PPQ1BPPP/3R1RK1 w KQkq - 0 1,f3e5 c5f2 f1f2 c6c2 e2g4 c2e4,https://lichess.org/training/gQN9S
glhtV,1k1q2nr/p1p5/1p1b4/3Q2pp/3pR3/P2P4/1P1B1PPP/2R3K1 w KQkq - 0 1,c1f1 d6h2 g1h2 d8d5 e4e8 b8b7,https://lichess.org/training/glhtV
gq6bs,rn1q1rk1/1pp2pp1/p2b3p/5b2/4N3/3Q1N2/PPP2PPP/R1B1R1K1 w KQkq - 0 1,d3d5 d6h2 f3h2 d8d5 e4f6 g7f6,https://lichess.org/training/gq6bs
gtGJ9,rn1q1k1r/pb3pp1/1p1bp2p/2pP4/2P5/P1NQ1N2/1P3PPP/R1B1R1K1 w KQkq - 0 1,d5e6 d6h2 f3h2 d8d3 e6e7 f8e8,https://lichess.org/training/gtGJ9
h6Fp8,r1b1r1k1/pp1n1ppp/2p2P2/2np4/3q4/2NBB2P/PPP3P1/R2QR1K1 b KQkq - 0 1,e8e3 d3h7 g8h7 d1d4 e3e1 a1e1,https://lichess.org/training/h6Fp8
hDLY9,rnbq2k1/ppp2ppp/8/8/8/3BrR2/PPP3PP/R2Q2K1 b KQkq - 0 1,e3f3 d3h7 g8h7 d1d8 b8c6 d8h4,https://lichess.org/training/hDLY9
hFzRi,k2r3r/1R1bnpp1/P1qpp2p/2b5/P4P2/2QB1N2/3N1PPP/5RK1 w KQkq - 0 1,f1b1 c5f2 g1f2 c6c3 d2c4 e7d5,https://lichess.org/training/hFzRi
hSOlt,2k5/pp1r2p1/2n2n1p/1qb2Q2/2N2B2/2P5/PP2RPPP/R5K1 w KQkq - 0 1,a1e1 c5f2 e2f2 b5f5 c4d6 d7d6,https://lichess.org/training/hSOlt
hW8u8,4r1k1/1b3ppp/p4n2/1p2r3/3q4/P2B1P1P/1P1Q2P1/R4R1K b KQkq - 0 1,f6h5 d3h7 g8h7 d2d4 h5g3 h1h2 g3f1 a1f1,https://lichess.org/training/hW8u8
hflUs,4r2k/5p1p/6p1/2Q1bq2/8/5B2/1r3PPP/3RR1K1 w KQkq - 0 1,f3c6 e5h2 g1h2 f5c5 e1e8 h8g7,https://lichess.org/training/hflUs
hmZgs,r2qk1nr/1p3pp1/p1nbp2p/3P4/8/2NQ1N2/PP3PPP/R1B1R1K1 w KQkq - 0 1,d5c6 d6h2 f3h2 d8d3 c6b7 a8b8 c1f4 b8b7,https://lichess.org/training/hmZgs
hnadW,r5k1/5ppp/b3p3/p3Nn2/3P1PP1/2r1P3/q1B2Q1P/2R1N1K1 b KQkq - 0 1,f5e3 c2h7 g8h7 f2a2 c3c1 a2d2,https://lichess.org/training/hnadW
hoYnz,4b2r/1pq4p/6k1/p1bRpNp1/4P3/1QP5/PP3PPP/4R1K1 w KQkq - 0 1,b3c4 c5f2 g1f2 c7c4 d5d6 g6f7,https://lichess.org/training/hoYnz
i32Ei,6kr/2Nr1p2/2pb2qp/p5p1/8/2Q2P2/PPP3PP/3RR1K1 w KQkq - 0 1,c3c6 d6h2 g1h2 g6c6 d1d7 c6d7,https://lichess.org/training/i32Ei
iJluW,4rrk1/ppp4p/n2p4/3P1p2/1PPq4/P1NBNpPb/3Q3P/4R1K1 b KQkq - 0 1,f5f4 d3h7 g8h7 d2d4 f4e3 d4h4,https://lichess.org/training/iJluW
iOErn,r1bq1rk1/pp3ppp/8/2P1P3/1b1N4/2NB4/2PQ2PP/R3K2R b KQkq - 0 1,d8d4 d3h7 g8h7 d2d4 b4c3 d4c3,https://lichess.org/training/iOErn
iVCPP,3r1rk1/2R2p1R/1P2p1p1/3b4/1p1q4/3B4/5PPP/3Q2K1 b KQkq - 0 1,g8h7 d3g6 h7g6 d1d4 d5f3 c7d7 d8d7 d4d7,https://lichess.org/training/iVCPP
infUu,2r1k2r/1p1bbppp/p3p3/3pP3/5P2/1Q1BqnP1/PP2N2P/R2K3R b KQkq - 0 1,e8g8 d3h7 g8h7 b3e3 d7a4 b2b3,https://lichess.org/training/infUu
ixLlA,r2qk2r/2p1n1pp/p1pbR3/8/8/8/PPP2PPP/RNBQ2K1 w KQkq - 0 1,c1g5 d6h2 g1h2 d8d1 e6e7 e8f8,https://lichess.org/training/ixLlA
iy2rm,rk1q1r2/pp3Ppp/2nb4/3p4/8/1N1Q4/PP4PP/R1B2RK1 w KQkq - 0 1,d3d5 d6h2 g1h2 d8d5 c1f4 b8c8,https://lichess.org/training/iy2rm
j1Yhh,3r1kr1/5p2/p7/1pqbQ3/7N/2P4P/P1PR2P1/3R2K1 w KQkq - 0 1,g1h1 d5g2 h4g2 c5e5 d2d8 f8g7,https://lichess.org/training/j1Yhh
j31l4,3r3k/p5p1/2p4p/2P5/1PQb2q1/P2p1NP1/5P1P/3R2K1 w KQkq - 0 1,d1d3 d4f2 g1f2 g4c4 d3d8 h8h7,https://lichess.org/training/j31l4
jhkAH,5rk1/pb1qbppp/4p3/1pr5/8/P2BPNP1/1P1Q1PP1/1RR3K1 b KQkq - 0 1,b7f3 d3h7 g8h7 d2d7 c5c1 b1c1,https://lichess.org/training/jhkAH
jkaFX,3q3k/2p3r1/3b4/3Q4/3P4/2N5/PPP2PPP/R3R1K1 w KQkq - 0 1,c3b5 d6h2 g1h2 d8d5 e1e8 h8h7,https://lichess.org/training/jkaFX
jsbWR,r2q1rk1/ppp2ppp/2bb1n2/8/3Q4/3B4/PPP2PPP/RNBR2K1 w KQkq - 0 1,c1g5 d6h2 g1h2 d8d4 d3h7 f6h7,https://lichess.org/training/jsbWR
kM1fe,3r1rk1/ppp1bpp1/2n4p/4p3/q7/1B3N2/2Q2PPP/2B2RK1 b KQkq - 0 1,c6d4 b3f7 f8f7 c2a4 d4f3 g2f3,https://lichess.org/training/kM1fe
kfrqr,2r1k2r/pp2bppp/2n1pn2/6B1/7P/P1qB2Q1/2P2PP1/3RRK2 b KQkq - 0 1,e8g8 d3h7 f6h7 g3c3 h7g5 h4g5,https://lichess.org/training/kfrqr
kfz4k,r4rk1/pp3ppp/2n2n2/8/Q1Bq2b1/2N5/PP3PPP/R1B2RK1 b KQkq - 0 1,c6e5 c4f7 f8f7 a4d4 e5f3 g2f3,https://lichess.org/training/kfz4k
kgAdU,3rb2r/p1p1k1pp/Qb1q4/3pN3/3P4/2P4P/PP1N2P1/R4RK1 w KQkq - 0 1,a1e1 b6d4 c3d4 d6a6 e5f7 e7d7,https://lichess.org/training/kgAdU
l6Yqr,r1bq2k1/pp4pp/2n1pr2/1P6/8/2PB4/P4bPP/RN1Q1R1K b KQkq - 0 1,c6e5 d3h7 g8h7 d1d8 f2b6 d8d1,https://lichess.org/training/l6Yqr
l9JvS,3r2k1/2pr1pN1/pb3nnp/1p2p3/1P2P3/P1P2N2/2qBQPPP/R2R3K b KQkq - 0 1,g8g7 d2h6 g7h6 e2c2 d7d1 a1d1 d8d1 c2d1,https://lichess.org/training/l9JvS
lAI7M,2r4k/1qbQ2p1/4Pp1p/P2p4/1P1P4/2R1PN2/6PP/6K1 w KQkq - 0 1,e6e7 c7h2 g1h2 b7d7 c3c8 d7c8,https://lichess.org/training/lAI7M
lG9lc,r1b2knr/pp4pp/2nN1p2/q1bQP3/5B2/5N2/PPP2PPP/R3KB1R w KQkq - 0 1,f4d2 c5f2 e1f2 a5d5 f1c4 d5c5,https://lichess.org/training/lG9lc
lIo7S,4nrk1/2q4p/pN2R1p1/2b2p2/8/2Q4P/P4PP1/4R1K1 w KQkq - 0 1,e6e8 c5f2 g1f2 c7c3 e8f8 g8f8,https://lichess.org/training/lIo7S
ljFeV,1r3rk1/p2b1pp1/q2B1b1p/2pB1P2/2P5/3Q4/P1P3PP/4RRK1 b KQkq - 0 1,a6d6 d5f7 f8f7 d3d6 f6d4 g1h1,https://lichess.org/training/ljFeV
lwr9x,3r2k1/p4pp1/Q1Rbq3/3p3p/1P6/P3BbPP/5P1K/2R5 w KQkq - 0 1,c6c8 d6g3 h2g3 e6a6 c8d8 g8h7 g3f3 a6f6 f3e2 f6d8,https://lichess.org/training/lwr9x
lzPgj,r2qk2r/ppp2p1p/3bbnp1/8/2BQ4/2N5/PPP2PPP/R1B1R1K1 w KQkq - 0 1,c4e6 d6h2 g1h2 d8d4 e6h3 e8f8,https://lichess.org/training/lzPgj
m5GPo,8/p5Q1/3kp1bP/3p2q1/8/P7/1PP5/1KR5 w KQkq - 0 1,h6h7 g6c2 c1c2 g5g7 h7h8r g7h8,https://lichess.org/training/m5GPo
mJMGT,r2qk2r/1p2n1p1/p2bR2p/3p4/1P5B/5N2/P4PPP/R2Q2K1 w KQkq - 0 1,d1d5 d6h2 g1h2 d8d5 e6e7 e8f8,https://lichess.org/training/mJMGT
mMm23,2r2rk1/1p2nppp/p7/3Pp3/1Q2B1q1/2N1B3/PPK2P1P/7R b KQkq - 0 1,e7d5 e4h7 g8h7 b4g4 d5e3 f2e3,https://lichess.org/training/mMm23
mP8AQ,rn1q1rk1/ppp2pp1/3b3p/8/2B1n1b1/2P2N2/PP3PPP/RNBQR1K1 w KQkq - 0 1,e1e4 d6h2 g1h2 d8d1 b1d2 g4f3,https://lichess.org/training/mP8AQ
mWLsQ,r3r1k1/1b3ppp/p7/1p4b1/2pQB1q1/2P5/PP1N1PPP/3RR1K1 b KQkq - 0 1,a8d8 e4h7 g8h7 d4g4 e8e1 d1e1,https://lichess.org/training/mWLsQ
mf7r7,r1b1k2B/pppq1p1p/3b4/3n4/2Q5/5N2/P4PPP/R4RK1 w KQkq - 0 1,c4d5 d6h2 f3h2 d7d5 f1e1 c8e6,https://lichess.org/training/mf7r7
n9G04,r3k2r/1b1p4/p1n1p3/1pp1N1pp/4P1q1/2PP4/PPQ1B1P1/R2K3R b KQkq - 0 1,g4g2 e2h5 h8h5 c2g2 h5h1 g2h1,https://lichess.org/training/n9G04
nB46i,r2k3r/pp1qb1p1/1p4Q1/4p3/4P1pP/1PNP4/1PP5/R3K2R w KQkq - 0 1,g6g7 e7h4 h1h4 d7g7 h4h8 g7h8,https://lichess.org/training/nB46i
nE2nj,6k1/2q2ppp/pp2p3/2p5/2PrB3/1P5P/P5P1/4Q2K b KQkq - 0 1,c7e5 e4h7 g8h7 e1e5 d4d1 h1h2,https://lichess.org/training/nE2nj
nL2et,r5k1/ppp2bpp/5p2/8/2Pq1n2/3BR3/P2Q2PP/1R4K1 b KQkq - 0 1,a8e8 d3h7 g8h7 d2d4 f4e2 e3e2,https://lichess.org/training/nL2et
nT1lS,1r3rk1/2pqpp1p/6p1/1P1B4/2P3P1/4B3/5P2/b2Q1RK1 b KQkq - 0 1,a1e5 d5f7 g8f7 d1d7 b8d8 d7c6,https://lichess.org/training/nT1lS
nWmjx,6k1/p1r2ppp/1p1q4/4p3/3b1B2/P6P/1P1QBPP1/4R1K1 w KQkq - 0 1,f4g3 d4f2 g1f2 d6d2 e1d1 d2g5,https://lichess.org/training/nWmjx
nc3gh,2rq4/p5pk/1p1b2pp/3Q4/3P4/P3rN2/1P4PP/2R2RK1 w KQkq - 0 1,c1c8 d6h2 f3h2 d8d5 f1f8 g6g5,https://lichess.org/training/nc3gh
nit0M,r2qk2r/ppp2ppp/3bb3/7n/2BQ4/8/PPP2PPP/RNB1R1K1 w KQkq - 0 1,c4e6 d6h2 g1h2 d8d4 e6f5 e8f8,https://lichess.org/training/nit0M
nyF0M,2k5/pp1r2pp/8/1Qb2q2/8/P2p2P1/2P1PP1P/3R1RK1 w KQkq - 0 1,c2d3 c5f2 f1f2 f5b5 d1c1 c8d8,https://lichess.org/training/nyF0M
oGY6T,r1b2rk1/ppp2ppp/8/2q5/2B1p3/8/PPQ3PP/R4R1K b KQkq - 0 1,b7b5 c4f7 f8f7 c2c5 f7f1 a1f1,https://lichess.org/training/oGY6T
oq0fy,r2qk2r/ppp2pp1/3bbn1p/8/2BQ4/2N5/PPP2PPP/R1B1R1K1 w KQkq - 0 1,c4e6 d6h2 g1h2 d8d4 e6h3 e8f8,https://lichess.org/training/oq0fy
orxIF,3kr3/p1p2ppp/Q2bq3/2pn4/3B1P2/2N3PP/PPP5/2KR4 w KQkq - 0 1,d4c5 d6f4 g3f4 e6a6 d1d5 d8c8,https://lichess.org/training/orxIF
pC2VT,r6k/pp3q1p/n2p1b2/2pP1Q2/2P1p3/P3B2P/1P3P2/2KR2R1 w KQkq - 0 1,e3g5 f6b2 c1b2 f7f5 g5d2 a8e8 d2c3 e8e5,https://lichess.org/training/pC2VT
pEH2C,r1bq1r1k/2p3pp/p2b1p2/1ppQ2B1/7R/2P2N2/PP3PPP/RN4K1 w KQkq - 0 1,g5f6 d6h2 g1h2 d8d5 f6g7 h8g7,https://lichess.org/training/pEH2C
pIS7s,3r1rk1/5pp1/p1q2bb1/1p6/4p1Q1/1B2B2P/PPP2PP1/2KR3R w KQkq - 0 1,g4g6 f6b2 c1b2 c6g6 d1d8 f8d8,https://lichess.org/training/pIS7s
pPCo3,1r4k1/3b1pb1/p4np1/2p2p2/4P3/qB3Q2/2P1N1PR/3K3R b KQkq - 0 1,f6e4 b3f7 g8f7 f3a3 b8b1 e2c1,https://lichess.org/training/pPCo3
pQSME,r4r2/p5pk/2qbQ3/2p4p/4p3/1P2P3/PB1P2PP/R4RK1 w KQkq - 0 1,f1f7 d6h2 g1h2 c6e6 f7g7 h7h6,https://lichess.org/training/pQSME
paVsw,r1b5/1p3k1p/p1p3p1/b1P5/P2P4/1Q1B1q2/5P2/1R3K2 b KQkq - 0 1,c8e6 d3g6 f7g6 b3f3 e6c4 f1g1,https://lichess.org/training/paVsw
pdfMD,3r1k2/5p2/1Q1b1q1p/2p5/8/1P3p2/1PP3PP/R2R2K1 w KQkq - 0 1,g2f3 d6h2 g1h2 f6b6 d1d8 b6d8,https://lichess.org/training/pdfMD
pgy5R,1k4r1/p1p2pBp/1pnbq3/8/2P5/1P1R1Q2/P4PPP/3R2K1 w KQkq - 0 1,f3c6 d6h2 g1h2 e6c6 d3d8 g8d8,https://lichess.org/training/pgy5R
psSUL,1k1r2nr/ppp2ppp/8/2b3P1/2PnqBQ1/8/PPP3PP/RN3K1R b KQkq - 0 1,d4c2 f4c7 b8c7 g4e4 d8d1 f1e2,https://lichess.org/training/psSUL
pvfSM,2r1r1k1/pp1q1ppp/3b4/3Q4/1P4n1/P2P2PP/1B2NP1K/2R1R3 w KQkq - 0 1,h3g4 d6g3 e2g3 d7d5 c1c8 e8c8,https://lichess.org/training/pvfSM
qOMBH,2kr1bnr/ppp3pp/8/8/3n2Q1/4P1BP/PPPN2qN/R3K2R b KQkq - 0 1,c8b8 g3c7 b8c7 g4g2 d4c2 e1e2,https://lichess.org/training/qOMBH
qcLAy,5r1k/p2r2p1/q2b2Q1/1p1p1N2/3Pn3/1P6/PB3PPP/1BRR2K1 w KQkq - 0 1,d1d3 d6h2 g1h2 a6g6 d3h3 h8g8,https://lichess.org/training/qcLAy
qeAd4,r2qk2r/pp3ppp/3bbn2/3P4/2BQ4/8/PP3PPP/RNB1R1K1 w KQkq - 0 1,d5e6 d6h2 g1h2 d8d4 e6f7 e8f8,https://lichess.org/training/qeAd4
qeQaX,r2qr1k1/pp3p2/3b1p1p/8/7B/P4b2/1PPQ1PPP/R3R1K1 w KQkq - 0 1,g2f3 d6h2 g1h2 d8d2 e1e8 a8e8,https://lichess.org/training/qeQaX
qw6Xc,rn1q3k/ppp3pp/3b3r/3Q4/3PN3/8/PPP2PPP/R1B2RK1 w KQkq - 0 1,c1h6 d6h2 g1h2 d8d5 h6g7 h8g7,https://lichess.org/training/qw6Xc
r4myR,rr4k1/pQ4pp/2nbqp2/3n4/8/2P1NN2/PP3PPP/R1B1R1K1 w KQkq - 0 1,b7c6 d6h2 f3h2 e6c6 e3d5 c6d5,https://lichess.org/training/r4myR
r8H1p,rnbq1k1r/ppp2Bpp/3b4/8/8/5N2/PPP2nPP/RNBQ1RK1 w KQkq - 0 1,f1f2 d6h2 g1h2 d8d1 b1c3 d1d6 h2g1 f8f7,https://lichess.org/training/r8H1p
rH8Y1,2r4r/pp4pk/1q1bQ2p/8/3P4/P1B2R2/1PP3PP/5RK1 w KQkq - 0 1,f3f7 d6h2 g1h2 b6e6 f7g7 h7g7 d4d5 c8c3,https://lichess.org/training/rH8Y1
rNAya,6k1/pR4p1/7p/2B2Q2/5b2/1P5P/2P3PK/5q2 w KQkq - 0 1,g2g3 f4g3 h2g3 f1f5 b7b8 g8h7,https://lichess.org/training/rNAya
rbHuh,5r2/p1pn3p/2Qbqnk1/3N4/2Bp3B/8/PPb3PP/R4RK1 w KQkq - 0 1,d5f6 d6h2 g1h2 e6c6 f6d7 c6d7,https://lichess.org/training/rbHuh
rhI5u,2r3k1/2r2ppp/p7/Pp1pP1q1/1PbP4/4pN1P/1QB3P1/1K2R3 b KQkq - 0 1,g5g2 c2h7 g8h7 b2g2 c4d3 b1a1,https://lichess.org/training/rhI5u
ryV0K,r6r/pkpq2p1/1p1b3p/8/P2R4/3QB3/1P3PPP/2R3K1 w KQkq - 0 1,d4c4 d6h2 g1h2 d7d3 c4c7 b7a6,https://lichess.org/training/ryV0K
sFCzP,r2q1rk1/5pp1/R3b2p/1p6/1P1bp3/P7/3QBPPP/3N1RK1 w KQkq - 0 1,a6a8 d4f2 g1f2 d8d2 a8f8 g8f8,https://lichess.org/training/sFCzP
siLfz,r3r1k1/2qn2pp/1p1Rpn2/p3B3/2B5/P3P1P1/2Q2P1P/5RK1 b KQkq - 0 1,d7e5 c4e6 e8e6 c2c7 e6d6 c7d6,https://lichess.org/training/siLfz
smsBF,r1bq3r/pp2b1k1/5ppn/3B4/3B1P2/2P5/PP4P1/RN1QK2R b KQkq - 0 1,d8d5 d4f6 e7f6 d1d5 h8e8 e1f1,https://lichess.org/training/smsBF
t036Y,1n3rk1/5pp1/2pp2np/1p6/3PP3/QB3qNP/5P2/5RK1 b KQkq - 0 1,g6f4 b3f7 f8f7 a3f3 f4h3 g1g2 f7f3 g2f3,https://lichess.org/training/t036Y
t0eub,3rr1k1/5ppp/2P5/4p3/1bQ1B1q1/4P3/1B3P2/3R1R1K b KQkq - 0 1,d8d1 e4h7 g8h7 c4g4 d1f1 h1g2,https://lichess.org/training/t0eub
t5Lgu,1r1q1rk1/5ppp/p2N2b1/1ppB2b1/P3P3/2PQ1P2/1P4PP/R4RK1 b KQkq - 0 1,d8d6 d5f7 g6f7 d3d6 g5e3 g1h1,https://lichess.org/training/t5Lgu
t8tu3,1k2r2r/pp3p1p/2qb1Qb1/3N1B2/2pP1P2/6P1/PPP4P/2KRR3 w KQkq - 0 1,d5c3 d6f4 g3f4 c6f6 e1e8 h8e8,https://lichess.org/training/t8tu3
tA4LQ,rn3rk1/ppp2ppp/2q2n2/2b5/4p1bN/2N3P1/PPQPPPBP/R1B2RK1 w KQkq - 0 1,c3e4 c5f2 f1f2 c6c2 e4f6 g7f6,https://lichess.org/training/tA4LQ
tBXTS,4r1k1/1Qp2rpp/p2b2q1/5b2/4p3/1B6/PP3PPP/R1B1R1K1 w KQkq - 0 1,b7c6 d6h2 g1h2 g6c6 b3f7 g8f7,https://lichess.org/training/tBXTS
tJCXk,r3r1k1/pp3ppp/3b1p2/3q3b/5P2/3BBP2/PPP3KP/R2Q2R1 b KQkq - 0 1,e8e3 d3h7 g8h7 d1d5 h5f3 d5f3 e3f3 g2f3,https://lichess.org/training/tJCXk
tKDxJ,r1b2r2/1p3p1k/p2qp1pb/7p/8/3BB3/PP3PPP/1R1QR1K1 b KQkq - 0 1,h6e3 d3g6 f7g6 d1d6 e3f2 g1h1,https://lichess.org/training/tKDxJ
tKsFD,8/q4pkp/1p4p1/1Pp2b2/2Pp4/3Pb2P/1B2Q1P1/5K2 b KQkq - 0 1,a7a2 b2d4 e3d4 e2a2 f5d3 f1e1,https://lichess.org/training/tKsFD
tRyBv,r1b2r1k/ppp3p1/2qp1p2/2b1P1p1/2Q5/5N2/PPP2PPP/R1B2RK1 w KQkq - 0 1,e5f6 c5f2 f1f2 c6c4 f6g7 h8g7,https://lichess.org/training/tRyBv
tZ8mW,r3r1k1/pp3pb1/3q2pp/3B4/8/5PP1/PP1Q3P/4RRK1 b KQkq - 0 1,e8e1 d5f7 g8f7 d2d6 e1f1 g1f1,https://lichess.org/training/tZ8mW
te5e6,2b2r2/r4npk/pq2B1Qp/2p2P2/8/3P4/1bP3PP/RN3RK1 b KQkq - 0 1,h7g8 e6f7 a7f7 g6b6 b2d4 g1h1,https://lichess.org/training/te5e6
twLoR,r2qk2r/pp3ppp/1n1b4/2p1N3/8/2NQ4/PP4PP/R1B2RK1 w KQkq - 0 1,e5f7 d6h2 g1h2 d8d3 f1f3 d3f3,https://lichess.org/training/twLoR
u669k,r4rk1/1pp2p2/2n2n1p/p1q5/2BN2p1/P1Q2PBb/1P3K1P/3RR3 b KQkq - 0 1,g4f3 c4f7 f8f7 c3c5 f6g4 f2g1 f3f2 g3f2,https://lichess.org/training/u669k
uPvGl,4rk1r/pp3qp1/2p1Rb2/2N5/2PP1Q2/8/PP3P2/2KR4 w KQkq - 0 1,d4d5 f6b2 c1b2 f7f4 c5d7 f8f7 d7e5 f4e5 e6e5 e8e5,https://lichess.org/training/uPvGl
uRHVZ,r5k1/p3Ppbp/1qbQ2p1/4B3/6n1/2N2P2/PP5P/4RR1K w KQkq - 0 1,e5g7 c6f3 f1f3 b6d6 e7e8q a8e8 e1e8 g8g7,https://lichess.org/training/uRHVZ
uYtzP,2kr4/pppq2pp/2nb1p2/3Q1N2/3P1P2/P5P1/1PP4P/2KRr2R w KQkq - 0 1,h1e1 d6f4 g3f4 d7d5 f5e7 c6e7,https://lichess.org/training/uYtzP
ufGuk,r1bq1rk1/p3bpp1/1p3n1p/4N3/2B5/2Q4P/PP1N2P1/3R1RK1 b KQkq - 0 1,d8c7 c4f7 f8f7 c3c7 e7c5 c7c5,https://lichess.org/training/ufGuk
umqQh,rnbq1rk1/ppp2ppp/3b4/8/2B1n3/1P3N2/P1P2PPP/RNBQR1K1 w KQkq - 0 1,e1e4 d6h2 g1h2 d8d1 b1d2 d1c2,https://lichess.org/training/umqQh
uqHIR,rnb1r1k1/ppp2ppp/1n6/8/1b1q4/2NBB3/PP2NPPP/R2QK2R b KQkq - 0 1,e8e3 d3h7 g8h7 d1d4 b4c3 b2c3,https://lichess.org/training/uqHIR
uurcy,8/1Q1rkp2/p2b2q1/6p1/P3P2p/1P2P3/6PP/3R1RK1 w KQkq - 0 1,b7a6 d6h2 g1h2 g6a6 d1d7 e7d7,https://lichess.org/training/uurcy
uyU76,6k1/4qpp1/p3b2p/1p2Q3/2p1B1P1/2P2PPK/P2r4/R4R2 w KQkq - 0 1,a1d1 e6g4 f3g4 e7e5 d1d2 e5e4 d2d8 g8h7,https://lichess.org/training/uyU76
v1G5U,k2r1r2/1p6/p7/7Q/q2b2pP/P5B1/5PP1/1R1R2K1 w KQkq - 0 1,h5g4 d4f2 g3f2 a4g4 d1d8 f8d8,https://lichess.org/training/v1G5U
vA0jW,rnb2rk1/pp5R/6p1/3q4/8/3B4/PPK1Nb2/R2Q4 b KQkq - 0 1,g8h7 d3g6 h7g6 d1d5 b8c6 d5g2 g6f6 g2f2,https://lichess.org/training/vA0jW
vScjU,r1b2rk1/p4ppp/3q1n2/2p5/2Pp4/3BB3/PP3PPP/R2QR1K1 b KQkq - 0 1,d4e3 d3h7 g8h7 d1d6 e3f2 g1f2,https://lichess.org/training/vScjU
vWMY6,2r2rk1/Q1b1q1p1/4p2p/3p4/8/3N4/P2N1PPP/R3R1K1 w KQkq - 0 1,a1c1 c7h2 g1h2 e7a7 c1c8 f8c8,https://lichess.org/training/vWMY6
vdjk9,r2qr1k1/pp3ppp/3bn3/3P4/3Q3N/8/PP1P1PPP/R1B2RK1 w KQkq - 0 1,d5e6 d6h2 g1h2 d8d4 e6f7 g8f7,https://lichess.org/training/vdjk9
vnxLW,3r1k1r/1p3p1p/6p1/p7/P1qbQ3/2N4P/1P3PP1/R2R2K1 w KQkq - 0 1,c3e2 d4f2 g1f2 c4e4 d1d8 f8g7,https://lichess.org/training/vnxLW
vp6FH,5rk1/1b2qppp/p2p4/1p1r4/4BP2/P3Q2P/1P4P1/3R1RK1 b KQkq - 0 1,d5d1 e4h7 g8h7 e3e7 d1f1 g1f1,https://lichess.org/training/vp6FH
vrDAh,r7/p1ppkp2/1p5q/4PQ2/7b/2N4b/PPP2P1P/R3K1R1 w KQkq - 0 1,f5h3 h4f2 e1f2 h6h3 c3d5 e7f8,https://lichess.org/training/vrDAh
vxfBg,rnb2rk1/pp1p1ppp/8/8/1qBQn3/1P6/P1PN1PPP/R3K2R b KQkq - 0 1,f8e8 c4f7 g8f7 d4b4 e4g3 e1d1,https://lichess.org/training/vxfBg
w2zOw,6k1/pp1q1ppp/3bp3/3P1n2/8/3QPN2/PP1B1PPP/6K1 w KQkq - 0 1,d5e6 d6h2 g1h2 d7d3 e6f7 g8f8,https://lichess.org/training/w2zOw
w5RNZ,r1bq1rk1/p4ppp/5b2/2pN4/8/3B4/PPP2PPP/R2QK2R b KQkq - 0 1,d8d5 d3h7 g8h7 d1d5 f8e8 e1f1,https://lichess.org/training/w5RNZ
wDYKA,r4rk1/2p2p2/2qpbp1p/2b5/R3P3/5N1P/1PQN1PP1/R5K1 w KQkq - 0 1,a4a8 c5f2 g1f2 c6c2 a8f8 g8f8,https://lichess.org/training/wDYKA
wFGAY,1r4k1/3p2pp/4p3/p1P1q3/3nBr1b/P3Q2P/5PP1/4RRK1 b KQkq - 0 1,b8b3 e4h7 g8h7 e3e5 d4f3 g2f3,https://lichess.org/training/wFGAY
wNZqE,1rb2rk1/p3bppp/2p1pn2/q2pP1B1/5P2/1PNB1Q2/P1P3PP/2KR3R b KQkq - 0 1,a5c3 d3h7 f6h7 f3c3 h7g5 f4g5,https://lichess.org/training/wNZqE
wfm2U,r2qk2r/ppp2p1p/3bbnp1/8/2BQ4/2N5/PPP2PPP/R1B1R1K1 w KQkq - 0 1,c4e6 d6h2 g1h2 d8d4 e6h3 e8f8,https://lichess.org/training/wfm2U
whVln,rn1qr1k1/ppp2ppp/5n2/4N3/2bP4/3B4/PP1Q1PPP/RN2K2R b KQkq - 0 1,d8d4 d3h7 f6h7 d2d4 b8c6 d4c4,https://lichess.org/training/whVln
wsp8S,6k1/1p5p/p3p3/1bP1P3/3QBq2/6r1/P5P1/4R1K1 b KQkq - 0 1,b5c6 e4h7 g8h7 d4f4 g3g2 g1f1,https://lichess.org/training/wsp8S
xE6QZ,rn1q1b2/3p1k1P/p2P4/Pp6/8/8/1P5K/R2Q4 w KQkq - 0 1,h7h8q f8d6 d1d6 d8h8 h2g3 h8g7,https://lichess.org/training/xE6QZ
xHVaM,2krr3/ppp1qBpp/8/4b1p1/3P2P1/P7/1PP1Q3/3R1RK1 w KQkq - 0 1,f7e8 e5d4 d1d4 e7e2 e8d7 c8b8,https://lichess.org/training/xHVaM
xOiee,r2q1r1k/p6p/4R1p1/2p2n2/2Bb1B2/8/P4PPP/1R1Q2K1 w KQkq - 0 1,b1b7 d4f2 g1f2 d8d1 f4e5 f5g7,https://lichess.org/training/xOiee
xQPXU,r1b2rk1/pppp1p1p/1q1b2pB/8/3pR2Q/3B1P2/PPP3PP/RN4K1 w KQkq - 0 1,h4f6 d6h2 g1h2 b6f6 h6f8 g8f8,https://lichess.org/training/xQPXU
xS6BY,r2k3r/pp1N1ppp/8/8/3q1bQ1/8/PPP2PPP/R3R1K1 w KQkq - 0 1,a1d1 f4h2 g1h2 d4g4 d7e5 g4d1,https://lichess.org/training/xS6BY
xSaS4,4r1k1/ppp1n1pp/4p3/3p4/PPPP4/2QBq1P1/7P/5R1K b KQkq - 0 1,e8f8 d3h7 g8h7 c3e3 f8f1 h1g2,https://lichess.org/training/xSaS4
xkvte,5rk1/pp4p1/3p3p/3Np2Q/4B2b/2P4q/PP3P2/5RK1 w KQkq - 0 1,e4g2 h4f2 f1f2 h3h5 d5e7 g8h7,https://lichess.org/training/xkvte
xmAep,2rqr1k1/pp3ppp/8/8/3b4/P2Q3P/BPP2PP1/R4RK1 w KQkq - 0 1,c2c3 d4f2 f1f2 d8d3 a2f7 g8h8,https://lichess.org/training/xmAep
xpg45,r2q2n1/k1p2R2/p2b4/1p1Q4/3P4/2P5/PP4PP/4R1K1 w KQkq - 0 1,e1e6 d6h2 g1h2 d8d5 f7c7 a7b8,https://lichess.org/training/xpg45
xuiI9,2q2rk1/p2r1ppp/4p3/2bn4/2Q2B2/2N3P1/PP2PP1P/3R1RK1 w KQkq - 0 1,c3d5 c5f2 g1f2 c8c4 d5f6 g7f6,https://lichess.org/training/xuiI9
xyxty,rnb1r1k1/pp3ppp/2pb3n/4q3/3N1B1P/3B4/PPP1NPP1/R2QK2R b KQkq - 0 1,e5d4 d3h7 g8h7 d1d4 d6f4 d4f4,https://lichess.org/training/xyxty
y3BO5,r2qk2r/pp3pp1/3bb2p/7n/2BQ4/8/PP3PPP/RNB1R1K1 w KQkq - 0 1,c4e6 d6h2 g1h2 d8d4 e6b3 e8f8,https://lichess.org/training/y3BO5
y9CSj,rn1q1rk1/pp3p1p/2pb1p2/8/2BQ4/P4b2/1PP2PPP/R1B2RK1 w KQkq - 0 1,g2f3 d6h2 g1h2 d8d4 f1g1 g8h8,https://lichess.org/training/y9CSj
ydJJK,r2qr1k1/pp5p/3bb1p1/2PQ1p2/3p4/3B4/PP3PPP/R3R1K1 w KQkq - 0 1,e1e6 d6h2 g1h2 d8d5 e6e8 a8e8,https://lichess.org/training/ydJJK
z8AZB,1k2r2r/ppp2p2/1q1b1Qp1/7p/4b3/3B4/PPP2PPP/1RB1R1K1 w KQkq - 0 1,e1e4 d6h2 g1h2 b6f6 e4e8 h8e8,https://lichess.org/training/z8AZB