001gi,r6r/1pNk1ppp/2np4/b3p3/4P1b1/N1Q5/P4PPP/R3KB1R w KQkq - 0 1,c7a8 a5c3,https://lichess.org/training/001gi
0Cbk5,6r1/pbp2p1k/1p2pn1p/1R6/2PP4/4Pq2/P3QP1P/5R1K w KQkq - 0 1,e2f3 b7f3,https://lichess.org/training/0Cbk5
0CruV,2r1k2r/3bppb1/pqnp2p1/2p3Pp/1PP1PP2/P3B2P/2Q1N1B1/1R2K2R b KQkq - 0 1,c5b4 e3b6,https://lichess.org/training/0CruV
0DL2F,k7/p4p2/Bp5p/8/2P1b1n1/2q3Q1/P2b2P1/K2R4 w KQkq - 0 1,g3c3 d2c3,https://lichess.org/training/0DL2F
0GePL,8/Pb6/8/8/6k1/4Q1p1/7p/7K w KQkq - 0 1,e3e4 b7e4,https://lichess.org/training/0GePL
0KWcq,r3k2r/pQ1nbppp/4p3/q7/3P1Bb1/4P3/PP3PPP/R3KBNR w KQkq - 0 1,b7b4 e7b4,https://lichess.org/training/0KWcq
0N7S1,r1q2r1k/1p1bb2p/p2p1p2/2pP1Pp1/P1P1PBQ1/2N2R2/6PP/1R4K1 w KQkq - 0 1,f5g6 d7g4,https://lichess.org/training/0N7S1
0QhWr,6rk/pp6/7p/7b/8/P2P1q2/2P2PQP/5R1K w KQkq - 0 1,g2f3 h5f3,https://lichess.org/training/0QhWr
0TBnw,rnb1kbnr/ppp2ppp/8/8/4p1q1/3PP3/PPPK3P/RNBQ1BNR b KQkq - 0 1,g4g2 f1g2,https://lichess.org/training/0TBnw
0wUB9,r1bqk2r/pp3pbp/2n1p1p1/2Qn2N1/2B5/2PP4/PP3PPP/RNB1K2R b KQkq - 0 1,d8g5 c1g5,https://lichess.org/training/0wUB9
1CuKF,rn2kb1r/1p3ppp/p1p1p3/3p3b/2PP1Bq1/2N1P3/PP1K3P/R2Q1B1R w KQkq - 0 1,d1g4 h5g4,https://lichess.org/training/1CuKF
1Lh8u,r2qr2k/1p1b3p/p2P1Q2/3B4/8/2B5/PP4PP/R5K1 b KQkq - 0 1,d8f6 c3f6,https://lichess.org/training/1Lh8u
1NLLM,r2qr1k1/1pp2p1p/p1np1np1/6B1/2PP2bP/P1NB1Q2/1P3P2/2KR3R w KQkq - 0 1,g5f6 g4f3,https://lichess.org/training/1NLLM
1PLWg,r2b1rk1/1b6/p1n1p1qp/3pPpp1/2pP2P1/2P2N2/1P1QNP1P/RB2R1K1 b KQkq - 0 1,f5g4 b1g6,https://lichess.org/training/1PLWg
1PjaR,2bk3r/5pp1/1Q1p1n1p/1B6/3q4/4B3/PPP3P1/4R1K1 b KQkq - 0 1,d4b6 e3b6,https://lichess.org/training/1PjaR
1RszK,r2q1bkr/ppp3pp/2n5/3pp1N1/6b1/3P1N1P/PPP2PP1/R1BQK2R b KQkq - 0 1,d8g5 c1g5,https://lichess.org/training/1RszK
1e3VA,2kr1bnr/ppp3pp/4pq2/3p4/1Q2P3/2N5/PPP2PPP/R1B2RK1 w KQkq - 0 1,e4d5 f8b4,https://lichess.org/training/1e3VA
1goCg,r2q1rk1/p1p2ppp/2pb1nb1/4p1N1/2B3P1/5P2/PPPPQ2P/RNB2RK1 w KQkq - 0 1,e2e5 d6e5,https://lichess.org/training/1goCg
1mkQC,r3kb1r/pp3pp1/1q1p2bp/1Q1Pp3/4n2B/5N1P/PPP1BPP1/1R2K2R b KQkq - 0 1,b6b5 e2b5,https://lichess.org/training/1mkQC
1n7d1,1r4k1/Q4nb1/p3b3/8/3q4/3p4/P7/K4R1R w KQkq - 0 1,a7d4 g7d4,https://lichess.org/training/1n7d1
22RJa,r3k2r/pp3ppp/5n2/2b5/2PqpPb1/2N1Q1N1/PPnP1KPP/R1B2B1R w KQkq - 0 1,e3d4 c5d4,https://lichess.org/training/22RJa
23Cji,r1b2r2/pppk1pQp/8/3p4/8/b1P5/PP1P2PP/4R2K w KQkq - 0 1,g7f8 a3f8,https://lichess.org/training/23Cji
26ySl,N2k1b1r/pp1b1qpp/3p4/4pp2/Q1Pn4/4P1PB/PP3P1P/R3K1NR w KQkq - 0 1,e3d4 d7a4,https://lichess.org/training/26ySl
27K6c,4r1k1/pp4bp/6p1/8/8/4B1QP/PP1R2PK/3q4 b KQkq - 0 1,d1d2 e3d2,https://lichess.org/training/27K6c
27ZC9,r1b2kn1/4q2r/2p5/p1P1Pp2/PpP2P1p/1P4PQ/1B2N3/3R1RK1 w KQkq - 0 1,h3f5 c8f5,https://lichess.org/training/27ZC9
29ZrC,4r1k1/p6p/1p4p1/3p1p1q/2n1b3/2Q4P/P4RPK/2B2R2 b KQkq - 0 1,h5g5 c1g5,https://lichess.org/training/29ZrC
2KNQ1,2kr3r/1ppbnNpp/p6b/2qB4/Q7/P4NP1/1PP2P1P/1K1RR3 w KQkq - 0 1,f7d8 d7a4,https://lichess.org/training/2KNQ1
2Xiqg,7r/ppp2kb1/3p2p1/6Qb/3PP1q1/4B3/PPPN4/2K4R w KQkq - 0 1,g5g4 h5g4,https://lichess.org/training/2Xiqg
2jY3i,6r1/6bk/P5b1/4q2p/6pP/5pK1/1P3R2/4Q3 w KQkq - 0 1,e1e5 g7e5,https://lichess.org/training/2jY3i
2oTkw,r5k1/1p5p/2b3p1/p7/P1pb2P1/5q1Q/1P5P/R1BR3K w KQkq - 0 1,h3f3 c6f3,https://lichess.org/training/2oTkw
2ol0s,rnb2rk1/pp4pp/8/2q1p3/2P1pPQ1/1P1p2P1/PB1P2KP/RN3R2 w KQkq - 0 1,b2e5 c8g4,https://lichess.org/training/2ol0s
2wXLU,rn3bkr/1p4pb/p3Qq2/2p1N3/2BPpB2/4P3/PPP2P2/R3K2R b KQkq - 0 1,f6e6 c4e6,https://lichess.org/training/2wXLU
2zMxD,1n2kbnr/6p1/bq1pP2p/2p5/2r1BB2/2Q2N2/PP3PPP/R3R1K1 w KQkq - 0 1,c3g7 f8g7,https://lichess.org/training/2zMxD
352qR,r1bq1rk1/ppp2ppp/8/3P4/2BP2n1/3P4/PP3PPK/RNBQR3 w KQkq - 0 1,d1g4 c8g4,https://lichess.org/training/352qR
3A2tB,8/2q3b1/1p2Q1Pk/p1p4p/4P1p1/P1P1B3/1P4K1/8 b KQkq - 0 1,c7f4 e3f4,https://lichess.org/training/3A2tB
3h6qs,r1b2r1k/ppp2p1p/2np1Q1q/8/6R1/3B3P/PB3PP1/R5K1 b KQkq - 0 1,h6f6 b2f6,https://lichess.org/training/3h6qs
3iBDd,2r3k1/q3bppp/p3pn2/3pPb2/NP6/P3B2P/5PP1/3QKB1R b KQkq - 0 1,f6d7 e3a7,https://lichess.org/training/3iBDd
3qNg3,r1bk3r/1p1p1Bb1/pQ1P1p2/q3n1pp/8/4B3/PP3PPP/2R1R1K1 b KQkq - 0 1,a5b6 e3b6,https://lichess.org/training/3qNg3
3qlez,r4rk1/1b3ppp/p2R4/5P2/4q1P1/P3p2P/1B2Q2K/5R2 b KQkq - 0 1,e4e5 b2e5,https://lichess.org/training/3qlez
43jey,r1bqk2r/p1p2pp1/3p3p/1p1Pp3/2N1P1n1/2P5/P1P2PPP/R1BQR1K1 w KQkq - 0 1,d1g4 c8g4,https://lichess.org/training/43jey
46pKY,r5k1/4pq1p/p2p2pb/2pP4/1p2P3/4Q1P1/PPP4P/5RK1 w KQkq - 0 1,f1f7 h6e3,https://lichess.org/training/46pKY
476e6,r4rk1/pbp1qppp/3p4/2pP4/8/7P/PPP2PP1/R1BQR1K1 b KQkq - 0 1,e7g5 c1g5,https://lichess.org/training/476e6
4B6VK,r2qrbk1/p2n1p2/2p1pn1Q/1p1p2P1/3P4/3B1P2/PPP1NP1P/R3K2R w KQkq - 0 1,g5f6 f8h6,https://lichess.org/training/4B6VK
4H3FT,4r1k1/q4ppp/p2p1b2/3p1P2/2rB1R2/7P/P2Q2P1/R6K b KQkq - 0 1,f6g5 d4a7,https://lichess.org/training/4H3FT
4PUEB,r4rk1/2p2ppp/p7/1p2pN2/4b3/1BP1QqPn/PP5P/R1BR3K w KQkq - 0 1,e3f3 e4f3,https://lichess.org/training/4PUEB
4ZG7K,rn3rk1/p4pp1/2p1q2p/Qp1n1p2/3P1B2/3P1B1P/PP3P2/2KRR3 b KQkq - 0 1,e6d6 f4d6,https://lichess.org/training/4ZG7K
4a4AN,r2qr1k1/p4ppp/Qp2b3/2b3N1/8/8/PP3PPP/R1B2RK1 b KQkq - 0 1,d8g5 c1g5,https://lichess.org/training/4a4AN
5CnrJ,r3r1k1/1q3ppp/p2N4/5Q2/4bB2/P6P/1PP3P1/4R2K w KQkq - 0 1,d6b7 e4f5,https://lichess.org/training/5CnrJ
5Fchs,3Qn3/1p3q1k/p1p1pb1p/6p1/PB2P3/1P5P/2P1NPP1/6K1 w KQkq - 0 1,b4c3 f6d8,https://lichess.org/training/5Fchs
5ZGBv,3r1rR1/5P1k/7p/p1pqp3/4Q3/1PbB2P1/P1P5/5R1K b KQkq - 0 1,d5e4 d3e4,https://lichess.org/training/5ZGBv
5cV3Y,1k3r2/ppp3pQ/5q2/7p/8/PBPbp2P/1P1R1PP1/4R1K1 w KQkq - 0 1,e1e3 d3h7,https://lichess.org/training/5cV3Y
5uLz3,3rr3/1k4pp/2p1qp2/1pP2b2/3R4/1Q2B3/1P3PPP/R5K1 w KQkq - 0 1,b3e6 f5e6,https://lichess.org/training/5uLz3
5xz0T,8/6k1/5pp1/1b3p2/1P5R/1N4PK/r6P/5qQ1 w KQkq - 0 1,g1f1 b5f1,https://lichess.org/training/5xz0T
5ynvX,rn1q1k1r/p5p1/1p1Q1n1p/2p5/2B2B2/2N2b2/PPP2PPP/R3R1K1 b KQkq - 0 1,d8d6 f4d6,https://lichess.org/training/5ynvX
5zJc4,1r1r2k1/2q2pp1/3p3p/B3p1b1/4P3/1QPPnP1P/P3B1P1/R2R2K1 b KQkq - 0 1,b8b3 a5c7,https://lichess.org/training/5zJc4
60oJt,r4rk1/pp3pBp/4pq2/4n3/3p2R1/3Q4/PPP2PPP/R5K1 b KQkq - 0 1,e5d3 g7f6,https://lichess.org/training/60oJt
6Ec7z,B5nr/p1k3p1/8/2p4p/2K1PP2/2P5/PP3bq1/RNBQn3 b KQkq - 0 1,g2e4 a8e4,https://lichess.org/training/6Ec7z
6OSpS,2rq1rk1/pp2bp1p/4b3/4P3/3p2p1/PQN1B3/1P3PPN/R4RK1 w KQkq - 0 1,e3h6 e6b3,https://lichess.org/training/6OSpS
6cqGJ,r4rk1/pp2n2p/2b2ppP/3p2q1/3Q1P2/2N5/PPPKB3/R6R b KQkq - 0 1,g5g4 e2g4,https://lichess.org/training/6cqGJ
6e1or,3r2k1/p1p2ppp/b2r4/6q1/1P6/P3PP2/2B1Q1PP/2RR3K w KQkq - 0 1,d1d6 a6e2,https://lichess.org/training/6e1or
6iNYv,3qkb1r/5pp1/2p2n1p/3p4/1QBPP1b1/5N2/1P1N1PPP/2B2RK1 w KQkq - 0 1,e4d5 f8b4,https://lichess.org/training/6iNYv
6k7WQ,2rq1rk1/1p2npbp/6p1/p2p4/3p2N1/1P4P1/P1PQPPBP/R4RK1 w KQkq - 0 1,d2d4 g7d4,https://lichess.org/training/6k7WQ
6wKsu,r1b4r/ppN1kppp/2nq1n2/2Q5/2B5/4B3/PPP2PPP/3RK2R b KQkq - 0 1,d6c5 e3c5,https://lichess.org/training/6wKsu
70792,1r2kb1r/Bp3ppp/2p1qn2/3p4/1Q2P3/2N2P2/PPP3PP/R3K2R w KQkq - 0 1,a7b8 f8b4,https://lichess.org/training/70792
776hQ,1r1qk1nr/pb1p1pQp/1p3b2/8/4PB2/8/PP3PPP/RN2KB1R w KQkq - 0 1,g7h8 f6h8,https://lichess.org/training/776hQ
77cqe,r4rk1/ppq1bpp1/2ppb2p/PP1n4/2P1P2Q/1N1BB3/5PPP/R4RK1 w KQkq - 0 1,e4d5 e7h4,https://lichess.org/training/77cqe
79T41,K5Q1/P7/8/7k/8/8/8/1r5b w KQkq - 0 1,g8d5 h1d5,https://lichess.org/training/79T41
79TX1,3B4/5ppk/7p/3p1b2/3P2q1/2P2Q2/6PK/8 b KQkq - 0 1,g4h4 d8h4,https://lichess.org/training/79TX1
7FBQa,r4b1r/pQ2p1p1/1n3nkp/8/4b3/2P5/PP3PPP/RNB1K2R w KQkq - 0 1,e1g1 e4b7,https://lichess.org/training/7FBQa
7IPAq,rnbq1rk1/ppp2p2/4pbpp/4P3/8/3Q1N2/PPP2PPP/R3KB1R w KQkq - 0 1,d3d8 f6d8,https://lichess.org/training/7IPAq
7Kzo4,1br3rk/1b3p2/p3pp1p/1p6/2P4P/2P1Bq1P/PPB1QP2/4RR1K w KQkq - 0 1,e2f3 b7f3,https://lichess.org/training/7Kzo4
7M1xu,r1b2Q2/7k/1qPN1p2/p2Pr1p1/1bBNn3/8/1P4PP/R4R1K w KQkq - 0 1,d6e4 b4f8,https://lichess.org/training/7M1xu
7Mu6B,r3kbnr/pp1b1pp1/2npp3/2p3qp/2BPP3/2N2Q1P/PPP2PP1/R1B2RK1 b KQkq - 0 1,c5d4 c1g5,https://lichess.org/training/7Mu6B
7NZE5,2k4r/pppr2pp/4b3/5p2/4p3/1qQnP3/1B1PNPPP/R2K1B1R w KQkq - 0 1,c3b3 e6b3,https://lichess.org/training/7NZE5
7Pqts,2rn2k1/p4pp1/bq5p/3B1Q2/1pP4P/4P1P1/1B3P2/3R2K1 w KQkq - 0 1,f5c8 a6c8,https://lichess.org/training/7Pqts
7Sin6,r5k1/1Q4p1/p2p2p1/2pb3q/P4P2/8/3B2P1/4R1K1 w KQkq - 0 1,b7a8 d5a8,https://lichess.org/training/7Sin6
7WpTM,4r1k1/ppp4p/4bpp1/2q1b3/5Q2/2NP2R1/PP3PPP/R5K1 w KQkq - 0 1,f4f6 e5f6,https://lichess.org/training/7WpTM
7XKF1,r2q1rk1/pp2bppp/2b5/2p5/3pQ3/1P3N2/PBPP1PPP/R3K2R w KQkq - 0 1,e1c1 c6e4,https://lichess.org/training/7XKF1
7dVtk,r4r1k/2p2p2/p2q1Q1p/1p6/5P2/P2BPp1P/1B1P1K1P/6R1 b KQkq - 0 1,d6f6 b2f6,https://lichess.org/training/7dVtk
7iWPB,rnb1kb1r/pp3ppp/2p2B2/4q3/4p3/1BNP4/PPP2PPP/R2QK2R b KQkq - 0 1,e4d3 f6e5,https://lichess.org/training/7iWPB
7icVZ,6k1/6P1/5K2/4p1NP/2B5/8/2b2P2/3qr3 b KQkq - 0 1,d1d5 c4d5,https://lichess.org/training/7icVZ
7q7RF,r7/ppp2kpp/8/2bP1b2/2P5/NQ2qP2/PP2BnPP/R1K4R w KQkq - 0 1,b3e3 c5e3,https://lichess.org/training/7q7RF
7rhXR,r3r2k/2p4p/p1p1PQ1q/5P2/4p3/1P6/PB5P/3N2RK b KQkq - 0 1,h6f6 b2f6,https://lichess.org/training/7rhXR
7tF8A,rnb1kbnr/pp2pppp/2p5/3q4/8/2P5/PP1P1PPP/RNBQKBNR w KQkq - 0 1,d1g4 c8g4,https://lichess.org/training/7tF8A
8Dz58,r1b2rk1/ppp2ppp/2nq4/6N1/2Bp2n1/8/PPP2PPP/RN1Q1RK1 w KQkq - 0 1,d1g4 c8g4,https://lichess.org/training/8Dz58
8JFhr,r1bk3r/2pp2Np/p1q2Q2/1p4B1/8/1B6/PPP3PP/R4K1R b KQkq - 0 1,c6f6 g5f6,https://lichess.org/training/8JFhr
8LsYC,r1b1k2r/1p1nqppp/p2Q1n2/4BB2/8/2p2N2/PP3PPP/R3R1K1 b KQkq - 0 1,e7d6 e5d6,https://lichess.org/training/8LsYC
8T6bM,3r3k/pp3Q2/1b5p/4P1p1/3pq3/P6P/1P3PPB/3R2K1 b KQkq - 0 1,e4e5 h2e5,https://lichess.org/training/8T6bM
8r1MX,4b1k1/1p2P1p1/p2b3p/3p1Q2/P4q2/1P3P1P/4RPK1/8 w KQkq - 0 1,f5f4 d6f4,https://lichess.org/training/8r1MX
8zf7x,r1b1k2r/pp1p1ppp/3p4/3P3q/8/2PQ4/PP2BPPP/R3K2R b KQkq - 0 1,e8g8 e2h5,https://lichess.org/training/8zf7x
98vH0,r4rk1/pp4pp/2n3b1/3p2q1/3P4/5PN1/PP2NKB1/R2Q1R2 w KQkq - 0 1,d1d3 g6d3,https://lichess.org/training/98vH0
9Ay8b,6k1/pp5p/1B1q2p1/1P1P1p2/P3rb2/6Q1/5PPP/3R1RK1 w KQkq - 0 1,g3g5 f4g5,https://lichess.org/training/9Ay8b
9M4vo,r1b2rk1/ppp2pp1/3p3p/4q3/2B1P1n1/2N1P3/PPP1Q1PP/R4RK1 w KQkq - 0 1,e2g4 c8g4,https://lichess.org/training/9M4vo
9RBia,5bR1/r4p1k/1p5p/2p2Q1q/p1PP4/Pn2PP1B/6RK/8 b KQkq - 0 1,h5f5 h3f5,https://lichess.org/training/9RBia
9RdDN,3Q4/7p/5P2/8/4b3/pk4B1/1p4PP/1K6 w KQkq - 0 1,d8d3 e4d3,https://lichess.org/training/9RdDN
9Rz73,r1b2r1k/pp1p1p2/2n3Bp/2n5/8/PqP2NB1/2Q2PPP/R4RK1 b KQkq - 0 1,b3c2 g6c2,https://lichess.org/training/9Rz73
9l6Yo,r1b1k2r/p2pqpp1/2p2B1p/4Q3/4P3/8/PPP2PPP/R3KB1R b KQkq - 0 1,e7e5 f6e5,https://lichess.org/training/9l6Yo
9rN66,4r1k1/1b4p1/8/1p3p2/2p5/P1P1bqP1/1P2Q2P/4R2K w KQkq - 0 1,e2f3 b7f3,https://lichess.org/training/9rN66
9twWb,rnb1kb1r/ppp1pppp/8/3q4/4N1n1/3P4/PPP2PPP/RNBQKB1R w KQkq - 0 1,d1g4 c8g4,https://lichess.org/training/9twWb
9z5H9,r1b1qb1r/pp1k2pp/4p3/1BpnP1B1/1n5P/5Q2/PP3PP1/RN2K1NR b KQkq - 0 1,d7c7 b5e8,https://lichess.org/training/9z5H9
9zpwC,5rk1/5pp1/Q3p2p/p7/P2P4/1rb5/5PPP/3R2K1 w KQkq - 0 1,a6a5 c3a5,https://lichess.org/training/9zpwC
A5uK6,rn1qk2r/pppbbppp/5n2/3p2B1/Q2P4/2N5/PP2PPPP/R3KBNR w KQkq - 0 1,a4b4 e7b4,https://lichess.org/training/A5uK6
AA8oD,kr6/1r2bppb/P3p2p/3pP2P/P1p2BP1/q1N2P2/Q1PR4/2KR4 w KQkq - 0 1,a2a3 e7a3,https://lichess.org/training/AA8oD
AAigj,3rr1k1/p1q2pp1/2p4p/NnB2b2/1PP2n2/3N3P/P1Q1BPPb/3R1R1K w KQkq - 0 1,d3f4 f5c2,https://lichess.org/training/AAigj
ABtNj,r3k2r/ppp2ppp/2n3bn/2b1p1q1/2BP2P1/2N2Q1P/PPP2P2/R1B2RK1 b KQkq - 0 1,c5d4 c1g5,https://lichess.org/training/ABtNj
AIhVW,1r3rk1/N2n2pp/3q1pb1/3p2P1/1P1N3P/2P2P2/1P1RB3/3KR3 b KQkq - 0 1,d6a6 e2a6,https://lichess.org/training/AIhVW
AJVhv,8/1p5p/5pb1/1PP2q1k/3B1p2/3Q1P1K/5P1P/6r1 w KQkq - 0 1,d3f5 g6f5,https://lichess.org/training/AJVhv
AfJGb,5rk1/6bp/2Bp1np1/3Pp3/1P1qp3/6PP/3QNPK1/2B5 b KQkq - 0 1,d4d2 c1d2,https://lichess.org/training/AfJGb
Am1xq,8/7p/p5p1/6Pk/5q1P/1P3Q1K/6B1/8 b KQkq - 0 1,f4f3 g2f3,https://lichess.org/training/Am1xq
Aomma,r4rk1/pbq1bppp/2n5/1BQ5/8/5N2/PPP2PPP/R1B1R1K1 w KQkq - 0 1,b5c6 e7c5,https://lichess.org/training/Aomma
B0Hrj,r2q1rk1/pp1n1pp1/2p1p2p/8/3PQ1P1/1P2P2P/P1P5/2KRB2R b KQkq - 0 1,d8a5 e1a5,https://lichess.org/training/B0Hrj
B2R3o,6k1/2p2p2/1rnp3p/4p1p1/1b2P3/1PQP1NP1/q2N2PP/R6K w KQkq - 0 1,a1a2 b4c3,https://lichess.org/training/B2R3o
B4KuX,r1bq2nQ/pp3kb1/2n1p1p1/3p1p2/3P1P2/2PB4/PP4PP/RNB1K2R w KQkq - 0 1,b1d2 g7h8,https://lichess.org/training/B4KuX
B4YdD,r1b2rk1/p3ppbp/2p3p1/3q4/8/2P1B3/PP1QBPPP/R3K2R b KQkq - 0 1,d5c5 e3c5,https://lichess.org/training/B4YdD
BBdzR,r3k2r/pppq1ppp/4bn2/1Nb1Q3/8/P7/1PPP1PPP/R1B1KB1R b KQkq - 0 1,d7b5 f1b5,https://lichess.org/training/BBdzR
BMV2b,rnb2rk1/5ppp/2pp4/pp6/P2qP1n1/8/1PBN1PPP/R1BQ1RK1 w KQkq - 0 1,d1g4 c8g4,https://lichess.org/training/BMV2b
BNhJb,r3kbr1/pbp2p2/5n1p/4p3/8/2N2q2/PPPP1N1P/R1BQ1R1K w KQkq - 0 1,d1f3 b7f3,https://lichess.org/training/BNhJb
BNn1c,r1b2rk1/pp1qQ2p/6p1/2p3N1/3p2nN/3P2P1/PPP2P1P/2KR3R w KQkq - 0 1,e7d7 c8d7,https://lichess.org/training/BNn1c
BRoaV,r3r1k1/pp3pbp/2pq2P1/2npn1N1/5B2/2P1PP2/PPB3P1/R2QK2R b KQkq - 0 1,e5g6 f4d6,https://lichess.org/training/BRoaV
Baviv,r5kr/ppp4p/2npQq1B/2b5/2B1P3/8/PPP2PPP/2KR3R b KQkq - 0 1,f6e6 c4e6,https://lichess.org/training/Baviv
Bf8jV,8/k1p3p1/pp6/2Q1b3/2N4q/1P6/P1P5/1K1R4 w KQkq - 0 1,c5c7 e5c7,https://lichess.org/training/Bf8jV
Br8NW,k5r1/pq3p2/2Q5/8/4B3/2P2KB1/PP1r4/8 b KQkq - 0 1,b7c6 e4c6,https://lichess.org/training/Br8NW
C4It0,r3k2r/ppp2ppp/2n1p3/8/2BPb2q/5QPn/PPP2P1P/RN3R1K w KQkq - 0 1,g3h4 e4f3,https://lichess.org/training/C4It0
C8CkB,r2r2k1/ppq5/4pp1Q/2P2pN1/1p1P1b2/P3R2P/5PP1/5RK1 w KQkq - 0 1,g5e6 f4h6,https://lichess.org/training/C8CkB
CCdzR,r3k1nr/ppp2ppp/3p2q1/b2N4/3pP3/3B1Q2/PPPB1PbP/R4RK1 w KQkq - 0 1,d2a5 g2f3,https://lichess.org/training/CCdzR
CGxWr,r3k2r/2p2ppp/p1b5/4P3/5B1P/4p3/PPP2b1P/RN1Q3K w KQkq - 0 1,d1d5 c6d5,https://lichess.org/training/CGxWr
CHWSZ,r1b2r2/p5k1/8/4p2Q/8/1nPp4/1P3bPP/R1BK3R w KQkq - 0 1,h5g4 c8g4,https://lichess.org/training/CHWSZ
CKEiM,r2qk2r/pp3pQp/3p1b2/4pP2/2PpP3/1P1n4/P5PP/RNB2RK1 w KQkq - 0 1,c1g5 f6g7,https://lichess.org/training/CKEiM
CKFZO,rnb1kbnr/pp1ppppp/8/q1p5/3PP3/8/PPPB1PPP/RN1QKBNR b KQkq - 0 1,a5b5 f1b5,https://lichess.org/training/CKFZO
CO7fF,r3kbnr/ppp2ppp/2n5/3pP3/3P2b1/2B2N2/PqP1B1PP/RN1QK2R b KQkq - 0 1,g4f3 c3b2,https://lichess.org/training/CO7fF
CQjLC,5r2/7k/4Q1p1/p5Pp/Rb1PP2P/2pK4/8/8 w KQkq - 0 1,e6e7 b4e7,https://lichess.org/training/CQjLC
CRYUf,8/2k2B2/p7/q7/3nP3/6pP/1bP3P1/3R3K b KQkq - 0 1,a5h5 f7h5,https://lichess.org/training/CRYUf
CdM2A,7k/2b1q2p/p4Q2/2pB1p2/P7/6P1/5P1P/B5K1 b KQkq - 0 1,e7f6 a1f6,https://lichess.org/training/CdM2A
Clh5M,2q2rk1/4bppp/bn1ppn2/p3P3/1p1P4/5N1P/PP1BQPP1/1B1N1RK1 w KQkq - 0 1,e5f6 a6e2,https://lichess.org/training/Clh5M
Cn37C,r1b5/p2kq2Q/3p4/2pPp1b1/1p6/8/PPP4P/RNB4K w KQkq - 0 1,h7e7 g5e7,https://lichess.org/training/Cn37C
D9oFg,rnb1kbnr/ppp2ppp/3p4/4p3/4P2q/2NP2P1/PPP2P1P/R1BQKBNR b KQkq - 0 1,h4g5 c1g5,https://lichess.org/training/D9oFg
DEMH8,b7/7k/pp3Qrp/7p/2P5/4P3/PP3P1P/5R1K w KQkq - 0 1,f6f3 a8f3,https://lichess.org/training/DEMH8
DLAzT,r1b2rk1/1p3ppp/p1nq4/3pp3/3P1Nn1/P1NBP3/1P3P1P/2RQK2R w KQkq - 0 1,d1g4 c8g4,https://lichess.org/training/DLAzT
DWrHc,2rq1r1k/pp1b3p/1n2p1p1/3pPpP1/3P4/P2B3Q/1P4PP/R1B2RK1 b KQkq - 0 1,d8g5 c1g5,https://lichess.org/training/DWrHc
DXfeZ,rnb1kbnr/1q3ppp/p3p3/1p2N3/2pP4/2N1PQ2/1P3PPP/R1B1KB1R w KQkq - 0 1,f3b7 c8b7,https://lichess.org/training/DXfeZ
DXr4i,1r1q1k2/p3b3/3p1pQP/3P2p1/1p1p4/3b2P1/PP1B1P2/R4K1R w KQkq - 0 1,f1g1 d3g6,https://lichess.org/training/DXr4i
DanvF,r3r1k1/3n1p1p/b5P1/8/8/P1Bq1p2/5P1P/R2Q1KR1 w KQkq - 0 1,d1d3 a6d3,https://lichess.org/training/DanvF
Dkljn,rnb2rk1/pp3ppp/2p2n2/q7/2pP4/P3P1P1/3BNPBP/R2QK2R b KQkq - 0 1,f6d5 d2a5,https://lichess.org/training/Dkljn
DmweD,5rk1/p1qb1rpp/1pn1pn2/3p4/5B2/2P2P2/P1Q1N1PP/R3KB1R b KQkq - 0 1,c6d8 f4c7,https://lichess.org/training/DmweD
DtCs2,3r3k/pp5p/2p2Q2/8/2P5/4Pq2/PBB4P/4K1R1 b KQkq - 0 1,f3f6 b2f6,https://lichess.org/training/DtCs2
Dw7Yg,2b3r1/5k2/3q1b2/p4Q2/Pp6/5n1K/NPP5/3RR3 w KQkq - 0 1,d1d6 c8f5,https://lichess.org/training/Dw7Yg
EAn2S,1r2kb1r/p1q1p1pp/2Q1Pp2/2p5/5P2/2P1B1P1/PP2P1BP/3RK2R b KQkq - 0 1,c7c6 g2c6,https://lichess.org/training/EAn2S
EGNF1,rn3rk1/1b3ppp/p3p3/1p6/P2NB3/2q1N3/2Q3PP/R4RK1 b KQkq - 0 1,c3c2 e4c2,https://lichess.org/training/EGNF1
EQuQh,r1bq1rk1/ppp1bppp/2n5/6N1/2Bp1Bn1/8/PPP2PPP/RN1QR1K1 w KQkq - 0 1,d1g4 c8g4,https://lichess.org/training/EQuQh
ERkEY,1k6/p4Qr1/1p2P3/3p4/1P1Bb3/2P5/P6P/7K w KQkq - 0 1,f7f3 e4f3,https://lichess.org/training/ERkEY
EUEp2,r3kbnr/2pq1ppp/p3p3/8/QnBP4/2N1P3/1P3PPP/R1B1K1NR w KQkq - 0 1,a4b4 f8b4,https://lichess.org/training/EUEp2
EUMJD,r1b2rk1/1pB1bppp/p1n1p3/8/2QP3P/P4N2/qPP2PP1/2KR1B1R b KQkq - 0 1,a2c4 f1c4,https://lichess.org/training/EUMJD
EbbOa,5rk1/pb5p/1p6/8/1P2QP1b/P2P1q2/2PR1p1P/5R1K w KQkq - 0 1,e4f3 b7f3,https://lichess.org/training/EbbOa
Ecw4u,1rb1q1kb/p2n3p/2p1Q1pP/3pP1B1/2pP4/2P4B/PP3R2/2K2R2 b KQkq - 0 1,e8e6 h3e6,https://lichess.org/training/Ecw4u
Ei96w,r4k1r/ppq2Ppp/3Q1n2/1p5b/1B6/1B3P2/PPP2P2/R3R2K b KQkq - 0 1,c7d6 b4d6,https://lichess.org/training/Ei96w
F7NYM,2kr1b1r/ppp2ppp/2n2nb1/8/6P1/1NN1B1RP/PPp1QPBq/2K4R b KQkq - 0 1,h2h1 g2h1,https://lichess.org/training/F7NYM
F7k9i,2k3r1/ppp2p1p/2bb1B2/8/P2p3q/1P1PPQ1P/2P2P2/RN3R1K w KQkq - 0 1,f6h4 c6f3,https://lichess.org/training/F7k9i
F8Tk5,6k1/pb2n2p/6p1/2p5/2Nb4/3B1qQ1/PPP4P/3R3K w KQkq - 0 1,g3f3 b7f3,https://lichess.org/training/F8Tk5
FAgyX,rn2k1nr/p2b2pp/4p3/Qpb2pq1/3Pp3/2P5/PP3PPP/RNB2RK1 b KQkq - 0 1,e4d3 c1g5,https://lichess.org/training/FAgyX
FCcoX,r5kr/5nb1/1p1p4/pPpP1Nq1/2P1p1B1/1Pn2QB1/6PP/1R2R1K1 w KQkq - 0 1,f3c3 g7c3,https://lichess.org/training/FCcoX
FNVLa,r3k1nr/p1p3p1/2pp1p2/7b/2B1P3/1Q3qB1/PPP2P1p/R3R2K w KQkq - 0 1,b3f3 h5f3,https://lichess.org/training/FNVLa
FTdzW,3r1rk1/pp3ppp/5n2/2q5/2PBp1b1/P3P1P1/2Q1BP1P/1R3RK1 b KQkq - 0 1,g4e2 d4c5,https://lichess.org/training/FTdzW
FUsbg,5rk1/4Qp1p/2Pq2p1/2B5/7r/8/P4PPb/2R2R1K b KQkq - 0 1,d6e7 c5e7,https://lichess.org/training/FUsbg
FVNlW,2krr3/1pp1bpp1/2n3b1/pP4Pp/2BP1p1P/qQP2N2/P2N1P2/2KR3R w KQkq - 0 1,b3a3 e7a3,https://lichess.org/training/FVNlW
FeYYk,2kr2nr/p2np3/Q1p4b/q1P3pp/1p1Pp3/1P1B2BP/P4PP1/1K1RR3 b KQkq - 0 1,a5a6 d3a6,https://lichess.org/training/FeYYk
FhTVj,r3k3/1Qp1n1r1/p2p1b2/3P4/P1PPp1qp/N4p2/1P1K1PbB/4R1R1 b KQkq - 0 1,g4f4 h2f4,https://lichess.org/training/FhTVj
FpEdm,6rk/pb3p1p/1p1bpp2/8/1PP5/P2B1q1P/4QP2/2R2R1K w KQkq - 0 1,e2f3 b7f3,https://lichess.org/training/FpEdm
FpPTQ,4rrk1/6pp/1pp2p2/3pN3/2p3bq/2NP2B1/PPP2PP1/R3R1K1 b KQkq - 0 1,g4h5 g3h4,https://lichess.org/training/FpPTQ
FtcyQ,r3k2r/pp1n2p1/1qpbN1bp/3n4/1P2Pp2/P3P2P/1BQ1BPP1/RN2K2R w KQkq - 0 1,e4d5 g6c2,https://lichess.org/training/FtcyQ
Fvtkm,2r4r/1p3Pk1/p1nBp3/4P2p/P7/2Pq3P/1P2B3/R4KR1 b KQkq - 0 1,g7f7 e2d3,https://lichess.org/training/Fvtkm
G0dpx,r1n1rbk1/2qp3p/2b2p2/1pN1p1p1/2P1P3/Q2R1P2/2N2BPP/3R2K1 w KQkq - 0 1,a3a8 c6a8,https://lichess.org/training/G0dpx
G7Rwv,rn3bk1/6pr/b1pqQnNp/pp6/3P4/1BP5/PP3PPP/R1B1K2R b KQkq - 0 1,d6e6 b3e6,https://lichess.org/training/G7Rwv
GJOAR,r1bq1r2/pp1p1kbp/4p1p1/7n/2PQ4/2N5/PP2BPP1/R1B1K2R w KQkq - 0 1,h1h5 g7d4,https://lichess.org/training/GJOAR
GLyBU,r1bqr2k/1pQ3pp/p3ppn1/3p4/2pPnBP1/2P1PN2/PPB2P1P/R4RK1 b KQkq - 0 1,d8c7 f4c7,https://lichess.org/training/GLyBU
GMwSE,r3r1k1/1pp2pp1/pbn3qp/3B4/PP2b2N/2PQ4/6PP/R1B2K1R w KQkq - 0 1,h4g6 e4d3,https://lichess.org/training/GMwSE
GTINx,4qr2/3RNp1k/2P2bpp/pp1Q4/8/1P4P1/P4P1P/6K1 w KQkq - 0 1,d5e5 f6e5,https://lichess.org/training/GTINx
GUCvq,r7/p4p2/1pb1pNk1/3qBnpr/Q2P3p/P4P1P/1P4P1/3R1RK1 w KQkq - 0 1,f6d5 c6a4,https://lichess.org/training/GUCvq
GVG0I,r3k1r1/pb3p1p/1p2pp2/8/8/3BBq2/PP3P1P/R2Q1R1K w KQkq - 0 1,d1f3 b7f3,https://lichess.org/training/GVG0I
GapEb,r1bq2k1/pppn2pp/3p2n1/3Pp1B1/2P1P3/2NQ1rP1/PP2N3/2KR1B1R b KQkq - 0 1,f3d3 g5d8,https://lichess.org/training/GapEb
Gp0fD,r4rk1/pp2qpb1/2pB3p/6pn/2P1b3/2NQ4/PP3PPP/R4RK1 w KQkq - 0 1,d6e7 e4d3,https://lichess.org/training/Gp0fD
GzIyh,2r4k/pp5p/2q2Qp1/8/2B5/2B2P1P/1P4P1/2K5 b KQkq - 0 1,c6f6 c3f6,https://lichess.org/training/GzIyh
H03dE,6k1/p1r2npp/2p2b1B/3pQP2/5P2/1Pq4P/P1p5/K1R2BR1 w KQkq - 0 1,e5c3 f6c3,https://lichess.org/training/H03dE
H07k0,7r/p2nk1pp/2p5/1pqn4/3bp1Q1/1B6/P1PB1PPP/1R3RK1 w KQkq - 0 1,g4g7 d4g7,https://lichess.org/training/H07k0
H15Zm,1kr5/pbp2p2/1p6/2b1P3/7B/P4q2/N3Q2P/3R3K w KQkq - 0 1,e2f3 b7f3,https://lichess.org/training/H15Zm
HEruR,4r1bk/pp5p/2p2Qp1/5N2/3q3B/5R2/PPP2PPP/6K1 b KQkq - 0 1,d4f6 h4f6,https://lichess.org/training/HEruR
HRW7L,r3r2k/p1p4p/b4Q1q/6p1/8/1BB5/PP3PPP/5RK1 b KQkq - 0 1,h6f6 c3f6,https://lichess.org/training/HRW7L
HSs47,r1n2rk1/5p2/p6p/1p1pPbpq/2pP1PPN/2P4P/PPQ3K1/R4R2 w KQkq - 0 1,g4h5 f5c2,https://lichess.org/training/HSs47
HTTjX,r3r2k/ppp4p/3q1Q2/2bB2B1/2Pn4/3P4/PP3PPP/R4RK1 b KQkq - 0 1,d6f6 g5f6,https://lichess.org/training/HTTjX
HTqu9,rnb1kb1r/ppp1qppp/8/3p2n1/3P4/8/PPP1QPPP/RNB1KB1R w KQkq - 0 1,e2e7 f8e7,https://lichess.org/training/HTqu9
HbBjm,1r2r3/R4ppk/4p3/3bq1P1/5n2/3p1Q2/P6P/4R1BK w KQkq - 0 1,e1e5 d5f3,https://lichess.org/training/HbBjm
HeDMW,2kr1bnr/p2n3p/Qpp2p2/q5p1/3PN1P1/2P3BP/PP3P2/R3KB1R b KQkq - 0 1,a5a6 f1a6,https://lichess.org/training/HeDMW
HjviO,4kb1r/p1p1pppp/2q5/5bB1/8/2Nn4/PP3PPP/R2Q1RK1 w KQkq - 0 1,d1d3 f5d3,https://lichess.org/training/HjviO
Hrhrk,r4rk1/4Q1pp/3p1n2/2p5/1Nq5/P3BP2/1P4PP/2R3K1 b KQkq - 0 1,c4c1 e3c1,https://lichess.org/training/Hrhrk
HtNcC,rnb1kbnr/5ppp/p2pp3/1pp3q1/2BPP3/5Q2/PPP2PPP/RNB2RK1 b KQkq - 0 1,b5c4 c1g5,https://lichess.org/training/HtNcC
Hzd66,r4rk1/1pq1bpp1/p2p1n1p/8/3QPBbP/1BN5/PPP5/R3K2R b KQkq - 0 1,d6d5 f4c7,https://lichess.org/training/Hzd66
I6bUy,1k6/1b5p/p7/2p5/3p2P1/1Q3q2/PP3b1P/3R3K w KQkq - 0 1,b3f3 b7f3,https://lichess.org/training/I6bUy
I8hwp,r2qk3/pbpp1pp1/7r/7p/5N2/1PP3P1/1P1P1P1P/R1BQK2R w KQkq - 0 1,d1f3 b7f3,https://lichess.org/training/I8hwp
IURch,r1b2rk1/pppp1ppp/2n5/2P1N3/2B2q2/2P5/PPK4P/RNBQ3n b KQkq - 0 1,c6e5 c1f4,https://lichess.org/training/IURch
IWypv,2k3r1/p1pb4/2Q2B2/4P2q/2Pp1p2/3Pb1P1/P1P2R2/1R3N1K w KQkq - 0 1,f2h2 d7c6,https://lichess.org/training/IWypv
IX7dT,1r6/p5b1/6k1/2P3Bp/4n1b1/3p4/Q4PPP/4RBK1 w KQkq - 0 1,a2e6 g4e6,https://lichess.org/training/IX7dT
IZudw,r4bkr/pp2n1pp/1q2b3/3p4/6Q1/8/PP2NPPP/RNB1K2R w KQkq - 0 1,b1c3 e6g4,https://lichess.org/training/IZudw
Itwbq,3Rqbk1/5pp1/p6p/2pQ4/8/P3B1P1/2p2P1P/6K1 b KQkq - 0 1,c2c1q e3c1,https://lichess.org/training/Itwbq
J0kLN,6k1/pb3pp1/1p5p/2b5/8/3Q1q2/PP1B3P/3R3K w KQkq - 0 1,d3f3 b7f3,https://lichess.org/training/J0kLN
J6NJp,r4rk1/1pp2ppp/p2p4/2b4q/2Q5/P1N1P1P1/1P3P1P/R1BB1bK1 w KQkq - 0 1,d1h5 f1c4,https://lichess.org/training/J6NJp
J7Rpm,2r4k/1p5p/p3qQ1N/4B3/8/6P1/7P/R5K1 b KQkq - 0 1,e6f6 e5f6,https://lichess.org/training/J7Rpm
JGqTV,2q1r1k1/p2n2pp/1p1Bp3/5p2/3P4/4PN1P/PP1KB1P1/2R5 b KQkq - 0 1,c8a6 e2a6,https://lichess.org/training/JGqTV
JU1Nt,r3k2r/ppq2ppp/2n1pn2/3p1b2/Nb1P1B2/4P3/PP1N1PPP/2RQKB1R b KQkq - 0 1,f6e4 f4c7,https://lichess.org/training/JU1Nt
JagUv,2r2k1r/p4ppp/bpQ1p1q1/2n5/1BP1pP2/PP2P3/6PP/R4RK1 w KQkq - 0 1,c6c8 a6c8,https://lichess.org/training/JagUv
Jb8BT,r4r1k/p4P1p/1p6/3pqbp1/2BB3Q/8/P4PPP/3R2K1 b KQkq - 0 1,g5h4 d4e5,https://lichess.org/training/Jb8BT
JfEgG,r5k1/1p1n2pp/p2p1b2/2pP1p1q/2P2P2/1P6/PB2BQPP/R6K b KQkq - 0 1,f6b2 e2h5,https://lichess.org/training/JfEgG
JnMB6,r3k2r/1b3pQ1/p1qppb1p/7P/4n3/P2BB1R1/1PP2PP1/2KR4 w KQkq - 0 1,g7h8 f6h8,https://lichess.org/training/JnMB6
JsSbE,r2r2k1/2q1n1pp/3p4/p1p2p2/P3pB2/2P1P1P1/2Q2P1P/3R1BK1 b KQkq - 0 1,d6d5 f4c7,https://lichess.org/training/JsSbE
K0ULj,6k1/p4ppp/1p2pn2/2bpB3/6P1/3Q1P1B/PP3PKP/2q5 b KQkq - 0 1,c1b2 e5b2,https://lichess.org/training/K0ULj
K397z,r2qr2k/ppp4p/5Qp1/3B4/2P5/1P4P1/PB1N1K1P/R7 b KQkq - 0 1,d8f6 b2f6,https://lichess.org/training/K397z
K3sYb,r1b3k1/pp4pp/3p4/4p2q/4nr2/4Q2P/3NBRPK/5R2 b KQkq - 0 1,e4f2 e2h5,https://lichess.org/training/K3sYb
K69Ym,r6k/pp5p/1q3Qp1/8/2BP3B/b1P4P/pP3PP1/4R1K1 b KQkq - 0 1,b6f6 h4f6,https://lichess.org/training/K69Ym
K7VD8,rn2k1nr/ppp2p1p/8/2bPN3/2B5/4qPpb/PPP1Q2P/RN4KR w KQkq - 0 1,e2e3 c5e3,https://lichess.org/training/K7VD8
KJwLf,r4rk1/pp3ppp/1bp5/3p4/B5b1/5qN1/PPP4P/RN1QR2K w KQkq - 0 1,d1f3 g4f3,https://lichess.org/training/KJwLf
KKi1L,r1bk2r1/pppp1pBp/5Qqn/8/2B5/8/P4PPP/R3R1K1 b KQkq - 0 1,g6f6 g7f6,https://lichess.org/training/KKi1L
KSC1a,1r4kr/3R3p/6pb/4q3/1pB5/8/PPP3PP/1K3R2 b KQkq - 0 1,e5e6 c4e6,https://lichess.org/training/KSC1a
KWSuU,rkb2b1r/pp2nppp/3Q1q1n/3pN3/2B5/B6P/P4PP1/3RR1K1 b KQkq - 0 1,f6d6 a3d6,https://lichess.org/training/KWSuU
KXeC7,2kr1b1r/ppp3pp/8/8/Qq1PpBb1/4P3/PP3PPP/R3KB1R w KQkq - 0 1,a4b4 f8b4,https://lichess.org/training/KXeC7
KcYIJ,2k5/2p2p2/8/1p1r4/3bp1b1/1PQ1P1Pp/1qPK1P1B/rN2R2R w KQkq - 0 1,c3b2 d4b2,https://lichess.org/training/KcYIJ
KdVse,rn2kbnr/ppqb1ppp/8/4p3/1QPN4/3P4/P3PPPP/RNB1KB1R w KQkq - 0 1,d4b5 f8b4,https://lichess.org/training/KdVse
KgH3N,1r5k/Q5pp/2p2pq1/8/3P4/2P2bbP/PP3P2/R4RK1 w KQkq - 0 1,a7b8 g3b8,https://lichess.org/training/KgH3N
KiTEi,r1bk1b1r/1p1pnppp/1QqNp3/p3P3/8/3BB2P/PPP2PP1/R3K2R b KQkq - 0 1,c6b6 e3b6,https://lichess.org/training/KiTEi
KkKtk,r2qr1k1/p1p2pbp/1p4p1/7P/1P1P2P1/P3BQ2/5P2/R4KR1 b KQkq - 0 1,d8g5 e3g5,https://lichess.org/training/KkKtk
KkW9K,4r1k1/ppp2pp1/3p4/3Q1q2/2P3b1/P1PK1n2/1R5P/7R w KQkq - 0 1,d5f5 g4f5,https://lichess.org/training/KkW9K
Kn4Ub,r5k1/1pp5/p2p4/P2Pp3/2B1P1b1/1PP2qQp/5p1P/7K w KQkq - 0 1,g3f3 g4f3,https://lichess.org/training/Kn4Ub
Kp5Q3,r5k1/2r1bp1p/1q1p2pP/1Q1Pp1P1/Bp6/1N3P2/PPP5/2KR3R b KQkq - 0 1,b6b5 a4b5,https://lichess.org/training/Kp5Q3
L3OPF,rn1qk2r/1pp2pb1/p3p3/3p2Np/3nP3/2NQ2P1/PPP2P1P/R1B1K2R b KQkq - 0 1,d8g5 c1g5,https://lichess.org/training/L3OPF
L8gT3,br5k/3p3p/2n2Q1q/5p2/3B4/3B1N2/6RP/3K4 b KQkq - 0 1,h6f6 d4f6,https://lichess.org/training/L8gT3
LIg14,3r3r/pQp2k2/2B1p3/2B2p1p/5bpq/1P5P/P4PP1/3R1RK1 w KQkq - 0 1,b7c7 f4c7,https://lichess.org/training/LIg14
LM42Z,2r1r1k1/3n1pp1/1pBb3p/p7/3P4/PP1K1P2/1BQ2P2/2R1R2q b KQkq - 0 1,h1f3 c6f3,https://lichess.org/training/LM42Z
LMnyk,r3k2r/ppp1qppp/2n2n2/8/1bb5/PQN2N2/1P1P1PPP/R1B1KB1R w KQkq - 0 1,e1d1 c4b3,https://lichess.org/training/LMnyk
LRgLP,rkbq3r/pp4pp/3Q4/3B4/5B2/2p5/PPP2PPP/R3K2R b KQkq - 0 1,d8d6 f4d6,https://lichess.org/training/LRgLP
LWKFq,r3kb1r/ppp3pp/2n1pq2/3Bp3/8/5Q2/PPPP1PPP/RNB2RK1 b KQkq - 0 1,f6f3 d5f3,https://lichess.org/training/LWKFq
LWkrR,r1bq1r1k/pp1n2bB/2p1p2Q/3p4/2PP2pP/2N1P1B1/PP3PP1/R3K2R w KQkq - 0 1,h7g6 g7h6,https://lichess.org/training/LWkrR
LeWVx,r2k4/1q4Q1/pp1p1r2/6N1/1P6/5b1P/P7/R5K1 w KQkq - 0 1,g7b7 f3b7,https://lichess.org/training/LeWVx
Lhwu3,rn2qbkr/pp4pp/2p1Q3/3B4/8/8/PPPP1PPP/RNB1K2R b KQkq - 0 1,e8e6 d5e6,https://lichess.org/training/Lhwu3
Lk6cP,2kr1b1r/1pp2ppp/p7/1P2nb2/Q1Pp4/q5BP/3NPPP1/2KR1B1R w KQkq - 0 1,a4a3 f8a3,https://lichess.org/training/Lk6cP
Lq3ye,r4rk1/p3R1Bp/1p6/7Q/2p5/2q2b2/P1P3PP/4R2K b KQkq - 0 1,f3h5 g7c3,https://lichess.org/training/Lq3ye
LszBy,4r1k1/ppp2ppp/8/5b2/5B2/2P2P2/3RBKPP/2q4R b KQkq - 0 1,c1d2 f4d2,https://lichess.org/training/LszBy
Lw52p,r6r/pppk3p/3pq1pB/7n/6P1/4N2K/PPP4P/R2Q4 b KQkq - 0 1,e6e3 h6e3,https://lichess.org/training/Lw52p
M7bf0,r3k2r/2p1bpp1/1pq1p3/1N1b3p/3P2nP/pP1BPN2/P1Q2P2/2KR2R1 w KQkq - 0 1,c2c6 d5c6,https://lichess.org/training/M7bf0
MLC4k,r4rk1/ppp2ppp/8/3q4/2PB4/5b2/P3QPPP/R4RK1 w KQkq - 0 1,c4d5 f3e2,https://lichess.org/training/MLC4k
MMLAF,2kr3r/p2bb3/Qqp4p/3p1pp1/3Nn3/2P3B1/PP2BPPP/R4RK1 b KQkq - 0 1,b6a6 e2a6,https://lichess.org/training/MMLAF
MRalI,1r1qkb1r/pbpnpppp/8/3Q2B1/3P4/2P5/PP2PPPP/RN2KBNR w KQkq - 0 1,a2a4 b7d5,https://lichess.org/training/MRalI
MRlVO,4r3/5p1k/p2P1qpp/1pB1p3/1P6/P1P4R/5P1K/6R1 b KQkq - 0 1,f6f2 c5f2,https://lichess.org/training/MRlVO
MZhR0,r1b3nb/pp2k2p/4p3/2Np3B/2pq4/8/P1P2PPP/1R1Q1RK1 w KQkq - 0 1,d1d4 h8d4,https://lichess.org/training/MZhR0
Mp8Bp,1n4k1/1P2bp2/3p2pB/3Ppb2/4Q3/5N1P/q1r2PP1/1R3BK1 w KQkq - 0 1,e4c2 f5c2,https://lichess.org/training/Mp8Bp
MyWZb,1r2kb1r/pp3ppp/2q5/4p3/2Qp4/3P1bP1/PP2PP1P/R1B1K2R w KQkq - 0 1,c4c6 f3c6,https://lichess.org/training/MyWZb
N7fD2,r1bq1bnr/1p1p3p/3k1p2/p1pNP1B1/2Pn2Q1/8/PP4PP/R4RK1 b KQkq - 0 1,f6e5 g5d8,https://lichess.org/training/N7fD2
NBLpR,rn5k/1b1pN2p/p3qQp1/8/Pp1B4/3n4/1PPN2PP/R5K1 b KQkq - 0 1,e6f6 d4f6,https://lichess.org/training/NBLpR
NC3cE,rn1qk2r/1p2bpp1/p1pppnbp/4P3/2PP4/2N2N1P/PPQ1BPP1/R1B2RK1 w KQkq - 0 1,e5f6 g6c2,https://lichess.org/training/NC3cE
NOcMb,4r2r/pRbqk1pp/B1p1p1b1/3p1p2/P2PnP2/4PN2/2P3PP/2B1QRK1 w KQkq - 0 1,e1a5 c7a5,https://lichess.org/training/NOcMb
NZAGd,3r2k1/pp2bppp/2p5/N3P3/3q4/1Pn2QB1/P1P2PPP/5RK1 b KQkq - 0 1,d4e5 g3e5,https://lichess.org/training/NZAGd
NsxZ6,r1b2rk1/pp2bppp/1qn2n2/1N1pN3/3p1P2/8/PPP1B1PP/R1BQ1R1K b KQkq - 0 1,b6b5 e2b5,https://lichess.org/training/NsxZ6
NxDlu,r1b1kb1r/ppp1q1pp/2n5/1B1p1Pn1/8/5N2/PPP1QPPP/RN3RK1 w KQkq - 0 1,e2e7 f8e7,https://lichess.org/training/NxDlu
NzTQw,rn2kbqr/pbpp4/1p2p1Qp/3nN1B1/3P4/3B4/PPP2PPP/RN2R1K1 b KQkq - 0 1,g8g6 d3g6,https://lichess.org/training/NzTQw
O0TBE,k2r4/ppR4p/6p1/5pP1/1P1Bp3/P1K1P3/5q1P/R7 b KQkq - 0 1,f2e3 d4e3,https://lichess.org/training/O0TBE
O6snB,r2qk2r/pppbbppp/8/3pn3/Q2P4/3BPN2/PP1B1PPP/R3K2R w KQkq - 0 1,f3e5 d7a4,https://lichess.org/training/O6snB
OMqbv,r6k/pb4pp/1p4n1/2b5/8/1BP2q1Q/P1PBN2P/4R2K w KQkq - 0 1,h3f3 b7f3,https://lichess.org/training/OMqbv
OSlP7,r1r3k1/1q2Qpbp/p4np1/1pBP1b2/2P2P2/2NP1N2/PP4PP/R4RK1 b KQkq - 0 1,b7e7 c5e7,https://lichess.org/training/OSlP7
OVBuw,r6k/p1pn2pp/8/2q1Pb2/6p1/2N5/PPP3PP/3QRR1K w KQkq - 0 1,d1d7 f5d7,https://lichess.org/training/OVBuw
OWrvZ,3rkb1r/pp1qpppp/8/1Q6/1P6/4P3/P5PP/3RKB1R b KQkq - 0 1,d7b5 f1b5,https://lichess.org/training/OWrvZ
OXHqo,6r1/1bkn4/p6p/1pp5/3p1P1B/P2P1q2/1PP1Q2P/R6K w KQkq - 0 1,e2f3 b7f3,https://lichess.org/training/OXHqo
OeCHL,r1b1kb1r/ppp2ppp/5n2/q7/2P1p3/3Q1N1P/PP1B1PP1/RN2KB1R b KQkq - 0 1,e4d3 d2a5,https://lichess.org/training/OeCHL
OewoV,6k1/1p3pp1/4b2p/1N1pK3/3P2P1/3Q2qP/8/4b3 w KQkq - 0 1,d3g3 e1g3,https://lichess.org/training/OewoV
Ox1xc,5rk1/4ppbp/p1q3p1/6B1/1p1r2b1/2N1Q3/PPB2PPP/R4RK1 w KQkq - 0 1,e3d4 g7d4,https://lichess.org/training/Ox1xc
P1aOF,r3k2r/p3bppp/2pq1B2/3pQR2/8/1PNP4/P5PP/R5K1 b KQkq - 0 1,d6e5 f6e5,https://lichess.org/training/P1aOF
P2OGu,r2q1r2/pp1bk1pQ/4p1B1/2Pp4/7P/2b5/PPP2PP1/2KR3R w KQkq - 0 1,h7g7 c3g7,https://lichess.org/training/P2OGu
PH2tL,B4bk1/7p/3p2p1/2pQ1q2/2P1n3/2B3P1/2P2P1P/4N1K1 b KQkq - 0 1,f5d5 a8d5,https://lichess.org/training/PH2tL
PLFPv,2k3r1/pb1q4/1pp5/4BQ2/2P1B2r/2P1P3/P4PPP/3R2K1 b KQkq - 0 1,d7f5 e4f5,https://lichess.org/training/PLFPv
PLpgX,2b3k1/2q3b1/p5Q1/1pprp2P/3p1p2/P2P1P2/1PPB1N1P/R3K2R w KQkq - 0 1,g6e6 c8e6,https://lichess.org/training/PLpgX
PMb6K,rnb2rk1/pp3ppp/2pp1q2/8/2BbP3/P1N1PQ2/1PP3PP/R3K2R w KQkq - 0 1,f3f6 d4f6,https://lichess.org/training/PMb6K
PUnBy,2kr3r/p2n2b1/Q1p4p/q2b2p1/4p3/P3PNBP/4BPP1/1R3RK1 b KQkq - 0 1,a5a6 e2a6,https://lichess.org/training/PUnBy
PZSwg,r3k1nr/ppq1bppp/4p3/4P3/1BBP2P1/5N1P/P3QP2/Rb3RK1 w KQkq - 0 1,e2c2 b1c2,https://lichess.org/training/PZSwg
Pf3FZ,r3kb1r/ppp2ppp/3P4/4p1q1/1PB2n2/5Q2/1PPP1PbP/RNB2RK1 w KQkq - 0 1,d2d4 g2f3,https://lichess.org/training/Pf3FZ
Pf9tz,2kr1br1/ppp2p1p/4pp2/8/2B3b1/P2P1q2/1PPB1P1P/R2QR2K w KQkq - 0 1,d1f3 g4f3,https://lichess.org/training/Pf9tz
PpCW5,r2B2k1/p2p1ppp/b3p3/q3P3/2p5/P1b5/1P3PPP/R2Q1RK1 b KQkq - 0 1,c3b2 d8a5,https://lichess.org/training/PpCW5
Pv8OM,1r4k1/p5b1/2p3p1/8/4p3/2qn2R1/P1Q5/K5R1 w KQkq - 0 1,c2c3 g7c3,https://lichess.org/training/Pv8OM
PwVF0,3rkb1r/p1p2ppp/2p5/4Pb2/Q2N1P2/q1P5/P2B2PP/2KR3R w KQkq - 0 1,a4a3 f8a3,https://lichess.org/training/PwVF0
Q5Z6x,7k/1b2p2p/p5p1/8/Bp2Q3/3P1q2/2P2p1P/5R1K w KQkq - 0 1,e4f3 b7f3,https://lichess.org/training/Q5Z6x
QeQUj,rn1qr1k1/pQp4p/3b1pp1/3b4/3P3B/3Bn3/PPPN1PPP/2KR2NR w KQkq - 0 1,b7a8 d5a8,https://lichess.org/training/QeQUj
QkmDs,4r2k/p5pp/1p2r3/2p1P2q/5p1Q/3P1b2/PPP1R1PP/5RK1 w KQkq - 0 1,h4h5 f3h5,https://lichess.org/training/QkmDs
QkwTg,3r1rk1/1b3ppp/p2b4/1p1pq3/5P2/P1P4P/1PB2QP1/R1B2R1K b KQkq - 0 1,e5f5 c2f5,https://lichess.org/training/QkwTg
QsoNL,r4r1k/5p1p/5Q2/4Bq2/3P3P/4P3/PP3P2/3K2R1 b KQkq - 0 1,f5f6 e5f6,https://lichess.org/training/QsoNL
R0u5D,r1b1kb1r/p2p2pp/2p1p3/3nPpB1/4N2q/3B4/PPP2PPP/R2QK2R b KQkq - 0 1,f5e4 g5h4,https://lichess.org/training/R0u5D
R3d1R,3rr1bk/pp2q2p/2p2Q2/7R/8/7P/1B4P1/5R1K b KQkq - 0 1,e7f6 b2f6,https://lichess.org/training/R3d1R
R5onG,r1b2rk1/pp2pp1p/1q1p2p1/8/2BbPPn1/2N5/PPP1Q1PP/R1B2R1K w KQkq - 0 1,e2g4 c8g4,https://lichess.org/training/R5onG
R8kvT,r4r1k/1b1R2p1/pp1RpbQp/2p4B/2P1q3/7P/PP1N1PP1/6K1 b KQkq - 0 1,e4g6 h5g6,https://lichess.org/training/R8kvT
RHqz5,2krr3/p2nn1p1/Qqp2p2/7p/6b1/5NB1/PP2BPPP/2R2RK1 b KQkq - 0 1,b6a6 e2a6,https://lichess.org/training/RHqz5
RPnEo,Qqk3r1/1p3p2/5p1p/3p4/4p3/1NP2bbP/PP3P2/R4RK1 w KQkq - 0 1,a8b8 g3b8,https://lichess.org/training/RPnEo
RQaYa,r2q1rk1/ppp1n1pp/3p4/3P1bN1/8/8/PPQ2PPP/R1B2RK1 w KQkq - 0 1,g5e6 f5c2,https://lichess.org/training/RQaYa
RiUl8,3Q1bk1/2r1q2p/6pB/3R1p2/P7/2p4P/5PP1/6K1 w KQkq - 0 1,d8e7 f8e7,https://lichess.org/training/RiUl8
RjZwg,7k/ppp1q2b/7p/2P1R3/1P3p2/1B5P/PB3P1K/8 b KQkq - 0 1,e7e5 b2e5,https://lichess.org/training/RjZwg
RlkDA,r1bR2k1/p1q2rpp/1p2p3/1Bb1Pp2/4pP1B/1QP5/PP4PP/2K4R b KQkq - 0 1,c7d8 h4d8,https://lichess.org/training/RlkDA
RzRxX,rk4r1/ppq5/3Q1n2/3P3p/4PB1P/8/PP2B1P1/2R3K1 b KQkq - 0 1,c7d6 f4d6,https://lichess.org/training/RzRxX
S1Bx4,rkb2b1r/pp2p1p1/3q4/3NQ2p/5B2/8/PPP2PPP/R5K1 b KQkq - 0 1,d6e5 f4e5,https://lichess.org/training/S1Bx4
SGcxS,rkbn4/pp2n1p1/5q1p/1N6/5Q2/5N2/PP3PPP/R1B3K1 b KQkq - 0 1,f6f4 c1f4,https://lichess.org/training/SGcxS
SVc61,r1b5/ppk1n3/2pp4/4p3/2B3q1/3PpQ2/PPP1Kb2/R4R2 w KQkq - 0 1,f3g4 c8g4,https://lichess.org/training/SVc61
SZucz,rn2k2r/ppp3pp/3b1n2/3P3b/3Np3/2PPQ1qP/PP1N2P1/R1B1KB1R w KQkq - 0 1,e3g3 d6g3,https://lichess.org/training/SZucz
SjDXE,4r1k1/5pp1/p1b5/1p1n1Nq1/8/2P4P/PPB2PP1/3RQ1K1 w KQkq - 0 1,e1e8 c6e8,https://lichess.org/training/SjDXE
SzH7W,2r3k1/p5p1/3Bb2p/3p1p2/1p1n2P1/q3P2P/2Q2P2/1B1R2K1 w KQkq - 0 1,c2c8 e6c8,https://lichess.org/training/SzH7W
TKGZM,r4rk1/4bp1p/3p2pP/3qp1P1/pP6/5P2/1PPQB3/R3K2R b KQkq - 0 1,d5b5 e2b5,https://lichess.org/training/TKGZM
TNIlj,3R4/pbp3pk/1p4rp/8/5B2/2P2q1Q/PP3P1P/5R1K w KQkq - 0 1,h3f3 b7f3,https://lichess.org/training/TNIlj
TO437,2kr4/pp1n4/3b1p2/2pPp1q1/6QP/3P1B2/PP2PPK1/RN6 b KQkq - 0 1,g5g4 f3g4,https://lichess.org/training/TO437
TV13c,Q2k1b2/B3pPp1/1q2Bn2/2p4r/3P4/8/PP2NP1P/RN2K2b b KQkq - 0 1,h1a8 a7b6,https://lichess.org/training/TV13c
TZzeO,r1bk1b1r/pppp3p/5qpQ/1B4B1/3p4/8/PPP2PPP/R3R1K1 b KQkq - 0 1,f8h6 g5f6,https://lichess.org/training/TZzeO
Tfy4l,1q3rk1/3n1pbp/3p2p1/1N1P4/4P3/1Q2BP2/1n2N1PP/5RK1 w KQkq - 0 1,b3b2 g7b2,https://lichess.org/training/Tfy4l
TlvuX,r2q1rk1/1N2bppp/2p1pn2/p2p4/1P1P1B2/P2Q4/2P2PPP/R4RK1 b KQkq - 0 1,d8c7 f4c7,https://lichess.org/training/TlvuX
TmCf3,4r2k/5p1p/p1q2QpN/6B1/P1pP4/1pP4P/1P3PPb/R4K2 b KQkq - 0 1,c6f6 g5f6,https://lichess.org/training/TmCf3
Tqi9l,r2q1rk1/ppp3pp/2n5/3Q1b2/4n3/1B2RN2/PPP2PPP/RN4K1 b KQkq - 0 1,d8d5 b3d5,https://lichess.org/training/Tqi9l
Tz5i9,3r1rk1/1pB3pp/p4b2/q2p4/8/6QP/PPP3P1/1K1RR3 b KQkq - 0 1,d8d7 c7a5,https://lichess.org/training/Tz5i9
Tztzp,r2q1rk1/1pp2pb1/2np1n1p/p3pbp1/2P5/PP1P1NP1/1BQNPPBP/R4RK1 w KQkq - 0 1,d3d4 f5c2,https://lichess.org/training/Tztzp
U0o8u,r1bqkb1r/ppp2ppp/2n5/3np1N1/2B5/3P4/PPP2PPP/RNBQK2R b KQkq - 0 1,d8g5 c1g5,https://lichess.org/training/U0o8u
U7sE1,2r2r1k/p4p1p/1pp5/2p2pB1/2P4q/2N2B2/PPK4P/6R1 b KQkq - 0 1,f7f6 g5h4,https://lichess.org/training/U7sE1
UZMUa,r3k2N/1p1q3p/p2pR3/K1p3p1/8/1B6/PPPP2PP/RNBn4 b KQkq - 0 1,d7e6 b3e6,https://lichess.org/training/UZMUa
Uemfp,r4rk1/pp3pp1/7p/3pNp1P/3P1B2/1q2PK2/5P2/2R2B1R b KQkq - 0 1,b3b5 f1b5,https://lichess.org/training/Uemfp
Uj6Ny,8/p4pk1/1pp4p/2b2qp1/P1P1Ppb1/1P3Q2/2P4P/3R3K w KQkq - 0 1,e4f5 g4f3,https://lichess.org/training/Uj6Ny
UjGD0,2rq1rk1/1bp3p1/1p1bp1pp/p7/P2Pp3/1NP3P1/1PQB1P1P/R4RK1 w KQkq - 0 1,c2e4 b7e4,https://lichess.org/training/UjGD0
Uug4I,rk5r/pp2Bppp/1n1Q4/8/P4q2/8/5PPP/2R1R1K1 b KQkq - 0 1,f4d6 e7d6,https://lichess.org/training/Uug4I
UyyoC,2kr3r/1bppq2p/pp3Pp1/3P2Bn/2B2P2/2P5/P3Q1PP/R4RK1 b KQkq - 0 1,e7e2 c4e2,https://lichess.org/training/UyyoC
V23LS,r3kbr1/pbp2p2/5n1p/4p3/P7/5q2/1PPP1N1P/RNBQ1R1K w KQkq - 0 1,d1f3 b7f3,https://lichess.org/training/V23LS
VPqng,r3kbnr/pp1b1ppp/4p3/1BppP3/3B4/2q2N2/P2N1PPP/R2Q1RK1 b KQkq - 0 1,d7b5 d4c3,https://lichess.org/training/VPqng
VTxMb,6Q1/2k5/5R2/1b6/3P4/2P1q3/6PP/5K2 w KQkq - 0 1,g8c4 b5c4,https://lichess.org/training/VTxMb
VUj0V,r3kbnr/pp2pppp/8/3q4/3Q4/5b2/PP2BPPP/RNB1K2R w KQkq - 0 1,d4d5 f3d5,https://lichess.org/training/VUj0V
VWMZv,2r1k2r/1b1p1p1p/pq2p1p1/4P3/1p2Q3/1PnR1N2/P1PB1PPP/2K4R w KQkq - 0 1,d2c3 b7e4,https://lichess.org/training/VWMZv
VincD,r3k2r/1bpq2pp/pp6/4P1b1/5Q2/2N2P2/PPP3PP/2KR3R w KQkq - 0 1,d1d7 g5f4,https://lichess.org/training/VincD
VlpzB,r1b1r3/pp1k1p1p/3bNBp1/qQpP1n2/7P/2P5/P4PP1/2R1KB1R b KQkq - 0 1,a5b5 f1b5,https://lichess.org/training/VlpzB
VocW3,r3kb1r/ppp2ppp/2p2n2/8/4q3/3P1b2/PPP2PPP/RNBQ1K1R w KQkq - 0 1,d3e4 f3d1,https://lichess.org/training/VocW3
Vp5y7,5nk1/4rpp1/1Qp4p/2Pp2n1/3q2B1/7P/N4PP1/3R2K1 b KQkq - 0 1,d4d1 g4d1,https://lichess.org/training/Vp5y7
W0W5I,3q1rk1/5pbp/pp2p1pB/n7/8/2N2P1Q/PPP2P1P/R5K1 b KQkq - 0 1,d8d2 h6d2,https://lichess.org/training/W0W5I
W1L1L,5rk1/R4ppp/4p3/3pPn2/8/4BQ2/q1r2PPP/5RK1 b KQkq - 0 1,a2a7 e3a7,https://lichess.org/training/W1L1L
W1Uy8,1r1qk2r/1ppb1pbp/p2p2p1/6Bn/1PPQP3/2N3P1/P5BP/R4RK1 w KQkq - 0 1,g5d8 g7d4,https://lichess.org/training/W1Uy8
WCdx8,1r3n1k/2p3qp/1p3Qp1/p2BB3/2PP4/P3P3/5PP1/1R4K1 b KQkq - 0 1,g7f6 e5f6,https://lichess.org/training/WCdx8
WNNxW,3r3k/ppR1B2p/5Q2/8/2B4q/3P3b/PPP3PK/r7 b KQkq - 0 1,h4f6 e7f6,https://lichess.org/training/WNNxW
WPlQO,r3k2r/ppp2pp1/2nbp3/6q1/3PP2p/PP4P1/2P1QPBP/R1B2RK1 b KQkq - 0 1,h4g3 c1g5,https://lichess.org/training/WPlQO
WUUbr,1r3rk1/pp4np/3p1p2/2pPp1qB/2PnPPQ1/1PN5/P5P1/3R1RK1 b KQkq - 0 1,g5g4 h5g4,https://lichess.org/training/WUUbr
WYByS,1r2kr2/2q1b1p1/2Q2pPp/p3pP1n/4B2P/2pRB3/P1P5/2K4R b KQkq - 0 1,c7c6 e4c6,https://lichess.org/training/WYByS
WYUPC,r1b2r1k/pp3p1p/n3pQ2/8/7q/1BB5/PPP1N2P/2K3R1 b KQkq - 0 1,h4f6 c3f6,https://lichess.org/training/WYUPC
WiMhJ,r1b2k1r/1p1p2bp/2nN2p1/2P1pnq1/3P4/5Q2/5PPP/1RB1KBNR b KQkq - 0 1,c6d4 c1g5,https://lichess.org/training/WiMhJ
WkJsX,2rk3B/1pNb1p2/3PpQp1/5q2/2P5/5B2/P5Kp/R7 b KQkq - 0 1,f5f6 h8f6,https://lichess.org/training/WkJsX
Wtv5U,6k1/5ppp/ppb5/8/6r1/2P2q2/PP3Q1P/2RR3K w KQkq - 0 1,f2f3 c6f3,https://lichess.org/training/Wtv5U
WysvE,r1b2rk1/ppp2ppp/1b1p4/1P1N4/4P1Q1/P7/2BP1qPP/R1BK3R w KQkq - 0 1,d5b6 c8g4,https://lichess.org/training/WysvE
X14kS,rnbqk1nr/pppp1pQp/5b2/8/4P3/8/PPPP1PPP/RNB1KBNR w KQkq - 0 1,g7h8 f6h8,https://lichess.org/training/X14kS
X5CLr,r2qkbnr/pp3ppp/2p5/3Pp3/QnB1P1b1/2N2N2/PP3PPP/R1B1K2R w KQkq - 0 1,a4b4 f8b4,https://lichess.org/training/X5CLr
X8uQh,2r1qr1k/p1p1b1p1/1pPp3p/1P2pb2/8/PQ4Pn/1B1N1PKP/R2B1R2 b KQkq - 0 1,e8h5 d1h5,https://lichess.org/training/X8uQh
X99yB,rnb1k1nr/pp3ppp/4p3/qN1pP3/3p4/P7/1PPQ1PPP/R3KBNR b KQkq - 0 1,a5b5 f1b5,https://lichess.org/training/X99yB
X9c0h,4r2k/pb5p/2p2Q1q/2p3p1/2B1PnP1/1P3P2/PB5P/5RK1 b KQkq - 0 1,h6f6 b2f6,https://lichess.org/training/X9c0h
XCSsq,4rrk1/p4p1p/1p1Bb1p1/2pB4/3q1Q2/P7/4R1PP/4R2K b KQkq - 0 1,d4f4 d6f4,https://lichess.org/training/XCSsq
XjJt6,3r1r2/1R4bp/2p1k1p1/8/Q2qp1P1/7P/P5K1/2R2B2 w KQkq - 0 1,a4d4 g7d4,https://lichess.org/training/XjJt6
XtXt8,rn2k2r/4bpp1/2p1pBb1/3p4/p2P2BP/q1P2P2/Q2NP3/2KR2NR w KQkq - 0 1,a2a3 e7a3,https://lichess.org/training/XtXt8
XtYju,2r4r/1p2nk2/p2qbb2/6pp/1P2P3/P5PP/1Q1R1PB1/4R1K1 w KQkq - 0 1,d2d6 f6b2,https://lichess.org/training/XtYju
Xxh7r,3r3k/2q1b1pp/p1n5/1p1QB3/1P6/P6P/3N2PN/2R3K1 b KQkq - 0 1,d8d5 e5c7,https://lichess.org/training/Xxh7r
Y223Z,1r2k2r/1bq1bppp/p2ppn2/8/4PB2/5NP1/1PPQ1P1P/1K1RR3 b KQkq - 0 1,d6d5 f4c7,https://lichess.org/training/Y223Z
Y2GYb,7r/ppkbp3/2p3P1/7Q/8/1B4P1/P1P5/bN4K1 w KQkq - 0 1,h5g4 d7g4,https://lichess.org/training/Y2GYb
YD501,r1b1r1k1/ppq5/n1pb3p/4p1pP/3P2Q1/3B3N/PPPB1P2/2KR3R w KQkq - 0 1,d1e1 c8g4,https://lichess.org/training/YD501
YPWrV,1k1r3r/1b1P3p/2nQ1qp1/4Np2/1B1p1P2/8/6PP/R3R1K1 b KQkq - 0 1,f6d6 b4d6,https://lichess.org/training/YPWrV
YReMa,r7/pk3P1p/2p2Q2/B1bb4/2p5/1P3qpP/P1P5/R6K w KQkq - 0 1,f6f3 d5f3,https://lichess.org/training/YReMa
YdE75,6k1/1p3b1p/2pp4/6p1/2q3P1/5PN1/P1Q3K1/8 w KQkq - 0 1,c2c4 f7c4,https://lichess.org/training/YdE75
Yf88X,r4rk1/3n1pbp/2p1b1pB/p1qnP3/1pN5/5N2/PPPQ2PP/R3RB1K b KQkq - 0 1,c5c4 f1c4,https://lichess.org/training/Yf88X
Ym6vN,r1b1kb1r/1p3ppp/p1p2q1n/3p4/1Q2P3/2NB3P/PPP2PP1/R1B2RK1 w KQkq - 0 1,e4d5 f8b4,https://lichess.org/training/Ym6vN
Ymw7w,K5Q1/P7/8/8/8/1r6/5k2/7b w KQkq - 0 1,g8d5 h1d5,https://lichess.org/training/Ymw7w
Yo03A,r1b2rk1/pp3ppp/3b1n2/4p1q1/3P4/2N2Q2/PPP2P1P/R1B1K2R b KQkq - 0 1,f8e8 c1g5,https://lichess.org/training/Yo03A
YpxDt,r5kb/3n1r1p/n1q3pP/pB1pp1B1/3p4/PQ3N2/1P3P2/1K1R3R b KQkq - 0 1,a8b8 b5c6,https://lichess.org/training/YpxDt
YupEK,r6r/pb2bk2/1ppP1n2/4B2p/4PQq1/2N5/PP3P1K/1BR2R2 b KQkq - 0 1,g4f4 e5f4,https://lichess.org/training/YupEK
YuzGT,2b3k1/1r4p1/1Qn3Np/p1pq1p2/P7/2BP4/1P3PPP/5RK1 w KQkq - 0 1,b6b7 c8b7,https://lichess.org/training/YuzGT
Z8gzf,r2q1rk1/1np1b1pp/p2p4/Pp2pb2/8/1NP1BNP1/1PQ2PBP/R4RK1 w KQkq - 0 1,f3d2 f5c2,https://lichess.org/training/Z8gzf
ZGKkf,4r1k1/3n1q1p/p1BPp1p1/2p3Pn/2P5/2B4b/P2Q1P2/4R1K1 b KQkq - 0 1,f7f3 c6f3,https://lichess.org/training/ZGKkf
ZJNJR,r5k1/ppp2ppp/3p4/8/2P2Nb1/2K5/P1n2qPP/1RB4R b KQkq - 0 1,f2f4 c1f4,https://lichess.org/training/ZJNJR
ZL9Ac,2r3k1/p5pp/1pP1pp2/3nQ3/3P1P2/5BPb/P1R4P/1q2N1K1 w KQkq - 0 1,e5e6 h3e6,https://lichess.org/training/ZL9Ac
ZRCyf,r1b1k1nr/pp3p1p/6p1/q1bp4/P1PN2Q1/8/1P1P1PPP/R1B1KB1R w KQkq - 0 1,c4d5 c8g4,https://lichess.org/training/ZRCyf
ZetXS,rnb2rk1/pp3ppp/8/3q4/3p1P2/3BbR2/PP2N1PP/R2Q3K b KQkq - 0 1,d5e4 d3e4,https://lichess.org/training/ZetXS
ZnhIq,1r4k1/p1q2pbp/2r3p1/QP6/2P5/B2p4/P4PPP/1R3RK1 w KQkq - 0 1,a5c3 g7c3,https://lichess.org/training/ZnhIq
ZtwvG,3rrbk1/2q2ppp/p4nb1/2p5/2N5/1P3N1P/PB3PP1/R2Q1RK1 w KQkq - 0 1,d1c2 g6c2,https://lichess.org/training/ZtwvG
ZvrEa,5r1k/p4p1p/1p2p3/2n1B3/5PRq/P4P2/1Pn1K2P/3B4 b KQkq - 0 1,h4f6 e5f6,https://lichess.org/training/ZvrEa
a3zL8,8/1p2r2p/p4kp1/2P1p3/PP6/2BbqB1P/1Q4P1/7K b KQkq - 0 1,e3e1 c3e1,https://lichess.org/training/a3zL8
a7G7h,r3kb1r/ppp2ppp/2n5/3qp3/3P4/4PB2/PP3PPP/R1BQK2R b KQkq - 0 1,e5d4 f3d5,https://lichess.org/training/a7G7h
a7MdX,r1bk3r/p5q1/2p4p/1p1p1Qp1/3P4/1BP5/PP3P1P/R1B1R1K1 w KQkq - 0 1,c1d2 c8f5,https://lichess.org/training/a7MdX
aBvlf,rnb1k1nr/ppp2p1p/3p1q2/2b1p3/2P3p1/3BPQ1N/PP1P1PPP/RNB1K2R w KQkq - 0 1,f3g4 c8g4,https://lichess.org/training/aBvlf
aLK30,q3r1k1/4ppbp/1p1p2p1/3b4/1B1p4/P2P2P1/Q3PP1P/1R3RK1 w KQkq - 0 1,b1c1 d5a2,https://lichess.org/training/aLK30
aMv4o,r3kbnr/pp2pppp/2n5/1B6/8/2N2Q1b/PPPP1PqP/R1B1K1NR w KQkq - 0 1,f3g2 h3g2,https://lichess.org/training/aMv4o
aOjTT,2kr1bnr/pppb3q/5p2/3NpN1p/1PP1P1p1/3B4/P4PPP/R2QR1K1 w KQkq - 0 1,d1a4 d7a4,https://lichess.org/training/aOjTT
aP0Bw,rk5r/pp3ppp/1q1Q1p2/1B6/1B2p3/8/PP3PPP/2R1K2R b KQkq - 0 1,b6d6 b4d6,https://lichess.org/training/aP0Bw
aVOr9,6k1/p5bp/bp2p3/2ppP1pN/3P2P1/2P3BK/PP5P/4Qq2 w KQkq - 0 1,e1f1 a6f1,https://lichess.org/training/aVOr9
abJWz,r2r2k1/5pp1/pb2pP1p/1N1pq3/RP6/3Q4/1BPK2PP/2R5 b KQkq - 0 1,a6b5 b2e5,https://lichess.org/training/abJWz
am4uv,r1b2rk1/ppp1n1pp/2q2p2/3p4/3BP1Q1/2P5/PP3PPP/RN3RK1 w KQkq - 0 1,b1d2 c8g4,https://lichess.org/training/am4uv
anK84,r1bk1bnr/ppN2ppp/2n5/4p3/1q1p1B2/4P3/PP1Q1PPP/R3KBNR w KQkq - 0 1,d2b4 f8b4,https://lichess.org/training/anK84
aposI,r2q1rk1/4bppp/4pn2/pp6/2pP1B2/2P2N1P/PP2QPP1/R4RK1 b KQkq - 0 1,d8c7 f4c7,https://lichess.org/training/aposI
aua8r,2b5/4RQbk/2p4p/2B4p/3P2r1/5N2/Pq3PPP/R5K1 w KQkq - 0 1,f7f5 c8f5,https://lichess.org/training/aua8r
b00lP,6k1/1b4pp/p3p3/5p2/Np1b1Q2/1P1B1q2/P6P/7K w KQkq - 0 1,f4f3 b7f3,https://lichess.org/training/b00lP
b0ZQA,Q7/6pk/4p2p/2b1Pp1b/1pP2P2/1P3qP1/4N2P/4R2K w KQkq - 0 1,a8f3 h5f3,https://lichess.org/training/b0ZQA
b8Ugl,r1b1k2r/p4npp/1pn5/2b1pqN1/8/P1N2Q2/1PP2PPP/R1B2RK1 w KQkq - 0 1,f3f5 c8f5,https://lichess.org/training/b8Ugl
bhKQB,5r1k/1b4pp/p2p4/5p2/N7/1P2bq2/1PP4P/R2R1Q1K w KQkq - 0 1,f1f3 b7f3,https://lichess.org/training/bhKQB
blzcw,rkb4r/pp1n1p1p/3Q4/3q1p2/3p1B2/2P4P/1P1K2P1/3R1BNR b KQkq - 0 1,d5d6 f4d6,https://lichess.org/training/blzcw
c14V7,r6k/ppp4p/2b2Q2/6q1/2B3P1/1P5P/PBP5/1K6 b KQkq - 0 1,g5f6 b2f6,https://lichess.org/training/c14V7
cA2Ey,5rk1/pp1q1ppp/4r3/8/1n1pP3/3P2PB/2P2Q1P/R4RK1 b KQkq - 0 1,e6f6 h3d7,https://lichess.org/training/cA2Ey
cCBz0,r2q1rk1/pp2ppbp/2n2np1/1B1p4/Q2P1Bb1/2P2N2/PP1N1PPP/R4RK1 b KQkq - 0 1,d8c7 f4c7,https://lichess.org/training/cCBz0
cNoWn,4r1k1/pb3rpp/2p5/3Pp3/2P1Pp2/P4P1q/4Q2P/2RRB1K1 b KQkq - 0 1,h3h4 e1h4,https://lichess.org/training/cNoWn
cPvgU,rnbqkbnr/pp2pppp/3p4/2p5/4P1Q1/8/PPPP1PPP/RNB1KBNR w KQkq - 0 1,d2d3 c8g4,https://lichess.org/training/cPvgU
cUfhz,r5k1/p5b1/2Q1p1pp/7b/2BP4/2P2qNn/PP3r2/R3R2K w KQkq - 0 1,c6f3 h5f3,https://lichess.org/training/cUfhz
cWCSf,r3r2k/pp2qp2/2n2Q1p/8/2P5/P2BPP2/1B3P1P/4K1R1 b KQkq - 0 1,e7f6 b2f6,https://lichess.org/training/cWCSf
cXDz1,r2r3k/5B1p/2p3p1/p1P1B3/PnNpPb1q/5P1b/6P1/R2Q1RK1 b KQkq - 0 1,h4f6 e5f6,https://lichess.org/training/cXDz1
cZsth,rnb2rk1/pp2bppp/2p2n2/q2Np3/4P3/P2P1N1P/1PPB1PP1/R2QKB1R b KQkq - 0 1,f6d5 d2a5,https://lichess.org/training/cZsth
caqXK,r1b1k1nr/ppp1qpb1/3p3p/4P1p1/3Q4/3B2B1/PPP2PPP/RN3RK1 w KQkq - 0 1,e5d6 g7d4,https://lichess.org/training/caqXK
cdsYr,r3r1k1/pp3pPp/3b4/3p2P1/3P4/2P2Pq1/PP1Rp1Q1/4K2R w KQkq - 0 1,g2g3 d6g3,https://lichess.org/training/cdsYr
chS7A,8/5Q2/2b5/p7/8/4k1b1/7p/7K w KQkq - 0 1,f7f3 c6f3,https://lichess.org/training/chS7A
d0NUD,r1r3k1/pp3pbp/n3pQp1/q7/3Pp1PP/P3P3/1P1BBP2/1K1R3R b KQkq - 0 1,g7f6 d2a5,https://lichess.org/training/d0NUD
d3Ilf,Nnb3nr/p2k2b1/1pppq3/5QBp/2PP2p1/3B4/PP3P2/4RKNR b KQkq - 0 1,e6f5 d3f5,https://lichess.org/training/d3Ilf
d68x0,5r1k/5P1p/4pQq1/3p2B1/1n1P2P1/8/1P6/5RK1 b KQkq - 0 1,g6f6 g5f6,https://lichess.org/training/d68x0
d9cIH,6k1/2pb2p1/p2b4/6r1/P3p2Q/1PP4q/4NP1P/R3RK2 w KQkq - 0 1,h4h3 d7h3,https://lichess.org/training/d9cIH
dC7lI,r1b2rk1/ppp1nppp/3p1q2/2b5/3NP1n1/1BP1B3/PP1N1PPP/R2Q1RK1 w KQkq - 0 1,d1g4 c8g4,https://lichess.org/training/dC7lI
dDsJG,r6k/1bq4p/7P/p1p1Rp2/2B2n2/P1B5/1P3PP1/R5K1 b KQkq - 0 1,c7e5 c3e5,https://lichess.org/training/dDsJG
dF76n,2r4k/5pRp/p7/1pB1p3/1Pb2nQP/P7/5P1K/5q2 b KQkq - 0 1,f1f2 c5f2,https://lichess.org/training/dF76n
dPYeO,1k6/1p5Q/pb1q1rb1/3p1p2/1P1PpP1P/P1P1B3/3NK3/R7 w KQkq - 0 1,h4h5 g6h7,https://lichess.org/training/dPYeO
dQ5UI,7r/2p3k1/2P1b1p1/1PQrp1q1/6P1/5R2/6B1/5RK1 w KQkq - 0 1,c5d5 e6d5,https://lichess.org/training/dQ5UI
dVVaF,r2q1rk1/ppp3pn/3p1b1p/5P2/3QP3/2N4P/PPP5/R1BK2R1 w KQkq - 0 1,c1h6 f6d4,https://lichess.org/training/dVVaF
dXV4m,r4rk1/1pp2pp1/p1n4p/3p4/3Nb1q1/2P4N/PP2BP2/R2Q1K1R b KQkq - 0 1,e4h1 e2g4,https://lichess.org/training/dXV4m
dbC7M,1kr5/1p1r1pb1/B2Rp2p/5p2/7P/1RP5/PQ3Pq1/2K5 b KQkq - 0 1,g2f1 a6f1,https://lichess.org/training/dbC7M
dlL0n,2q1kb1r/5ppp/1pR1p3/1B1pPnB1/3P4/8/P2N1PPP/1R4K1 b KQkq - 0 1,c8c6 b5c6,https://lichess.org/training/dlL0n
dojaq,4k3/p1p1p3/1p5B/5p2/4p2b/2P1P2N/PP2q3/2KR4 b KQkq - 0 1,e2e3 h6e3,https://lichess.org/training/dojaq
dtYCy,3rr1k1/p1p2p1p/p4p2/4Nb2/4qP2/8/2pB2PP/R3QR1K w KQkq - 0 1,e1e4 f5e4,https://lichess.org/training/dtYCy
duRtk,2kr4/ppp2ppp/n7/b7/P2B4/8/R1K2Pq1/1QN1R3 b KQkq - 0 1,g2f2 d4f2,https://lichess.org/training/duRtk
dxX5c,2r3k1/1q2bp1p/4p1p1/5n2/1p1p1B2/1P5Q/2B2PPP/2R3K1 b KQkq - 0 1,b7e4 c2e4,https://lichess.org/training/dxX5c
eA5Xn,5k2/pp3pnp/1np1pNp1/2B3P1/5q2/7P/PPP3B1/6K1 b KQkq - 0 1,f4d6 c5d6,https://lichess.org/training/eA5Xn
eGJKr,6k1/1p2R2p/5Bp1/pb1p1p2/3P3P/q4N2/5PP1/6K1 b KQkq - 0 1,a3e7 f6e7,https://lichess.org/training/eGJKr
eKfOg,4Qbk1/p3q2p/6p1/1p2N3/2p2P1K/N1P4P/PP3P2/6r1 w KQkq - 0 1,e8e7 f8e7,https://lichess.org/training/eKfOg
eL3IA,rn3rk1/pp1qnpbp/2p3p1/2Np1bN1/2PP1B2/3B4/PP3PPP/R2Q1RK1 b KQkq - 0 1,d7c7 f4c7,https://lichess.org/training/eL3IA
eRb4u,7k/7p/p3q1p1/1p6/1PBB4/7P/P5P1/6K1 b KQkq - 0 1,e6e5 d4e5,https://lichess.org/training/eRb4u
eXSXM,rn1q1rk1/pp2bpnp/6pB/8/1PP5/1B3Q1P/P2N1P2/R4RK1 b KQkq - 0 1,d8d2 h6d2,https://lichess.org/training/eXSXM
eZHD4,6k1/5p2/2P3p1/8/1b2B3/4PKP1/2q2P2/8 b KQkq - 0 1,b4e1 e4c2,https://lichess.org/training/eZHD4
eZkq8,5k2/p1b2pp1/1pB4p/1P6/P7/8/7q/3Q1K2 b KQkq - 0 1,h2h1 c6h1,https://lichess.org/training/eZkq8
eftpR,r5k1/2R2pbp/1p2p1p1/1B2P3/P2P1n2/8/3Q1P1P/3qBK2 b KQkq - 0 1,d1d2 e1d2,https://lichess.org/training/eftpR
er9IE,rn2k1nr/p1p1ppbp/1p4p1/6N1/3q4/8/PPP2PPP/RNBQ1RK1 w KQkq - 0 1,d1d4 g7d4,https://lichess.org/training/er9IE
euZSK,1r5k/ppp1q1pp/3bBn2/6Q1/5r2/2NP4/PP4PP/1K1R3R w KQkq - 0 1,g5f4 d6f4,https://lichess.org/training/euZSK
ewhVA,2krr3/2pb2pp/Q1n2p2/5n2/q2B4/P3PN2/2P2PPP/1R2KB1R b KQkq - 0 1,a4a6 f1a6,https://lichess.org/training/ewhVA
f2TTN,r1bqk3/4bp2/p2p4/1p1P2p1/3Q4/1B1P4/PP3PP1/R1B2K2 w KQkq - 0 1,d4g4 c8g4,https://lichess.org/training/f2TTN
f6lvj,2R5/2P2Qbk/5q2/r6p/6pK/6P1/5P1P/8 w KQkq - 0 1,f7f6 g7f6,https://lichess.org/training/f6lvj
f80oP,4q2k/p6p/7p/3B1P2/2PB4/P5P1/5P2/5K2 b KQkq - 0 1,e8e5 d4e5,https://lichess.org/training/f80oP
fMdn1,6k1/1b3pp1/p6p/2Q1p1qP/8/1P6/P1P1BP2/3K4 b KQkq - 0 1,g5h5 e2h5,https://lichess.org/training/fMdn1
fQqmG,r2qr2k/pb5p/n4Q1p/1pppB3/8/1P1P2R1/P1P3PP/5RK1 b KQkq - 0 1,d8f6 e5f6,https://lichess.org/training/fQqmG
fSdsr,1r4k1/5pb1/6p1/p4p2/8/2q2P2/P2Q1P2/K5RR w KQkq - 0 1,d2c3 g7c3,https://lichess.org/training/fSdsr
fVVBS,rnbqr1k1/ppp2p1p/6p1/2bp4/2B2NQ1/8/PB3PPP/RN3RK1 w KQkq - 0 1,f4d5 c8g4,https://lichess.org/training/fVVBS
fccJj,r7/1b1n3p/k1qp4/p7/PpQB4/1B3N2/2P2PPP/1R3RK1 b KQkq - 0 1,c6c4 b3c4,https://lichess.org/training/fccJj
fkWpK,5r1k/p2r1P1p/1p6/1Pp1Q2q/2P5/P3P3/1B3P1P/R3K3 b KQkq - 0 1,h5e5 b2e5,https://lichess.org/training/fkWpK
fm436,4b2k/2q2pp1/1p2p2p/1P1pPn2/Bb1P1B2/3Q1N2/5PPP/6K1 b KQkq - 0 1,c7c1 f4c1,https://lichess.org/training/fm436
foDrE,4k3/6pp/p2p3r/2bP1B2/2P2P2/5qP1/P2B2QP/1R1b3K w KQkq - 0 1,g2f3 d1f3,https://lichess.org/training/foDrE
fqpX4,r3kb1r/pp3ppp/2q1p1n1/1Q1pN1B1/3p2b1/1P6/P1PNBPPP/R4RK1 b KQkq - 0 1,c6b5 e2b5,https://lichess.org/training/fqpX4
fvoAW,1r1q1b1r/1b2k1pp/p3pn2/2ppN1B1/Q7/8/PPP2PPP/RN2K2R w KQkq - 0 1,a4a6 b7a6,https://lichess.org/training/fvoAW
g0lAx,r3kb1r/pp1npppp/5n2/qN1p1b2/3P1B2/4P3/PP1Q1PPP/R3KBNR b KQkq - 0 1,a5b5 f1b5,https://lichess.org/training/g0lAx
gBHXD,r2r2k1/2pq1ppp/pp2pn2/n4b2/P1PP4/B3PN2/1Q2BPPP/R3K2R w KQkq - 0 1,b2c2 f5c2,https://lichess.org/training/gBHXD
gBlHA,rn3Q2/pp1k1pp1/3p4/2p1p3/2b1P1q1/2P3P1/PP1P1P1P/RNB1K2R w KQkq - 0 1,f8f7 c4f7,https://lichess.org/training/gBlHA
gH16k,r1b2n1r/2q2Qpk/p1p1p3/3pP1pB/3p4/7R/PP1N1P1P/R3K3 b KQkq - 0 1,c7f7 h5f7,https://lichess.org/training/gH16k
gIpgp,3rr1k1/pp3ppp/5n2/3p1BQ1/3q4/1P3PP1/P6P/R4R1K b KQkq - 0 1,d4d3 f5d3,https://lichess.org/training/gIpgp
gKQRT,3r4/5ppp/4k3/3p4/1b2b1P1/2q4P/P7/K1Q1R3 w KQkq - 0 1,c1c3 b4c3,https://lichess.org/training/gKQRT
gNgP3,8/pp4pk/5p1p/8/5B2/P4R1P/3q1PPK/8 b KQkq - 0 1,b7b5 f4d2,https://lichess.org/training/gNgP3
ga3NU,1r2kb1r/1p3pp1/p3b2p/2pqQ3/8/P1P1P1P1/5P1P/R1B1K2R w KQkq - 0 1,e5d5 e6d5,https://lichess.org/training/ga3NU
gi45W,2kr1b1r/pp3pp1/2n1p3/1qppPnP1/3P1P2/1NP4P/PP3Q2/R1B1KB1R b KQkq - 0 1,c5d4 f1b5,https://lichess.org/training/gi45W
gmAhi,r1b1kb1r/pp2pppp/1np5/3BP1B1/6q1/2N2Q2/PP2NPPP/R3K2R b KQkq - 0 1,g4f3 d5f3,https://lichess.org/training/gmAhi
gp2gh,8/6pk/1r3p1p/1Pp1p3/2Pqb3/R7/2Q2PPP/1R5K w KQkq - 0 1,b1d1 e4c2,https://lichess.org/training/gp2gh
hCb9j,r3kbr1/pbp2p2/5n1p/4p3/8/3P1q2/PPP2N1P/RNBQ1R1K w KQkq - 0 1,d1f3 b7f3,https://lichess.org/training/hCb9j
hJit9,2kr3r/q3n2p/Q1P2p2/3P2p1/3pPB2/P1bB4/5PPP/5RK1 b KQkq - 0 1,a7a6 d3a6,https://lichess.org/training/hJit9
hZYHM,3r3k/p4p1p/1p3qpN/2bQ2B1/2Pp4/1P3PP1/P3r2P/3R3K b KQkq - 0 1,d8d5 g5f6,https://lichess.org/training/hZYHM
hb9uH,r7/p1Q3pp/k6N/1p6/2BP1n2/7P/PP3qbK/2R5 w KQkq - 0 1,c7c6 g2c6,https://lichess.org/training/hb9uH
hcy5S,6k1/pp4pn/B1pB3p/3b1P2/3P1Pr1/1P6/P6P/R2Q3K w KQkq - 0 1,d1f3 d5f3,https://lichess.org/training/hcy5S
hf4UC,2r3k1/Q4pp1/4p1p1/3pP1B1/2bP4/2P4P/1q3PP1/2R3K1 b KQkq - 0 1,b2c1 g5c1,https://lichess.org/training/hf4UC
hkOcG,rn2k2r/pp3ppp/5P2/q1b2b2/2PQ4/2N4P/PP3PP1/R1B1KBNR w KQkq - 0 1,f6g7 c5d4,https://lichess.org/training/hkOcG
hqgRW,3r2k1/Qbr1bppp/p3p3/q7/4N3/P3P3/1P1B1PPP/2R2RK1 b KQkq - 0 1,c7c1 d2a5,https://lichess.org/training/hqgRW
hyX5m,r2b4/5rkB/pn1P1P2/5P2/3q4/1P2B3/1P6/1K4RR b KQkq - 0 1,g7f6 e3d4,https://lichess.org/training/hyX5m
i5Ry6,r1bqkb1r/ppp2ppp/8/3np1N1/2Q5/3P4/PPP2PPP/RNB1K2R b KQkq - 0 1,d8g5 c1g5,https://lichess.org/training/i5Ry6
i9Wdg,2r4k/pp1Q2pp/2r1bp2/8/P5N1/4P2P/5PP1/2R3K1 w KQkq - 0 1,c1c6 e6d7,https://lichess.org/training/i9Wdg
iBNhn,1r2k2r/1p1qbpp1/pQ1p2bp/3P4/P2pPBB1/3P3P/1P4P1/R4RK1 b KQkq - 0 1,e8g8 g4d7,https://lichess.org/training/iBNhn
iIJVO,5k2/pp6/8/3RB2Q/2K3p1/2P1b3/Pr4P1/1r6 w KQkq - 0 1,h5h6 e3h6,https://lichess.org/training/iIJVO
iMljp,8/5Qq1/1p1pB3/pPpP2Pk/P2b1P2/5RpK/8/8 b KQkq - 0 1,g7f7 e6f7,https://lichess.org/training/iMljp
iT6ct,r4rk1/pb2bppp/1p2pn2/3N4/2Bq4/1P6/PBQ2PPP/R4RK1 b KQkq - 0 1,b7d5 b2d4,https://lichess.org/training/iT6ct
iVPYK,rn2Rbkr/ppp3pp/8/3Q2q1/2Bp4/8/PPPP2PP/R1B3K1 b KQkq - 0 1,g5d5 c4d5,https://lichess.org/training/iVPYK
ihGnB,1r5k/1p2q2p/p2p1Qp1/2pB4/2P5/1P4NP/PB3PP1/6K1 b KQkq - 0 1,e7f6 b2f6,https://lichess.org/training/ihGnB
ip5Gu,Bn6/p5k1/1bpPQ3/7p/3P1pb1/2N5/PP2Nq2/2KR4 w KQkq - 0 1,d6d7 g4e6,https://lichess.org/training/ip5Gu
itGjr,2kr4/pp3p1p/2p5/2bbP3/8/2P2q2/PP4QP/R3R2K w KQkq - 0 1,g2f3 d5f3,https://lichess.org/training/itGjr
itWFY,rnb1kb1r/pp3ppp/4pn2/qN1p4/3P1B2/2P5/PP3PPP/R2QKBNR b KQkq - 0 1,a5b5 f1b5,https://lichess.org/training/itWFY
iwvOF,r3kb1r/pp2pppp/8/1Qp5/q3n1P1/4B2P/PPP2P2/2KR1B1R b KQkq - 0 1,a4b5 f1b5,https://lichess.org/training/iwvOF
j0Mjg,2r2k1r/5pp1/Q2b2p1/3p4/3N4/qP4P1/P1pR1P1P/2K4R w KQkq - 0 1,a6a3 d6a3,https://lichess.org/training/j0Mjg
j0kK4,r1b2rk1/2p2ppp/p2b4/1p1B4/3P2n1/2P4P/PP2K1P1/RNBQR2q b KQkq - 0 1,h1g2 d5g2,https://lichess.org/training/j0kK4
j3TL4,b1r5/8/p2p1Q1p/1p5k/8/1P3p2/PB3PNP/6K1 w KQkq - 0 1,f6f3 a8f3,https://lichess.org/training/j3TL4
jLmjW,r4rk1/1pp1p1bp/pnn1Ppp1/2q2N2/5P1Q/4B1N1/1P4PP/R2R2K1 b KQkq - 0 1,g6f5 e3c5,https://lichess.org/training/jLmjW
ja4EJ,2br1rk1/R1q1bpp1/2p2n1p/4p3/1p2P3/2NRB1P1/1PP1BPQP/6K1 b KQkq - 0 1,c7a7 e3a7,https://lichess.org/training/ja4EJ
jcmQq,r2q1r1k/3nbppp/2np4/p1p1p2b/Pp2P3/1BPP1P1N/1P1NQ1PP/R3BRK1 w KQkq - 0 1,f3f4 h5e2,https://lichess.org/training/jcmQq
jgGpN,3r2k1/1pR2ppb/p6p/3p4/1q1brB2/PP2P2P/1Q3PP1/2R3K1 w KQkq - 0 1,a3b4 d4b2,https://lichess.org/training/jgGpN
jroSZ,2bq1bk1/Q2r1p2/6pp/1n2p3/4P3/PNRP2PP/5PBK/2R5 w KQkq - 0 1,a7d7 c8d7,https://lichess.org/training/jroSZ
jsTxY,rkbq3r/pp4pp/3Q4/8/3p1B2/8/PPP2PPP/R3R1K1 b KQkq - 0 1,d8d6 f4d6,https://lichess.org/training/jsTxY
k7ZEx,r2qkb1r/p2b2pp/2pQ1nn1/4p3/B7/5N2/PPP2PPP/RNB1R1K1 w KQkq - 0 1,f3e5 f8d6,https://lichess.org/training/k7ZEx
kWVxC,5r1k/6p1/2n2r1p/1pb1pB2/p4pP1/PqP4Q/1P3PP1/2BRR1K1 b KQkq - 0 1,b3c2 f5c2,https://lichess.org/training/kWVxC
kkt1a,3r3k/2p1rbp1/1p3p2/pPb1p3/P1N1P1PK/3P1P1P/2Q2q2/1R1R1B2 w KQkq - 0 1,c2f2 c5f2,https://lichess.org/training/kkt1a
koQM0,3r1b1k/3P3p/8/2P1p3/1Q2Ppq1/2N5/6PP/3R2K1 w KQkq - 0 1,c5c6 f8b4,https://lichess.org/training/koQM0
lZHie,r1b2rk1/pppp3p/8/bB2p3/4P3/2q5/P1PQ1PPP/1R3RK1 w KQkq - 0 1,d2c3 a5c3,https://lichess.org/training/lZHie
lZqP6,r4rk1/1pp2pp1/3qpn2/pbbpN1P1/8/1P1PPQ2/PBPN3P/R3K2R b KQkq - 0 1,d6e5 b2e5,https://lichess.org/training/lZqP6
lb8FL,r1bk1r2/pp2b1p1/1q2P2p/3B4/8/1P3Q2/P1P2PPP/R3R1K1 w KQkq - 0 1,f3f8 e7f8,https://lichess.org/training/lb8FL
leUor,8/q3bB2/5Qpk/p2P3p/Pp2PP1K/1P4PP/4R3/8 w KQkq - 0 1,f7e6 e7f6,https://lichess.org/training/leUor
lqRBi,5rk1/1pp2ppp/5q1r/Q7/3bBP2/7P/PP4PK/R1B5 b KQkq - 0 1,f6f4 c1f4,https://lichess.org/training/lqRBi
lrQOq,2k2b2/pbp2p1p/8/4p3/6r1/5q2/PPP1QP1P/RN3R1K w KQkq - 0 1,e2f3 b7f3,https://lichess.org/training/lrQOq
lwmVp,7R/3k1ppp/3Bp3/1Q1nP3/8/8/rq3PPP/5BK1 b KQkq - 0 1,b2b5 f1b5,https://lichess.org/training/lwmVp
m2Mrz,rn3rk1/pbpp2pp/1p1bppq1/7P/2P5/PP1PPN2/RB3PP1/3QKB1R b KQkq - 0 1,g6g2 f1g2,https://lichess.org/training/m2Mrz
mWveT,8/3n1k1p/3p1p1b/2pPp2p/Q1P1P2P/4N1Pb/5P2/1r3BK1 w KQkq - 0 1,a4d7 h3d7,https://lichess.org/training/mWveT
mYByn,3r1k2/p3br1p/5n1q/1B1Q2B1/3P4/8/PP3PPP/R3R1K1 b KQkq - 0 1,f6d5 g5h6,https://lichess.org/training/mYByn
mZJZJ,r1bqkbnr/pp3ppp/4p3/1P1p4/Qn1P4/8/P3PPPP/RNB1KBNR w KQkq - 0 1,a4b4 f8b4,https://lichess.org/training/mZJZJ
mbG12,r2q1rk1/p2n2pp/1p2pb2/1Q1p1n2/3P1B2/1N3N2/PP3PPP/R4RK1 b KQkq - 0 1,d8c7 f4c7,https://lichess.org/training/mbG12
mgh4H,3bk2r/1pr3pp/p2Rpq2/8/8/P1P2Q1P/2P2PP1/3R2K1 w KQkq - 0 1,f3f6 d8f6,https://lichess.org/training/mgh4H
miZuK,8/1p5k/p2p4/3Pp2p/1P4p1/P2KR1B1/7q/8 b KQkq - 0 1,h5h4 g3h2,https://lichess.org/training/miZuK
mlMIl,1rq2rk1/3b1ppp/3p1n2/B1n1p3/2P1P3/1p1P2PP/3Q1PBK/RR2N3 b KQkq - 0 1,c8c7 a5c7,https://lichess.org/training/mlMIl
mn6p5,r1b2k1r/pp1pq1p1/3Q1n2/2p1B1p1/2B5/8/P1P2PPP/1R2RK2 b KQkq - 0 1,e7d6 e5d6,https://lichess.org/training/mn6p5
mnmnT,2kr1br1/ppp2p1p/2n1bp2/4p2q/3P1P2/2P1B3/PP1NB1PP/R2QK2R b KQkq - 0 1,e5d4 e2h5,https://lichess.org/training/mnmnT
mt2YO,r1r3k1/1b2qp2/p6p/1p1np1B1/8/N4P2/PPPQB1nP/2KR3R b KQkq - 0 1,d5f4 g5e7,https://lichess.org/training/mt2YO
mvl3X,3b1k2/Q2q1ppp/2bp4/1p2pP2/1P4P1/3rB2P/P7/2R2NK1 w KQkq - 0 1,a7d7 c6d7,https://lichess.org/training/mvl3X
n0dSZ,N6R/pp2k1pp/4p3/1q6/3b4/7P/P1Q3P1/K6R w KQkq - 0 1,c2c3 d4c3,https://lichess.org/training/n0dSZ
nB8vW,r1b2k2/1p4p1/p4r2/3BpqQ1/2Pp4/3R2P1/P4P1P/1R4K1 w KQkq - 0 1,g5f5 c8f5,https://lichess.org/training/nB8vW
nFZQH,r2qkbnr/p1pp1p1p/1p1P2p1/3NPb2/2B5/8/PPP2Q1P/R1B3K1 b KQkq - 0 1,d8g5 c1g5,https://lichess.org/training/nFZQH
nTzrF,4rrk1/ppp3pp/4Rn2/n1P5/3q4/P2B1P2/1BQ3PP/7K b KQkq - 0 1,e8e6 b2d4,https://lichess.org/training/nTzrF
nZh5i,r3k2r/p2qbpp1/2p2nbp/2pp4/2B1P3/2N2N1P/PPQ2PP1/R1B2RK1 w KQkq - 0 1,e4d5 g6c2,https://lichess.org/training/nZh5i
nbKsj,r3r2k/p3qp1P/1pp1bQ2/3p4/3B4/2NB1P2/PP3P2/2K4R b KQkq - 0 1,e7f6 d4f6,https://lichess.org/training/nbKsj
nblQI,r3kb1r/pp1q1ppp/4pB2/1Q1P1n2/8/2N4P/PP3PP1/R3KB1R b KQkq - 0 1,d7b5 f1b5,https://lichess.org/training/nblQI
ndM8n,2rr3k/4q2p/p5p1/4Q3/2Bp4/P5B1/1P3PP1/2KR3R b KQkq - 0 1,e7e5 g3e5,https://lichess.org/training/ndM8n
nqith,2r2r1k/pb4pp/1p1p4/PP2p3/2P2n2/4QqP1/1B2nP1P/R4R1K w KQkq - 0 1,e3f3 b7f3,https://lichess.org/training/nqith
nstEe,r3r1k1/1p3p1p/1npBp1p1/p2nP1qB/3P2Q1/8/PP3PPP/2R2RK1 b KQkq - 0 1,g5g4 h5g4,https://lichess.org/training/nstEe
nswBM,r3r1k1/2q1ppbp/p1Pp2p1/1p6/8/PP4P1/2PQ1PBP/3R1RK1 b KQkq - 0 1,c7c6 g2c6,https://lichess.org/training/nswBM
nxNnC,r4rk1/pbq1b1pp/5P2/2p5/1pP1pB2/8/PPB1QPPP/R4RK1 b KQkq - 0 1,f8f6 f4c7,https://lichess.org/training/nxNnC
o6NWX,r1bq2k1/1p3p1p/2p3p1/p7/PnP1r3/1P1P2bP/1B2P3/RQ3KNR b KQkq - 0 1,d8f6 b2f6,https://lichess.org/training/o6NWX
oFXj9,r1b2rk1/ppqn1pp1/2p1pn1p/3p4/2PP4/P1R1PNB1/1P3PPP/3QKB1R b KQkq - 0 1,f6e4 g3c7,https://lichess.org/training/oFXj9
oVJyf,3r4/p1qrbk2/2n1N1p1/1pp1P2b/5P1Q/1PP1B3/P5PP/5RK1 w KQkq - 0 1,e6c7 e7h4,https://lichess.org/training/oVJyf
oX1Ek,r1bq1r2/pp2npp1/2n1Nk2/4p3/2N3Q1/4P3/PP3PPP/2R2RK1 w KQkq - 0 1,e6d8 c8g4,https://lichess.org/training/oX1Ek
oZ1RW,rnbk1b1r/3pnpp1/1QqN3p/p6P/4P3/4BN2/PPP2PP1/1K1R3R b KQkq - 0 1,c6b6 e3b6,https://lichess.org/training/oZ1RW
oivRh,2kr3r/3n1p2/Q1p1p3/q1P5/3P1Bn1/3B2pN/P5KP/R4R2 b KQkq - 0 1,a5a6 d3a6,https://lichess.org/training/oivRh
onLQ5,2r2rk1/3qbppp/p2pb3/3Np3/3nP2P/4N1PB/PP3PK1/R2Q3R b KQkq - 0 1,e6d5 h3d7,https://lichess.org/training/onLQ5
osgi9,3Q2rk/1p3R1p/p5p1/5q2/3B4/7P/P4PPK/4n3 b KQkq - 0 1,f5e5 d4e5,https://lichess.org/training/osgi9
ozDRS,r1b2rk1/pp3pBp/4pq2/8/3n2R1/P7/1PB1QP1P/R4K2 b KQkq - 0 1,d4e2 g7f6,https://lichess.org/training/ozDRS
p4yfF,r2qk2r/pp1bn2p/5p2/2bp2p1/Q7/2NB2BP/PP1N1PP1/R3R1K1 w KQkq - 0 1,c3d5 d7a4,https://lichess.org/training/p4yfF
pJ5nC,6k1/2p2b1p/3P3b/4p3/2Q1N3/5PN1/P3K1P1/6q1 w KQkq - 0 1,d6c7 f7c4,https://lichess.org/training/pJ5nC
pMpsC,2r3k1/1p2bp1p/p2p2pB/3br3/2p3P1/5q1P/P1Q4K/4R2R b KQkq - 0 1,f3f4 h6f4,https://lichess.org/training/pMpsC
pNcAD,r1b1kbnr/pp1p1ppp/2n5/qN2p3/4P3/8/PPPB1PPP/RN1QKB1R b KQkq - 0 1,a5b5 f1b5,https://lichess.org/training/pNcAD
pbEof,rnb1kbnr/pppq1ppp/8/1N2N3/8/8/PPPP1PPP/R1BQKB1R b KQkq - 0 1,d7b5 f1b5,https://lichess.org/training/pbEof
po15d,r4r1k/pp2Nppp/2p5/4Pb2/5Pq1/4p1P1/PPPR3P/R2Q2K1 w KQkq - 0 1,d1g4 f5g4,https://lichess.org/training/po15d
q24np,1r3rk1/3nbpp1/p2p3p/q6P/1pB1PBP1/8/PPP1QP2/2KR3R b KQkq - 0 1,a5a2 c4a2,https://lichess.org/training/q24np
qAP8C,4r2k/p5pp/5p2/8/8/2PQ1q2/P1PP2bP/R1BK2R1 w KQkq - 0 1,d3f3 g2f3,https://lichess.org/training/qAP8C
qECKx,r1bk1b1r/3pnppp/1Q1Np3/q7/4PP2/4B3/PPP3PP/2KR3R b KQkq - 0 1,a5b6 e3b6,https://lichess.org/training/qECKx
qEj5p,1rb2Bk1/p4pbp/2pp2p1/8/4P3/2q2P2/P1PQ2PP/K4B1R w KQkq - 0 1,d2c3 g7c3,https://lichess.org/training/qEj5p
qN0px,r1bq1r1k/pp2b1pp/1n1p4/5p2/7Q/2NBB3/PPP2PPP/2KR3R w KQkq - 0 1,g2g4 e7h4,https://lichess.org/training/qN0px
qQrTH,rnbqkbnr/ppp2ppp/8/4p3/3Pp1Q1/2N5/PPP2PPP/R1B1KBNR w KQkq - 0 1,d4e5 c8g4,https://lichess.org/training/qQrTH
qZgEO,r3r2k/p3q2P/2pp1Q2/n1b1p1B1/8/5N2/Pp3P2/R3K2R b KQkq - 0 1,e7f6 g5f6,https://lichess.org/training/qZgEO
qbRqG,r1bqkb1r/pp3ppp/2p5/3np1N1/2Q5/3P4/PPP2PPP/RNB2RK1 b KQkq - 0 1,d8g5 c1g5,https://lichess.org/training/qbRqG
qyqY7,r2q1r1k/1pp3pp/1n6/pPP3bb/4Pp2/3Q1N2/2BN1P1K/R3R3 b KQkq - 0 1,d8d3 c2d3,https://lichess.org/training/qyqY7
r4gCw,r1b1kb1r/pq3ppp/8/2n1p3/P2N4/1BQP4/5PPP/RN3RK1 w KQkq - 0 1,c3c5 f8c5,https://lichess.org/training/r4gCw
r5RQw,r1b1k1nr/pppp1ppp/1q6/2b1P3/2P5/5Q2/PP3PPP/RNB1KB1R b KQkq - 0 1,b6b2 c1b2,https://lichess.org/training/r5RQw
r73qr,5rk1/pbp3pp/8/2p5/2P1qpP1/PP2b3/6QP/1RB1R2K w KQkq - 0 1,g2e4 b7e4,https://lichess.org/training/r73qr
r827C,2kr1br1/pbp2p2/5n1p/4p3/3P4/2P2q2/PP3N1P/RNBQ1R1K w KQkq - 0 1,d1f3 b7f3,https://lichess.org/training/r827C
rFBPG,4b3/1p5k/p2p4/2pP2pK/2P1P3/1PN2Q1p/P6P/6q1 w KQkq - 0 1,f3f7 e8f7,https://lichess.org/training/rFBPG
rGsBF,1n3rk1/r2qbppb/pp5p/3np3/3PP3/1P3PP1/PBQ1N1BP/R4RK1 w KQkq - 0 1,e4d5 h7c2,https://lichess.org/training/rGsBF
rHwoP,r4rk1/1pp1ppbp/p1n3p1/q2N1b2/1PB5/2P5/P2PQPPP/R1B2RK1 b KQkq - 0 1,a5d5 c4d5,https://lichess.org/training/rHwoP
rNBMM,2rr2k1/5pp1/6bp/1N1Pp3/R1pbq3/2B2QP1/1P5P/R6K w KQkq - 0 1,f3e4 g6e4,https://lichess.org/training/rNBMM
rUoi5,rn2r1k1/pp3pbp/3p1np1/qNpP1b2/2P5/1P1N2P1/P2BPP1P/R2QKB1R b KQkq - 0 1,f5d3 d2a5,https://lichess.org/training/rUoi5
rZqDH,r1b3k1/pp1n1Bbp/3q1np1/6N1/5B2/2N4P/PP3PP1/4R1K1 b KQkq - 0 1,g8f8 f4d6,https://lichess.org/training/rZqDH
rbOQC,2r2rk1/p4ppp/1pB1b3/4P3/q2p1P2/PNR3P1/1P5P/3QR2K b KQkq - 0 1,d4c3 c6a4,https://lichess.org/training/rbOQC
rjJX5,2k3rr/ppb2p2/1npq4/4p3/PP3Bbp/2P2NP1/4BP1P/R2Q1RK1 w KQkq - 0 1,d1d6 c7d6,https://lichess.org/training/rjJX5
rmBm8,2rq3k/p6p/bp3Q2/3B4/2P5/P7/1B4PP/2R4K b KQkq - 0 1,d8f6 b2f6,https://lichess.org/training/rmBm8
rmLfg,r1b2rk1/pp3ppp/2n1p3/8/1bRq1B2/8/P2N1PPP/3QKB1R b KQkq - 0 1,d4c4 f1c4,https://lichess.org/training/rmLfg
rmZ6h,r2qk2r/pp2bppp/4p1b1/3pP3/2pP4/2P1PBB1/PP1Q2PP/R3K2R w KQkq - 0 1,d2c2 g6c2,https://lichess.org/training/rmZ6h
rmhL0,1rr2bk1/5p2/p4Pp1/1p1p1B2/8/6qR/P1P5/1RQ4K b KQkq - 0 1,g3h3 f5h3,https://lichess.org/training/rmhL0
rp7TO,1k1r3r/pp2bpp1/1n2p2p/3q4/1P6/PQ2PbP1/3NBPP1/2R2RK1 w KQkq - 0 1,b3d5 f3d5,https://lichess.org/training/rp7TO
ryrWL,r1b2b1r/ppp1kBpp/3p1n2/8/4P1NQ/8/PPKP1P1P/RNB2q2 b KQkq - 0 1,f1c4 f7c4,https://lichess.org/training/ryrWL
sBcEd,rn2kb1r/1b1qpppp/3p1n2/1ppP4/Q3P3/2N2N2/PP3PPP/R1B1KB1R w KQkq - 0 1,a4a8 b7a8,https://lichess.org/training/sBcEd
sesbg,r1br3k/ppp1bp2/4p1pB/2q1P3/4Q3/P2B4/1PP2PPP/R2R2K1 w KQkq - 0 1,e4h4 e7h4,https://lichess.org/training/sesbg
siPu4,r1bq1rk1/5p1p/p2p2p1/1p2p2n/4PbP1/1PNP3Q/PBK1N2P/3R3R w KQkq - 0 1,g4h5 c8h3,https://lichess.org/training/siPu4
skanv,r1bq1r1k/ppp2p1B/5Qp1/3p2N1/8/8/PB3PPP/R4RK1 b KQkq - 0 1,d8f6 b2f6,https://lichess.org/training/skanv
slpUE,r1bqk1nr/pppp1ppp/8/4b3/4P3/2N5/PPP2PPP/R1BQKB1R w KQkq - 0 1,d1d4 e5d4,https://lichess.org/training/slpUE
slveQ,rnb3r1/ppppp1Bk/6qP/3P1Q2/4B3/1P2P3/P1P3P1/RN2K1N1 b KQkq - 0 1,g6f5 e4f5,https://lichess.org/training/slveQ
soOgQ,r1bq2k1/pp4pp/8/2npPQ2/2pP4/8/PP1N1PPP/R3K2R w KQkq - 0 1,d4c5 c8f5,https://lichess.org/training/soOgQ
tCpUg,rqbk1b1r/3pnppp/1Q1Np3/8/4P1P1/4B3/PPP2P1P/2KR3R b KQkq - 0 1,b8b6 e3b6,https://lichess.org/training/tCpUg
tG4FB,rnb1k2r/pp3p2/2p1p1B1/5q2/3P1N1P/2P1P3/P1Q2PP1/R3K2R b KQkq - 0 1,f5c2 g6c2,https://lichess.org/training/tG4FB
tInyI,4r1k1/3n1pp1/p5rp/6b1/1PpB4/R4P1P/1Q1NqP2/2K3R1 b KQkq - 0 1,e2f2 d4f2,https://lichess.org/training/tInyI
tMt7A,r1b1k1nr/ppp2ppp/4n3/3BQ3/8/8/PPPN1PqP/R3KR2 b KQkq - 0 1,g8f6 d5g2,https://lichess.org/training/tMt7A
tVt2Z,r3r1k1/2p1bppp/p1pp2b1/5q2/4Q3/1PN4P/P1P2PP1/R1B2RK1 w KQkq - 0 1,e4f5 g6f5,https://lichess.org/training/tVt2Z
tktdK,r1bq1rk1/2p2ppp/p7/1pbNp1N1/8/1P1P3P/1PP2PP1/R1BQK2R b KQkq - 0 1,d8g5 c1g5,https://lichess.org/training/tktdK
tl53B,k2r1b1r/p1qn1p2/2Q4p/5Pp1/3P4/4B2P/P5B1/1R3RK1 b KQkq - 0 1,c7c6 g2c6,https://lichess.org/training/tl53B
tr5rV,4r1k1/pp1qpp2/6pB/1P2Q2n/8/6PP/6K1/1R6 b KQkq - 0 1,d7d2 h6d2,https://lichess.org/training/tr5rV
txOEw,rnb1k2r/ppp2ppp/8/2b3q1/3Pp3/2P3P1/P3PPBP/R1BQK2R b KQkq - 0 1,c5b6 c1g5,https://lichess.org/training/txOEw
u2Af0,r1bq1rk1/1pp1bppp/p2p2n1/6N1/1P2PPn1/PBN5/6PP/R1BQ1RK1 w KQkq - 0 1,d1g4 c8g4,https://lichess.org/training/u2Af0
u7JUy,B2qk2r/p1p2ppp/8/1b1pP3/4n3/2P5/PP3bPP/RNBQ1K1R w KQkq - 0 1,d1d3 b5d3,https://lichess.org/training/u7JUy
uBAXI,6r1/p1R1bp1p/5k2/3bp3/2Bp4/1Q3q2/PP3P1P/5R1K w KQkq - 0 1,b3f3 d5f3,https://lichess.org/training/uBAXI
uEWrU,rnb1kb1r/pB3ppp/5q2/4p3/8/5Q2/PPPP1PPP/R1B1K2R b KQkq - 0 1,f6f3 b7f3,https://lichess.org/training/uEWrU
uFQDn,r2qkbnr/pp3p1p/2np2p1/4pbB1/4P1Q1/8/PPP2PPP/RN2KB1R w KQkq - 0 1,g5d8 f5g4,https://lichess.org/training/uFQDn
uLSgJ,1r4k1/5pp1/B1R1p3/1P1p3p/P7/6QK/6Pb/7q w KQkq - 0 1,g3b8 h2b8,https://lichess.org/training/uLSgJ
uMM52,3r2nr/pp1Bkppp/4p3/q1Q1P3/5PPP/2b1B3/PP6/2KR3R b KQkq - 0 1,a5c5 e3c5,https://lichess.org/training/uMM52
uQSFW,r1b2rk1/pp2nppp/2n5/6Q1/2B5/4P3/q2N1PPP/3RK1NR b KQkq - 0 1,e7g6 c4a2,https://lichess.org/training/uQSFW
uTVap,rnb2r1k/pp4pp/1b6/q2N1nB1/2B2Q2/1P6/P4PPP/4RRK1 w KQkq - 0 1,f4f5 c8f5,https://lichess.org/training/uTVap
uTrhe,5Qrk/p6p/1p2p3/4P3/3Pb3/4P3/PP5P/R6K w KQkq - 0 1,f8f3 e4f3,https://lichess.org/training/uTrhe
uVKUu,r1b2r1k/pp4pp/2p5/4pqN1/2Q3P1/2P4P/P2B1bK1/R4R2 b KQkq - 0 1,f5g5 d2g5,https://lichess.org/training/uVKUu
uYAkU,2rq1r1k/1b3ppp/pp1Pp3/2p1N1Qn/P4B2/3P4/1PP3PP/R4RK1 b KQkq - 0 1,d8g5 f4g5,https://lichess.org/training/uYAkU
uZ5tZ,4r2k/2R4p/p2p1Qp1/3B1q2/2P5/1P1n2P1/PB5P/6K1 b KQkq - 0 1,f5f6 b2f6,https://lichess.org/training/uZ5tZ
uc10l,r6r/p1p1kppp/1p1bp3/1Q5q/3PP1b1/2N5/PP3PPP/R1B1K2R w KQkq - 0 1,b5h5 g4h5,https://lichess.org/training/uc10l
uhZI5,r4rk1/3b1pp1/p3p2p/q1ppPn2/2PP4/PR3N2/2QB1PPP/5RK1 b KQkq - 0 1,d7a4 d2a5,https://lichess.org/training/uhZI5
ujoKM,r1b1k2r/ppp3pp/2n2n2/6q1/4p3/3P4/PP3PBP/R1BQR1K1 b KQkq - 0 1,e8g8 c1g5,https://lichess.org/training/ujoKM
uoHO7,5r1k/2p3pp/p1Bp1n2/1p6/3P1q2/2NK3P/PPP1Rp2/7R b KQkq - 0 1,f4f3 c6f3,https://lichess.org/training/uoHO7
v3C7I,r1bq1rk1/ppp1bppp/1n3n2/4P3/2B5/P4N1P/1BP2PP1/RN1Q1RK1 w KQkq - 0 1,d1d8 e7d8,https://lichess.org/training/v3C7I
v58Op,k2r1b1r/p2B2p1/2Q4p/5p2/8/2qP4/P1P2PPP/1R3RK1 b KQkq - 0 1,c3c6 d7c6,https://lichess.org/training/v58Op
v7osg,r2qkb1r/pQ1n1ppp/4pn2/1B6/4b3/1P6/PB1P1PPP/RN2K1NR w KQkq - 0 1,b2f6 e4b7,https://lichess.org/training/v7osg
vDnLP,r3r1k1/ppp2ppp/3p4/4nq2/4N2b/4B3/PPP2PBP/R2QR1K1 b KQkq - 0 1,f5e4 g2e4,https://lichess.org/training/vDnLP
vHYdp,r4rk1/3bqppp/p4n2/2pp4/Q2P1B2/2PB4/P4PPP/R4RK1 w KQkq - 0 1,d4c5 d7a4,https://lichess.org/training/vHYdp
vSfSr,8/8/Q3p3/1pk2r2/2b2P2/P5P1/2P5/6K1 w KQkq - 0 1,a6e6 c4e6,https://lichess.org/training/vSfSr
vX8iH,r1b1n1k1/pp4b1/4p2p/2p1q1p1/N1P4N/1P4PP/P3Q1B1/5RK1 w KQkq - 0 1,e2e5 g7e5,https://lichess.org/training/vX8iH
vg8H6,rn2k1nr/pp3ppp/2pb2b1/q2p4/3PN1P1/P3PN1P/1P1B1P2/R2QKB1R b KQkq - 0 1,g6e4 d2a5,https://lichess.org/training/vg8H6
vhzkg,3r1rk1/bpp2pp1/p6p/4P3/1P6/PP4qP/6PN/BR3R1K b KQkq - 0 1,g3e5 a1e5,https://lichess.org/training/vhzkg
vk1t6,r1b2rk1/ppp2p2/q1p2p1p/8/4P3/2NP4/PPP3PP/R2Q1K1R w KQkq - 0 1,d1g4 c8g4,https://lichess.org/training/vk1t6
vrqDI,rnb2r1k/pp1p1p1p/2p2Q2/8/2B2q2/5N2/PB3P1P/1K4R1 b KQkq - 0 1,f4f6 b2f6,https://lichess.org/training/vrqDI
vyp94,r1b1q2k/pp4pp/3p4/2p1b3/4PBQ1/2PP4/PP4PP/R4R1K w KQkq - 0 1,f1f2 c8g4,https://lichess.org/training/vyp94
vzq7d,r7/Qbq1k2p/p2pPbp1/1p2p3/8/1P2B3/1PPR2PP/5RK1 w KQkq - 0 1,a7a8 b7a8,https://lichess.org/training/vzq7d
wCy5z,r1b1kbnr/pppp1p1p/2n3p1/4p1q1/4P3/2NP4/PPP2PPP/R1BQKB1R b KQkq - 0 1,f8g7 c1g5,https://lichess.org/training/wCy5z
wIQ84,r1bk1q1r/p1pp3p/1p3Q2/n2P2B1/8/3B1N2/P4PPP/3KR3 b KQkq - 0 1,f8f6 g5f6,https://lichess.org/training/wIQ84
wSSx3,r3q2k/1p5p/p5R1/3b4/P2Bp3/2P3P1/1P5P/6K1 b KQkq - 0 1,e8e5 d4e5,https://lichess.org/training/wSSx3
wYial,5k2/6b1/p3p3/1p6/1r2Q2P/3p4/P4r2/K2R1R2 w KQkq - 0 1,e4e5 g7e5,https://lichess.org/training/wYial
wn7lZ,rnb1kr2/pp3np1/4p1Q1/q4p2/3P4/2P2N2/P4PPP/RN2KB1R w KQkq - 0 1,g6e6 c8e6,https://lichess.org/training/wn7lZ
ws36d,8/1bp2N2/p3p3/2pq2R1/P4k2/1p3P2/5K2/2B5 b KQkq - 0 1,d5d2 c1d2,https://lichess.org/training/ws36d
x06Kg,4q1kb/1b1n3p/p3Q1pB/8/1P6/P1N5/B4PPP/6K1 b KQkq - 0 1,e8e6 a2e6,https://lichess.org/training/x06Kg
xB2Pz,r2q3k/2p4p/5Q2/8/p2Bp1R1/1P2P2P/2P5/1K6 b KQkq - 0 1,d8f6 d4f6,https://lichess.org/training/xB2Pz
xEEJY,6rk/6r1/p2Q1p2/1pp1pP1p/2P3qP/1P1P1RP1/P5BK/8 b KQkq - 0 1,g4f3 g2f3,https://lichess.org/training/xEEJY
xRF55,rnq2bkr/1b5p/p3QnpB/2p2p2/2B5/2P5/PP3PPP/RN3RK1 b KQkq - 0 1,c8e6 c4e6,https://lichess.org/training/xRF55
xRvZg,r1b2rk1/ppq2pp1/2n4p/3pp3/2pP2Q1/2P1P1P1/PPBN1PP1/R3K2R w KQkq - 0 1,h1h6 c8g4,https://lichess.org/training/xRvZg
xYasc,r4rk1/1pp2ppp/1b3n2/pPq5/N1b1P3/P4N2/1BP1QPPP/R4RK1 w KQkq - 0 1,a4c5 c4e2,https://lichess.org/training/xYasc
xfLhG,r3brk1/2p2pb1/2Pp2p1/N3p1Pp/4P1nP/3Q2P1/PP1B1qB1/R3R2K b KQkq - 0 1,f2e1 d2e1,https://lichess.org/training/xfLhG
xigvD,r1b1k2r/ppp2ppp/2n1pn2/qQ6/3PP3/2b5/PP1B1PPP/R3KBNR w KQkq - 0 1,b5a5 c3a5,https://lichess.org/training/xigvD
xt0sT,r1b1k2r/5ppp/p1p1pn2/2bpB3/8/2q1PN2/P1P2PPP/R2QR1K1 b KQkq - 0 1,c5e7 e5c3,https://lichess.org/training/xt0sT
xxtoK,r3k2r/ppp2p1p/4b3/3pp1b1/1n6/1P1PPQ1P/P1P5/RN3KNR w KQkq - 0 1,f3f5 e6f5,https://lichess.org/training/xxtoK
yWErQ,r1b2r1k/ppp1Np1p/1b1p1QpP/6B1/2B4R/4P3/PqP2PP1/R3K3 b KQkq - 0 1,b2f6 g5f6,https://lichess.org/training/yWErQ
ybg1l,3B2k1/3Nr2p/2r1p3/p2p1p2/1b5q/1Q2P2P/P3nPP1/3R3K b KQkq - 0 1,e7d7 d8h4,https://lichess.org/training/ybg1l
ynDsC,2kr1b1r/ppp2pp1/7p/3pR2q/6b1/1P1B4/PBPQ1PPP/R6K b KQkq - 0 1,h5e5 b2e5,https://lichess.org/training/ynDsC
yr0I9,r3k1nr/ppp2ppp/8/3q4/8/2P1Bb2/P1P2PPP/R2Q1RK1 w KQkq - 0 1,d1d5 f3d5,https://lichess.org/training/yr0I9
yt8W9,rr4k1/2q2pbp/2p3p1/3Bnb2/Np1PnB2/7P/PP3PP1/R1Q1R1K1 b KQkq - 0 1,e5d3 f4c7,https://lichess.org/training/yt8W9
yxOSk,2kr1b1r/pp1q1ppn/3P3p/1Np2b2/2P1QB2/P4N2/nP3PPP/1K1R1B1R w KQkq - 0 1,d1d5 f5e4,https://lichess.org/training/yxOSk
yz4k4,rn2kbnr/pbpp1p1p/1p2p1p1/6q1/2BPP3/8/PPP2PPP/RNBQ1RK1 b KQkq - 0 1,b7e4 c1g5,https://lichess.org/training/yz4k4
zBgxc,r3kb1r/p1q2ppp/2Q1p3/1B3bB1/3p4/2P1PN2/P4PPP/R3K2R b KQkq - 0 1,c7c6 b5c6,https://lichess.org/training/zBgxc
zJ8n8,r3k2r/2q2pp1/p1b1p3/2N4p/1P1p1Bn1/PN3QP1/2P2P1b/2R1R2K w KQkq - 0 1,f4c7 c6f3,https://lichess.org/training/zJ8n8
zJa4B,r2q1rk1/pbb2ppp/1p1p4/P2n2N1/1PPQ4/8/5PPP/R1B1R1K1 b KQkq - 0 1,d8g5 c1g5,https://lichess.org/training/zJa4B
zLd5A,r6k/1p5b/p2q1Q2/n3p1B1/P2p3N/3P4/B1P3PP/b5K1 b KQkq - 0 1,d6f6 g5f6,https://lichess.org/training/zLd5A
zOaM5,2r2r2/1p1k4/p1b1p1Bp/3pP1p1/P2N4/1P2Q1P1/1qR3KP/8 b KQkq - 0 1,b2c2 g6c2,https://lichess.org/training/zOaM5
zXaX3,r5k1/pR3pbp/6p1/2PN4/P2Pb3/5rPn/7P/3Q3K w KQkq - 0 1,d1f3 e4f3,https://lichess.org/training/zXaX3
ziLf1,3nr2k/1pp5/1n1qp2p/pQ2Nrpb/P2P4/2P1p2P/1PBB1PP1/4R1K1 w KQkq - 0 1,b5e8 h5e8,https://lichess.org/training/ziLf1
zwaBt,rkb4r/4Rppp/p1qQ4/2p5/5Bn1/8/PPP2PPP/RN4K1 b KQkq - 0 1,c6d6 f4d6,https://lichess.org/training/zwaBt