0Gh5x,5bk1/5n1p/2Np2p1/3Q4/p1P2PP1/P3BK1P/8/1q6 w KQkq - 0 1,c6d8 b1h1 f3e2 h1d5 c4d5 f7d8,https://lichess.org/training/0Gh5x
0R2L1,4Q3/5p2/7p/4k3/8/6PK/pq3P2/8 b KQkq - 0 1,e5f6 e8h8 f6e7 h8b2 a2a1q b2a1,https://lichess.org/training/0R2L1
0R563,8/8/Q7/1r1R1PK1/8/8/8/2q2k2 w KQkq - 0 1,g5f6 c1h6 f6f7 h6a6 d5b5 a6b5,https://lichess.org/training/0R563
0ZgqY,8/6k1/2N3p1/1P2Q3/2K5/8/6b1/7q b KQkq - 0 1,g7h6 e5h8 h6g5 h8h1 g2h1 c4c5,https://lichess.org/training/0ZgqY
0gqSS,8/Q7/p7/Pk2N3/8/2PPK3/8/2q5 w KQkq - 0 1,e3d4 c1g1 d4d5 g1a7 c3c4 b5a4,https://lichess.org/training/0gqSS
0muK1,8/6p1/p1Q1k2p/8/8/1P5P/P2pq1P1/6K1 b KQkq - 0 1,e6e5 c6e8 e5d4 e8e2 d2d1q e2d1,https://lichess.org/training/0muK1
0xrTe,8/8/5k2/5pQp/7K/2q3P1/2p5/8 b KQkq - 0 1,f6e5 g5g7 e5e4 g7c3 c2c1q c3c1,https://lichess.org/training/0xrTe
13Bys,1r3r2/1q2bk2/5pp1/1P2p3/NBP3P1/3P1P1Q/4PK2/1R6 b KQkq - 0 1,e7b4 h3h7 f7e6 h7b7 b8b7 b1b4,https://lichess.org/training/13Bys
140Mt,5Q2/7P/8/1p6/1k6/5P2/4K3/q6r b KQkq - 0 1,b4a5 f8a8 a5b4 a8a1 h1a1 h7h8q,https://lichess.org/training/140Mt
1Djaz,4Q3/5p2/5kp1/7p/5P2/p5P1/1q3PK1/8 b KQkq - 0 1,a3a2 e8h8 f6e7 h8b2 a2a1q b2a1,https://lichess.org/training/1Djaz
1JcHx,8/4k1Q1/4pp2/3p3P/2nP4/q3PK2/8/8 b KQkq - 0 1,e7d6 g7f8 d6c6 f8a3 c4a3 h5h6 a3c4 h6h7,https://lichess.org/training/1JcHx
1QUQu,6Q1/1K6/8/8/5p2/5Pk1/8/7q b KQkq - 0 1,g3f3 g8d5 f3e2 d5h1 f4f3 h1h5,https://lichess.org/training/1QUQu
1RwlD,r3q2r/pppkb1R1/4p3/4P2p/2PP4/4B1nP/PP4P1/R2Q2K1 b KQkq - 0 1,h8g8 d1a4 d7c8 a4e8 g8e8 g7g3,https://lichess.org/training/1RwlD
1ZQtS,1q4k1/6p1/p1p1Pp1p/2Np1Pn1/3P4/5N2/P1Q2K1P/8 w KQkq - 0 1,f3g5 b8h2 f2e3 h2c2 e6e7 c2c1,https://lichess.org/training/1ZQtS
1harO,q7/P6k/6pp/8/8/2p3P1/5P1P/Q3K3 w KQkq - 0 1,e1d1 a8h1 d1c2 h1a1 a7a8q a1a8,https://lichess.org/training/1harO
1uHuW,8/8/2p2Q1k/2P3p1/1P4pq/4P3/8/5K2 b KQkq - 0 1,h6h5 f6h8 h5g6 h8h4 g5h4 b4b5 c6b5 c5c6,https://lichess.org/training/1uHuW
23mQX,8/8/6p1/5q1p/1Q1k4/5PK1/6P1/8 b KQkq - 0 1,d4d3 b4b1 d3e3 b1f5 g6f5 g3h3 h5h4 h3h4,https://lichess.org/training/23mQX
2Q13z,q3k3/6pp/5p2/5P2/3Pp1P1/pQ4K1/7P/8 b KQkq - 0 1,a3a2 b3g8 e8d7 g8a8 a2a1q a8a1,https://lichess.org/training/2Q13z
2WmrI,8/5K2/8/1Q6/2p5/1k6/8/q7 b KQkq - 0 1,b3c3 b5e5 c3d2 e5a1 c4c3 a1a5,https://lichess.org/training/2WmrI
2XgGz,2q5/6k1/8/4Q3/3P4/3K4/2p5/8 b KQkq - 0 1,g7f8 e5h8 f8e7 h8c8 c2c1q c8c1,https://lichess.org/training/2XgGz
2Xl0W,8/5QP1/p1k5/8/P1p1pP2/1KP1P3/5q2/8 w KQkq - 0 1,b3c4 f2a2 c4d4 a2f7 g7g8q f7g8,https://lichess.org/training/2Xl0W
2i80k,8/5p2/1Q2k1p1/4PpPp/5P1P/Pp3q2/1Kp5/8 b KQkq - 0 1,e6d5 b6b7 d5c5 b7f3 c2c1q b2c1,https://lichess.org/training/2i80k
36J6W,6Q1/8/6k1/1p1nqp2/3p4/5P1N/2p2KP1/8 b KQkq - 0 1,g6f6 g8h8 f6g6 h8e5 c2c1q e5d5,https://lichess.org/training/36J6W
36taA,8/8/4kpQ1/8/3p4/6PP/4q3/6K1 b KQkq - 0 1,d4d3 g6e8 e6d5 e8e2 d3e2 g1f2 e2e1q f2e1,https://lichess.org/training/36taA
3Jbgg,7Q/8/8/5PK1/8/8/6q1/6k1 w KQkq - 0 1,g5f6 g2b2 f6e7 b2h8 f5f6 h8h4,https://lichess.org/training/3Jbgg
3QWA4,4Q3/5pk1/3b2pB/3p4/3qnP2/1p6/1P4P1/7K b KQkq - 0 1,g7f6 e8h8 f6e6 h8d4 e4g3 h1h2,https://lichess.org/training/3QWA4
3gmHO,5kr1/p6q/3pNb2/3Qpp2/1p1p2rP/3P2P1/PPP5/4RRK1 b KQkq - 0 1,f8e7 d5b7 e7e6 b7h7 g4g3 g1h2 g3g2 h2h1,https://lichess.org/training/3gmHO
3hPmm,8/p3PQpk/1p6/6K1/6P1/7P/P2q4/8 w KQkq - 0 1,g5f5 d2f2 f5e5 f2f7 e7e8q f7e8,https://lichess.org/training/3hPmm
3mpdF,6k1/pp3ppp/8/P2N4/8/P4P1q/2QK2r1/R2R4 w KQkq - 0 1,d2c3 h3c8 c3b4 c8c2 d5e3 c2b2,https://lichess.org/training/3mpdF
3palr,5q2/1P6/8/2P3Q1/1K6/5k2/7p/8 b KQkq - 0 1,h2h1q g5d5 f3f2 d5h1 f8f4 b4b5,https://lichess.org/training/3palr
4NJaF,8/1b6/1p6/p1p1nk1Q/P1P5/1P4P1/2q2p1K/5B2 b KQkq - 0 1,f5e4 h5h7 e4d4 h7c2 e5f3 h2h3,https://lichess.org/training/4NJaF
4OKbx,8/8/8/2p2Q2/7K/6P1/3p1k2/6q1 b KQkq - 0 1,f2e3 f5c5 e3e2 c5g1 d2d1q g1d1,https://lichess.org/training/4OKbx
4S3eS,8/2Q3pp/4pkr1/p4p2/5P1q/4PRNP/6r1/5K2 b KQkq - 0 1,g6g3 c7d8 f6f7 d8h4 g3f3 f1g2,https://lichess.org/training/4S3eS
4lpyZ,6k1/PQ3pp1/8/7p/3pK3/4qPP1/7P/8 w KQkq - 0 1,e4d5 e3f3 d5c4 f3b7 a7a8q b7a8,https://lichess.org/training/4lpyZ
5EpTv,3rR3/5ppk/2p4p/3r4/1R6/P1P5/qP3PPP/2K1Q3 w KQkq - 0 1,e8d8 a2a1 c1c2 a1e1 d8d5 c6d5,https://lichess.org/training/5EpTv
5PhsS,r1b2rk1/pp2b1B1/4Pp2/2p2P1Q/3p4/3P3R/P1q1K1PP/RN6 w KQkq - 0 1,e2f3 c2d1 f3f2 d1h5 h3h5 g8g7,https://lichess.org/training/5PhsS
5PkiD,r7/pp3p1p/2k5/1Qb5/P6P/5q1b/3B1P1P/6K1 b KQkq - 0 1,c6d5 b5b7 d5d6 b7f3 a8g8 d2g5,https://lichess.org/training/5PkiD
5Tze5,r7/5Q1P/8/4P3/q1kP4/8/6PK/8 b KQkq - 0 1,c4d4 f7f4 d4d5 f4a4 a8a4 h7h8q,https://lichess.org/training/5Tze5
5sNNn,8/p1QP4/1p6/1k1K1q2/8/8/P6P/8 w KQkq - 0 1,d5d6 f5f4 d6d5 f4c7 d7d8q c7d8,https://lichess.org/training/5sNNn
68vGl,8/7Q/5kp1/1p3p2/2p1p1P1/P6K/5R2/1q6 w KQkq - 0 1,g4f5 b1h1 h3g3 h1h7 f5g6 f6g6,https://lichess.org/training/68vGl
6Gc8H,8/1q2k1b1/4p3/3r1p1Q/1P5P/2R2PPK/r7/1R6 b KQkq - 0 1,g7c3 h5h7 e7f6 h7b7 d5d2 b1h1,https://lichess.org/training/6Gc8H
6UrMg,2k2qr1/Qpp2p2/5n2/2p4p/4P2P/2PP1bB1/PP4P1/R5K1 b KQkq - 0 1,g8g3 a7a8 c8d7 a8f8 g3g2 g1f1,https://lichess.org/training/6UrMg
6Z33s,5k2/P7/4q3/8/Q7/4K3/8/8 w KQkq - 0 1,e3d4 e6g4 d4d3 g4a4 a7a8r a4a8,https://lichess.org/training/6Z33s
6wYyZ,Q7/8/2p2rk1/7p/2P5/1PB4r/2K3p1/8 b KQkq - 0 1,g2g1q a8g8 g6f5 g8g1 h3c3 c2c3,https://lichess.org/training/6wYyZ
7TEVw,q7/3k1p2/6p1/7p/3Q3P/6P1/p4P2/6K1 b KQkq - 0 1,d7c6 d4e4 c6d6 e4a8 a2a1q a8a1,https://lichess.org/training/7TEVw
7XtSE,8/4k3/8/5P2/4p2p/q1P1N3/6Q1/2K5 w KQkq - 0 1,c1c2 a3a2 c2c1 a2g2 e3g2 h4h3 g2f4 h3h2,https://lichess.org/training/7XtSE
7oaGe,8/3k1K1q/1p6/1P1BQ3/2pP1p2/2n1P1P1/8/8 w KQkq - 0 1,f7f6 h7h8 f6f7 h8e5 d5c6 d7c7 d4e5 f4e3 e5e6 e3e2,https://lichess.org/training/7oaGe
7qzqq,5r2/2R2Pk1/p5p1/6Q1/5P2/5K1P/8/3q4 w KQkq - 0 1,f3g3 d1g1 g3f3 g1g5 f4g5 f8f7 c7f7 g7f7,https://lichess.org/training/7qzqq
80fFX,8/6pp/8/5k2/2P3Q1/2q2P1P/P2p1PK1/3r4 b KQkq - 0 1,f5e5 g4g7 e5e6 g7c3 d1g1 g2g1,https://lichess.org/training/80fFX
86YR0,6k1/1R4pp/1n6/1PNq3n/3p4/3P2P1/4P2P/2Q2rK1 w KQkq - 0 1,g1f1 d5h1 f1f2 h1c1 b7b8 g8f7,https://lichess.org/training/86YR0
8ARYZ,r1bq1bnr/pp2k1Np/3p1B2/4p3/3nP1Q1/8/PPP2PPP/RN2KB1R b KQkq - 0 1,e7f6 g4h4 f6g7 h4d8 d4c2 e1d2,https://lichess.org/training/8ARYZ
8CeDW,rn2kbnr/ppp2p1p/3p4/6p1/3PPB1q/5K2/PPP3PP/RN1Q1B1R w KQkq - 0 1,f4g3 h4h5 f3e3 h5d1 f1b5 c7c6,https://lichess.org/training/8CeDW
8cNP7,1Q2r2k/8/p5Pp/7P/8/1Q3K2/1PP5/4q3 w KQkq - 0 1,b3f7 e1f1 f3g4 f1f7 g6f7 e8b8,https://lichess.org/training/8cNP7
8wWHH,r1bq4/p5k1/1ppr3p/4np1p/2P1p3/4PPQ1/PP4PP/3RKB1R b KQkq - 0 1,g7f6 g3h4 f6e6 h4d8 d6d8 d1d8,https://lichess.org/training/8wWHH
937zr,7k/6rp/5Q2/p7/P5P1/4R1K1/7P/6q1 w KQkq - 0 1,g3f3 g1f1 f3g3 f1f6 e3e8 g7g8,https://lichess.org/training/937zr
9reib,7Q/1pp5/k1P5/p7/1n1B1P2/1P2pqPK/2P5/8 w KQkq - 0 1,c2c3 f3h1 h3g4 h1h8 d4h8 e3e2,https://lichess.org/training/9reib
9ytLE,8/2b1r2k/1p3r1p/pRpP1Pp1/P1P1B3/8/3R1PPq/1Q3K2 w KQkq - 0 1,d5d6 h2h1 f1e2 h1b1 b5b1 e7e4,https://lichess.org/training/9ytLE
A8lV2,6B1/p7/5p2/3P1K2/8/8/Pb1k3Q/2q5 b KQkq - 0 1,d2c3 h2c7 c3d4 c7c1 b2c1 d5d6 c1a3 f5e6 d4c5 d6d7,https://lichess.org/training/A8lV2
AU6v6,8/Q6P/8/8/k7/5qP1/5P1K/1q6 b KQkq - 0 1,a4b5 a7b8 b5c4 b8b1 f3f2 h2h3,https://lichess.org/training/AU6v6
AX9LO,3r4/3k1q2/2p5/1p6/3QP3/1p3P2/8/6RK b KQkq - 0 1,d7c7 d4a7 c7d6 a7f7 d8h8 h1g2,https://lichess.org/training/AX9LO
Acd5B,8/2p5/1p1pQ1k1/3P1p2/P1P5/1P3P2/6qp/4K3 b KQkq - 0 1,g6g5 e6g8 g5f4 g8g2 h2h1q g2h1,https://lichess.org/training/Acd5B
Agp0j,3n3k/p3R2p/3P4/2p4Q/2PqB3/6PP/1P3K2/2b5 w KQkq - 0 1,f2f3 d4d1 f3f2 d1h5 e7h7 h5h7,https://lichess.org/training/Agp0j
AxjHa,8/Qb4p1/3kpp1p/1p2q3/1Pp1P3/4PB1P/5PP1/6K1 b KQkq - 0 1,b7e4 a7b8 d6e7 b8e5 f6e5 f3e4,https://lichess.org/training/AxjHa
B8ear,8/8/8/1Q1kpp2/6qP/8/6PK/8 b KQkq - 0 1,d5e4 b5c4 e4e3 c4g4 f5g4 h4h5 e5e4 h5h6 e3f2 h6h7,https://lichess.org/training/B8ear
BCThv,3R2bk/p5p1/7p/1p1Q4/1P3P2/P3K1P1/5P1P/4q3 w KQkq - 0 1,e3f3 e1h1 f3e3 h1d5 d8d5 g8d5,https://lichess.org/training/BCThv
BwyRR,6k1/p1B3p1/1p1P1p2/7Q/2P1n3/6KP/P5P1/7q w KQkq - 0 1,g3f3 h1d1 f3e4 d1h5 d6d7 h5e2 e4d5 e2g2 d5d6 g2g3 d6c6 g3f3 c6b5 f3f5,https://lichess.org/training/BwyRR
C2CKL,2rq3r/ppkn4/2p1Bn1p/2P2bp1/3P4/5N2/PP1Q1PPP/R3R1K1 b KQkq - 0 1,f6e4 d2a5 c7b8 a5d8 c8d8 e6f5,https://lichess.org/training/C2CKL
CB3ZR,8/p4k1p/1p6/3Qn3/P6q/1PP4P/3P1r2/R6K b KQkq - 0 1,f7f6 d5d8 f6f5 d8h4 f2h2 h1h2,https://lichess.org/training/CB3ZR
CIpzH,5r1k/p4rp1/8/1P4q1/3PP3/1Q2KRP1/PP6/5R2 w KQkq - 0 1,f3f4 g5g3 e3e2 g3b3 f4h4 h8g8 a2b3 f7f1,https://lichess.org/training/CIpzH
CXlgr,8/8/4p3/2Q1k3/7P/4p1PK/5q2/8 b KQkq - 0 1,e5f6 c5f8 f6e5 f8f2 e3f2 h3g2 f2f1q g2f1,https://lichess.org/training/CXlgr
CedqE,4Qb2/5k1p/4pNp1/8/8/1P2pqP1/2r4P/6K1 b KQkq - 0 1,f7f6 e8f8 f6e5 f8f3 c2c1 g1g2,https://lichess.org/training/CedqE
D0Wx4,rn1qk2r/p1ppb2p/1p2pnNQ/8/8/6P1/PPP2PbP/RNB2RK1 b KQkq - 0 1,h7g6 h6h8 e8f7 h8d8 e7d8 g1g2,https://lichess.org/training/D0Wx4
DJ5Cj,k7/p6Q/5P2/1p2P1K1/2pP4/2P5/P5q1/8 w KQkq - 0 1,g5f5 g2c2 f5e6 c2h7 f6f7 h7g7,https://lichess.org/training/DJ5Cj
DnFzS,1Q6/8/P7/8/2K2k2/2b5/8/4q3 b KQkq - 0 1,f4e3 b8e8 e3f4 e8e1 c3e1 a6a7 e1f2 a7a8q,https://lichess.org/training/DnFzS
DqeCk,1r2b3/1pq3k1/p1p2ppQ/2b1p2p/2P1P3/1P1r1B1P/P4PP1/2BR2K1 b KQkq - 0 1,g7f7 h6h7 f7e6 h7c7 d3d1 f3d1,https://lichess.org/training/DqeCk
Dta1K,1Q4R1/5p2/5k2/8/4q3/2P5/2K3p1/8 w KQkq - 0 1,c2b3 e4b1 b3c4 b1b8 g8b8 g2g1q,https://lichess.org/training/Dta1K
DtjJK,3r4/p4p1p/4pk1Q/6p1/8/2Pq1P2/P4P1P/1r1RK2R b KQkq - 0 1,f6f5 h6h7 f5f6 h7d3 d8d3 d1b1,https://lichess.org/training/DtjJK
DzyNM,8/2Q3k1/4p2p/P2p1b1P/3P3q/2p5/6P1/3BrRK1 b KQkq - 0 1,g7f6 c7d8 f6f7 d8h4 e1f1 g1f1,https://lichess.org/training/DzyNM
EEKtB,8/8/2kQ1B1P/2p1PP2/3b4/5K2/8/1q5r b KQkq - 0 1,c6b5 d6b8 b5c4 b8b1 h1b1 h6h7,https://lichess.org/training/EEKtB
EIojH,r7/pp6/2k3q1/2pp4/Q7/2P3P1/PPP3PK/8 b KQkq - 0 1,b7b5 a4a6 c6c7 a6g6 a8h8 h2g1,https://lichess.org/training/EIojH
EPADx,8/Q7/1p6/2p1k3/8/PPK2p2/4q3/8 b KQkq - 0 1,f3f2 a7e7 e5f5 e7e2 f2f1q e2f1,https://lichess.org/training/EPADx
FFPTV,4q2Q/3b1kP1/2p1pP2/2p5/p2p4/1P1P4/P6P/7K b KQkq - 0 1,a4b3 h8h5 f7f6 h5e8 d7e8 g7g8q,https://lichess.org/training/FFPTV
FHmHK,r7/pQ5B/5p2/3p1b2/3k4/P7/1P3qP1/7K b KQkq - 0 1,a8h8 b7a7 d4e5 a7f2 h8h7 h1g1,https://lichess.org/training/FHmHK
FdX9b,6r1/1pp5/p4k1Q/2P1b3/8/P2P4/5qP1/3R3K b KQkq - 0 1,g8g6 h6f8 f6e6 f8f2 g6h6 h1g1 e5h2 g1f1,https://lichess.org/training/FdX9b
G3Dxk,5rk1/1P4p1/1qp5/3p4/2B1Pp2/2N5/2P5/Q2K4 w KQkq - 0 1,c3d5 b6g1 d1d2 g1a1 d5f4 g8h7,https://lichess.org/training/G3Dxk
GKUnd,8/2PQ4/1k2K3/1P3p2/5P2/1q6/8/8 w KQkq - 0 1,e6f5 b3h3 f5g6 h3d7 c7c8q d7c8,https://lichess.org/training/GKUnd
GUXnj,8/P4pp1/2q2k1p/8/5P2/2p3P1/2P3KP/1Q6 w KQkq - 0 1,g2f1 c6h1 f1e2 h1b1 a7a8q b1c2,https://lichess.org/training/GUXnj
Gczal,6Q1/8/5p2/6k1/8/7q/5Kp1/8 b KQkq - 0 1,g5f5 g8c8 f5f4 c8h3 g2g1q f2g1,https://lichess.org/training/Gczal
GpAn9,7Q/2q2k1p/3b2pP/3P1pP1/1P2p3/P7/5P2/6K1 b KQkq - 0 1,d6e5 h8h7 f7f8 h7c7 e5c7 a3a4,https://lichess.org/training/GpAn9
HNDQl,q4k2/8/4pQ1p/1p5P/2P5/6P1/p6K/8 b KQkq - 0 1,f8e8 f6h8 e8e7 h8a8 a2a1q a8a1,https://lichess.org/training/HNDQl
HW3su,Q7/2p1kpp1/1p6/1Pp2PP1/2P5/3P1K2/7q/8 w KQkq - 0 1,a8c6 h2h1 f3g4 h1c6 b5c6 e7d6,https://lichess.org/training/HW3su
HepkT,8/8/8/1p6/4k1Q1/8/pqPK4/8 b KQkq - 0 1,e4e5 g4g7 e5d6 g7b2 a2a1q b2a1,https://lichess.org/training/HepkT
HhvbT,1r5k/R3P1p1/7p/3p4/3P2q1/1p6/1Q2KP2/4R3 w KQkq - 0 1,f2f3 g4g2 e2d3 g2b2 e7e8q b8e8,https://lichess.org/training/HhvbT
IFLn9,8/8/p7/1p1pkppQ/1P2q3/P3P1PP/5K2/8 b KQkq - 0 1,g5g4 h5e8 e5d6 e8e4 d5e4 h3h4,https://lichess.org/training/IFLn9
IYLdc,8/7Q/4P3/P4pk1/6pP/3P4/r2q2PK/8 b KQkq - 0 1,g5f4 h7h6 f4e5 h6d2 a2d2 e6e7,https://lichess.org/training/IYLdc
IwQMg,3r1r2/p3ppbk/1pp3pp/2p5/4PPq1/1PNPB3/P1P5/3RQRK1 w KQkq - 0 1,g1f2 g4h4 f2f3 h4e1 d1e1 g7c3,https://lichess.org/training/IwQMg
IzIfs,r4rk1/1R3R2/p3p3/4Pp1Q/7p/7P/P2q1KP1/8 w KQkq - 0 1,f2f3 d2d1 f3f2 d1h5 f7g7 g8h8 g7h7 h5h7,https://lichess.org/training/IzIfs
IzuIZ,r3r3/p4kpp/4np2/1qpB4/b5PP/2PP2B1/P2KR1Q1/4R3 w KQkq - 0 1,e2e6 b5b2 d2e3 b2g2 d5g2 e8e6,https://lichess.org/training/IzuIZ
JP3GV,8/3kbp2/q1ppb2p/8/2NP1p2/2P4P/1P1NQPP1/2K5 w KQkq - 0 1,e2f1 a6a1 c1c2 a1f1 c4b6 d7c7,https://lichess.org/training/JP3GV
JS5zM,2b3r1/5k1q/p3p1rP/3pPp2/2p2P2/NpP1Q3/1P3K2/5B1R b KQkq - 0 1,g6h6 e3a7 f7e8 a7h7 h6h7 h1h7,https://lichess.org/training/JS5zM
JWqwI,5rk1/1p3pp1/q4Pbp/3p4/6P1/2PP3P/3KQ3/1R5R w KQkq - 0 1,f6g7 a6a2 d2c1 a2e2 g7f8q g8f8,https://lichess.org/training/JWqwI
Jk1vY,r5r1/p1q2k1p/1p5P/4PQb1/3B4/2P5/PP6/R5K1 b KQkq - 0 1,f7e7 f5h7 e7e6 h7c7 g5d8 c7g7 g8g7 h6g7,https://lichess.org/training/Jk1vY
Jl1w1,7Q/R7/8/nk2pK2/4P3/6P1/5q2/8 w KQkq - 0 1,f5e5 f2b2 e5f4 b2h8 a7a5 b5a5,https://lichess.org/training/Jl1w1
JlcFp,2k5/pRpr2p1/2B3n1/8/2PN1PQ1/b2pP1P1/3q1K2/8 w KQkq - 0 1,f2f3 d2d1 f3f2 d1g4 b7a7 c8d8,https://lichess.org/training/JlcFp
JmNxN,8/6Q1/2p1k2P/1p6/p2P4/2P3K1/1P3P2/7q w KQkq - 0 1,h6h7 h1g1 g3h4 g1g7 h7h8q g7h8,https://lichess.org/training/JmNxN
KFQYB,8/1PQ3pk/6pp/8/6P1/5PK1/7P/6q1 w KQkq - 0 1,g3f4 g1h2 f4e3 h2c7 b7b8q c7b8,https://lichess.org/training/KFQYB
KOtaL,R4bk1/5p1p/6p1/6P1/2p1P3/Q7/5K1q/8 w KQkq - 0 1,f2f3 h2h3 f3e2 h3a3 a8a3 f8a3,https://lichess.org/training/KOtaL
KQW0v,5r1k/5rp1/6QP/p1p2P1R/3p4/4q1K1/PP6/5R2 w KQkq - 0 1,f1f3 e3g1 g3h4 g1g6 f5g6 f7f3 h6g7 h8g7,https://lichess.org/training/KQW0v
KREi7,8/2p5/3q4/1p2p2P/4Pp2/2k5/6P1/Q6K b KQkq - 0 1,c3d3 a1d1 d3c3 d1d6 c7d6 h5h6,https://lichess.org/training/KREi7
KUfjD,2rr2k1/1q3p2/p3p3/1p2P3/3P1P2/P3PK2/1Q6/2R4R w KQkq - 0 1,f3e2 b7g2 e2d3 g2b2 c1g1 g8f8,https://lichess.org/training/KUfjD
L5miQ,5r1r/p1pN4/1p2P3/2n1QN2/6pk/7q/PP5P/6KR b KQkq - 0 1,f8f5 e5h8 h4g5 h8h3 g4h3 e6e7 c5d7 e7e8q,https://lichess.org/training/L5miQ
LA4tG,6Q1/5p2/4b1kp/3p4/6PP/4PP2/1qp2K2/8 b KQkq - 0 1,g6f6 g8h8 f6e7 h8b2 c2c1q b2c1,https://lichess.org/training/LA4tG
LI8d3,6Q1/1p2P3/5K2/2k5/8/3P4/5q2/8 w KQkq - 0 1,f6e6 f2a2 e6d7 a2g8 e7e8q g8e8,https://lichess.org/training/LI8d3
LK6T9,8/3n4/2PQ4/8/2kB1KP1/7q/8/8 w KQkq - 0 1,c6d7 h3h2 f4f5 h2d6 d7d8r d6d8,https://lichess.org/training/LK6T9
LVXwB,8/4P1p1/6k1/3pQ1p1/2pP4/5K1P/2P5/5q2 w KQkq - 0 1,f3e3 f1e1 e3f3 e1e5 d4e5 g6f7,https://lichess.org/training/LVXwB
Le38X,3Q4/p7/6r1/2p2pk1/4p3/PP2PnPq/6RP/7K b KQkq - 0 1,g5h6 d8h8 h6g5 h8h3 g6h6 h3h6,https://lichess.org/training/Le38X
LsaZB,8/p5p1/1p1Q1k1p/2p5/2P5/1P4PP/P3pq2/7K b KQkq - 0 1,f6f5 d6f8 f5e4 f8f2 e2e1q f2e1,https://lichess.org/training/LsaZB
MBhbj,r2qk2r/pp3ppp/4p3/1BbpP3/5P2/1nN4P/PP3QP1/R3K2R b KQkq - 0 1,e8e7 f2h4 e7f8 h4d8 a8d8 a2b3,https://lichess.org/training/MBhbj
MHvMY,6k1/6p1/6Qp/2p2PP1/1p3PK1/4q3/P7/8 w KQkq - 0 1,g5h6 e3g1 g4f3 g1g6 f5g6 g7h6,https://lichess.org/training/MHvMY
MKzqS,8/6p1/5p2/1Q2k2P/6P1/4q3/4p1K1/8 b KQkq - 0 1,e5e6 b5e8 e6d6 e8e3 e2e1q e3e1,https://lichess.org/training/MKzqS
Mt4ll,6Q1/7p/3P4/pP1N4/2p1Pk2/8/KPq2r2/8 b KQkq - 0 1,f4e4 g8h7 e4d5 h7c2 f2c2 d6d7,https://lichess.org/training/Mt4ll
MzhQQ,7q/8/1K2P1p1/4k3/8/8/4Q2p/8 b KQkq - 0 1,e5f6 e2b2 f6e6 b2h8 h2h1q h8h1,https://lichess.org/training/MzhQQ
N32El,6k1/6p1/1p2P1Qp/p6P/8/1Pq2K2/P7/8 w KQkq - 0 1,f3e4 c3c2 e4e5 c2g6 h5g6 g8f8 e5d6 f8e8,https://lichess.org/training/N32El
NL8aF,Q7/7p/bp2pkp1/p6B/P3P3/1pqpP3/7P/6K1 b KQkq - 0 1,g6h5 a8h8 f6f7 h8c3 b3b2 c3b2,https://lichess.org/training/NL8aF
Nhkm3,q4k2/8/5Q2/7p/8/6P1/p6K/8 b KQkq - 0 1,f8e8 f6h8 e8d7 h8a8 a2a1q a8a1,https://lichess.org/training/Nhkm3
NqwVF,1r4r1/3qk2p/3bp3/5Q2/3P1n2/5N2/P4PPP/R3R1K1 b KQkq - 0 1,f4g2 f5h7 e7f6 h7d7 g2e1 g1f1 e1f3 d7d6,https://lichess.org/training/NqwVF
NuIhV,5r1k/3Bp3/p2p1pPP/7Q/1p2q2K/6R1/8/7R w KQkq - 0 1,g3g4 e4h1 h4g3 h1h5 g6g7 h8g8 g7f8r g8f8,https://lichess.org/training/NuIhV
O3XpQ,6k1/5q2/5b2/PQ2Kp2/5P2/3B4/1p6/8 w KQkq - 0 1,e5f5 f7h5 f5f6 h5b5 d3b5 b2b1q,https://lichess.org/training/O3XpQ
OBfy8,8/6k1/p7/1p2PK1Q/3P2P1/P6p/6q1/8 w KQkq - 0 1,e5e6 g2d5 f5f4 d5h5 g4h5 h3h2 e6e7 g7f7,https://lichess.org/training/OBfy8
OGwaG,2k5/ppp4p/5pq1/2b5/3rPB2/2N2K2/PP2Q3/R7 w KQkq - 0 1,a1d1 g6h5 f3g3 h5e2 c3e2 d4d1,https://lichess.org/training/OGwaG
OHRPh,6r1/p7/P2p1Q1k/2pP4/4P3/1P6/2PKR1rq/8 b KQkq - 0 1,g8g6 f6h8 h6g5 h8h2 g2h2 e2h2,https://lichess.org/training/OHRPh
OKN3K,rnbq1b1r/pp4kp/2p3pQ/3n4/2B1P3/3P4/PPP2PPP/R1B1K2R b KQkq - 0 1,g7f6 h6h4 f6f7 h4d8 f8b4 c2c3,https://lichess.org/training/OKN3K
OMvWJ,8/4Q3/1pp5/1qk5/8/KP6/P7/8 b KQkq - 0 1,c5d5 e7g5 d5d4 g5b5 c6b5 a3b4,https://lichess.org/training/OMvWJ
OVhdR,7Q/4PK2/5n2/p2q1P2/6p1/8/Pk6/8 w KQkq - 0 1,f7f6 d5d4 f6f7 d4h8 e7e8q h8h5 f7e7 h5f5,https://lichess.org/training/OVhdR
Ob33a,6k1/p3Bpb1/3P2p1/4q3/6P1/5P2/2Q1K3/4R3 w KQkq - 0 1,e2f2 e5h2 f2f1 h2c2 d6d7 c2d3,https://lichess.org/training/Ob33a
OnkgG,5R2/p2R2p1/4r3/2p3k1/4Q3/4K2P/P4P1b/7q w KQkq - 0 1,e4e6 h1e1 e3f3 e1e6 d7g7 g5h6,https://lichess.org/training/OnkgG
OwFSE,3Q4/8/k4K1p/6p1/8/7P/q1p2PP1/2n5 b KQkq - 0 1,c1b3 d8a8 a6b6 a8a2 c2c1q a2b3,https://lichess.org/training/OwFSE
P9AyT,3R1r1k/p1p2Q1p/2p2K1p/5P2/7q/5P2/P6P/6R1 w KQkq - 0 1,f6e6 h4c4 e6e5 c4f7 d8f8 f7f8,https://lichess.org/training/P9AyT
P9agx,8/5p1p/PQ6/5Ppk/6P1/8/4RK2/r6q b KQkq - 0 1,h5h4 b6h6 h4g4 h6h1 a1h1 e2e4 g4f5 e4a4,https://lichess.org/training/P9agx
PQXdX,8/2p3Q1/4k3/1p3p2/2q4P/8/5PP1/6K1 b KQkq - 0 1,c7c5 g7g8 e6e5 g8c4 b5c4 g1f1,https://lichess.org/training/PQXdX
PUbVh,r5r1/p1q1k3/2p1p2Q/2bpP3/6pp/2P4P/P1P2PPB/3RR1K1 b KQkq - 0 1,g4h3 h6h7 e7f8 h7c7 g8g2 g1h1,https://lichess.org/training/PUbVh
Pi2Sw,2k5/1p6/2pQ4/p7/1KPP4/4qP2/8/7R w KQkq - 0 1,b4c5 e3a3 c5b6 a3d6 h1h8 c8d7,https://lichess.org/training/Pi2Sw
Q87fP,8/1QP2p1k/7p/7q/3p4/pB1P1K2/2P5/8 w KQkq - 0 1,f3e4 h5h1 e4d4 h1b7 c7c8q b7c8,https://lichess.org/training/Q87fP
QjvrV,6k1/1PQ2p1p/4p3/1P2P1p1/8/3K4/7P/5q2 w KQkq - 0 1,d3c3 f1c1 c3b4 c1c7 b7b8q c7b8,https://lichess.org/training/QjvrV
Qo5lE,4Q3/1P5p/8/8/3p4/4k2P/7K/r4q2 b KQkq - 0 1,e3d3 e8b5 d3c2 b5f1 a1f1 b7b8q,https://lichess.org/training/Qo5lE
RKicq,6k1/1p1rr2q/3p4/PPp1p3/5pP1/2PR4/4R1P1/3QK3 w KQkq - 0 1,d3d6 h7h1 e1f2 h1d1 d6d1 d7d1,https://lichess.org/training/RKicq
Rqf2d,8/8/1Q5p/6p1/7q/4kp1P/6P1/6K1 b KQkq - 0 1,e3f4 b6d4 f4f5 d4h4 g5h4 g2f3 f5e5 g1f1 e5f4 f1f2,https://lichess.org/training/Rqf2d
SZHkX,2Q5/8/P4Kp1/6P1/4b1k1/8/8/7q b KQkq - 0 1,g4h4 c8h8 h4g4 h8h1 e4h1 f6g6,https://lichess.org/training/SZHkX
SqMo8,8/Q1kn4/1r5p/2p5/4q3/8/5PPP/1R4K1 b KQkq - 0 1,c7c6 a7a8 c6c7 a8e4 b6b1 e4b1,https://lichess.org/training/SqMo8
Sum49,8/pp2k2Q/3p4/2pPqp2/4P3/2P5/PP6/2K5 b KQkq - 0 1,e7f6 h7h8 f6g5 h8e5 d6e5 d5d6 f5f4 d6d7,https://lichess.org/training/Sum49
Sy3nn,7k/5Q2/p3P2p/1p4p1/6P1/1P3K2/P6P/6q1 w KQkq - 0 1,e6e7 g1f1 f3e4 f1f7 e7e8q f7e8,https://lichess.org/training/Sy3nn
TIbQM,1r1R4/2Q4p/2P2kp1/1P3p2/P3p2q/8/7P/4b2K b KQkq - 0 1,b8d8 c7d8 f6e5 d8h4 e1h4 c6c7,https://lichess.org/training/TIbQM
Ta0d0,7Q/3q1k2/3r2p1/3P1p1p/8/8/5PP1/3R2K1 b KQkq - 0 1,d6d5 h8h7 f7f6 h7d7 d5d7 d1d7,https://lichess.org/training/Ta0d0
ThrWS,8/4PQ2/1kp5/1p1p2p1/1P1P4/3PK3/8/2q5 w KQkq - 0 1,e3f3 c1f1 f3g4 f1f7 e7e8q f7e8,https://lichess.org/training/ThrWS
TlpMW,1Q6/1P5p/8/3K3k/4N3/8/q7/8 w KQkq - 0 1,d5d6 a2h2 d6c6 h2b8 e4f6 h5g5,https://lichess.org/training/TlpMW
TtwI8,2k5/p6p/3p3p/1QpKq3/3p4/7P/PP4R1/8 w KQkq - 0 1,d5c6 e5e8 c6d6 e8b5 g2g8 c8b7,https://lichess.org/training/TtwI8
TuJLY,3Q4/8/5k2/1p6/1PpPp3/2P1pq2/5P2/5K2 b KQkq - 0 1,f6f5 d8f8 f5g6 f8f3 e4f3 f2e3,https://lichess.org/training/TuJLY
TwUpD,4r2k/5Rpp/8/3Q4/5R2/8/4KP2/2q5 w KQkq - 0 1,e2f3 c1h1 f3g3 h1d5 f7f8 e8f8,https://lichess.org/training/TwUpD
U0nc1,8/p5Q1/1pnkpnP1/2qp2B1/8/2P5/P1P2P2/2K5 b KQkq - 0 1,f6e4 g7f8 d6d7 f8c5 b6c5 g6g7 e4g5 g7g8q,https://lichess.org/training/U0nc1
U7qtq,8/6pp/P7/Q7/3n4/3n2P1/3k2KP/2q5 b KQkq - 0 1,d2e3 a5g5 e3e2 g5c1 d3c1 a6a7,https://lichess.org/training/U7qtq
UAD3v,8/4pk2/1Q1P4/5q2/2PK4/8/8/8 w KQkq - 0 1,d6e7 f5f2 d4d5 f2b6 e7e8q f7e8,https://lichess.org/training/UAD3v
UFcjx,8/1ppQ2k1/p2p4/3Pb1q1/P1P1B2n/8/1P2N1pP/6K1 b KQkq - 0 1,g7f6 d7d8 f6f7 d8g5 h4f3 e4f3,https://lichess.org/training/UFcjx
UHN7M,2K3Q1/4k3/5p2/7R/q7/6P1/7P/8 w KQkq - 0 1,h5d5 a4a8 c8c7 a8g8 d5d7 e7e6,https://lichess.org/training/UHN7M
UOtWp,8/1PQ2p1k/6p1/6P1/8/2KB4/8/4q3 w KQkq - 0 1,c3c4 e1c1 c4d4 c1c7 b7b8q c7b8,https://lichess.org/training/UOtWp
UUSRX,8/R4Qpk/4p2p/4P2P/3P2P1/2P1pb2/p5K1/1q6 w KQkq - 0 1,g2f3 b1f1 f3e3 f1f7 a7f7 a2a1q,https://lichess.org/training/UUSRX
UWPY8,7Q/5p2/R3bk2/4p2K/3n4/8/8/1q6 b KQkq - 0 1,f6f5 h8h7 f5f4 h7b1 e6g4 h5h6,https://lichess.org/training/UWPY8
UWdXR,r1bq2nb/p1k1p3/2pp4/3N2P1/4P1B1/8/PPPQ2P1/2KR4 b KQkq - 0 1,c6d5 d2a5 c7b7 a5d8 c8g4 d8a5,https://lichess.org/training/UWdXR
UaidW,6k1/1p3bpp/p7/3NQpP1/1P1P1P2/P4K2/7P/7q w KQkq - 0 1,f3e3 h1e1 e3d3 e1e5 d4e5 f7d5,https://lichess.org/training/UaidW
UcViP,8/P4p1k/4p1p1/8/7P/5q2/5P1P/4QK2 w KQkq - 0 1,e1a1 f3h1 f1e2 h1a1 a7a8q a1a8,https://lichess.org/training/UcViP
Ukg2i,2r1k3/3R1p2/3B4/P2QP3/2pP3q/2P5/5K2/8 w KQkq - 0 1,f2f3 h4h1 f3f2 h1d5 d7e7 e8d8,https://lichess.org/training/Ukg2i
Uly6h,7q/8/3p4/3Pk3/4P1K1/3Q3p/8/8 b KQkq - 0 1,h3h2 d3c3 e5e4 c3h8 h2h1q h8h1,https://lichess.org/training/Uly6h
UyvjG,7k/6p1/3pK1Q1/p1p4P/2P2P2/1q6/8/8 w KQkq - 0 1,e6d6 b3b6 d6d5 b6g6 h5g6 a5a4,https://lichess.org/training/UyvjG
VCZtc,r4R2/6P1/1p2N3/3p4/6K1/2k5/8/1q6 w KQkq - 0 1,g7g8q b1g1 g4f5 g1g8 f8g8 a8g8,https://lichess.org/training/VCZtc
VHeTd,5k2/2PQ4/4K3/5p2/8/3Pq3/8/8 w KQkq - 0 1,e6f5 e3h3 f5f4 h3d7 c7c8q d7c8,https://lichess.org/training/VHeTd
VJKg5,2Q5/pp6/2p1k3/1P2p1q1/2P2p1n/P2B2pP/8/7K b KQkq - 0 1,e6f6 c8d8 f6e6 d8g5 g3g2 g5g2,https://lichess.org/training/VJKg5
VcVrA,2Q5/p7/1p1k4/1P3p2/P4P1p/3K3P/8/6q1 b KQkq - 0 1,g1c5 c8f8 d6c7 f8c5 b6c5 a4a5,https://lichess.org/training/VcVrA
VdGNV,8/8/1p4Q1/3p4/5k1p/P3p2P/1P1q2PK/8 b KQkq - 0 1,e3e2 g6h6 f4e4 h6d2 e2e1q d2e1,https://lichess.org/training/VdGNV
VpJWv,7k/6p1/7p/1N5P/2P2PP1/pQ3K2/P7/7q w KQkq - 0 1,f3e3 h1h3 e3d4 h3b3 a2b3 a3a2,https://lichess.org/training/VpJWv
WPwfm,7Q/p7/8/2k5/8/Pp4K1/2q5/8 b KQkq - 0 1,b3b2 h8c8 c5d6 c8c2 b2b1q c2b1,https://lichess.org/training/WPwfm
WTbpV,q2k4/3pb3/p7/1p5Q/5P2/8/P1P3bP/4R1K1 b KQkq - 0 1,g2h1 h5h8 d8c7 h8a8 h1a8 e1e7,https://lichess.org/training/WTbpV
WUfsT,2r5/p3k2q/Qpb1p3/3p1p2/B2P2p1/P1B1P1Pr/1P3PKP/7R b KQkq - 0 1,c8h8 a6a7 e7f6 a7h7 h3h7 a4c6,https://lichess.org/training/WUfsT
X2I62,r7/ppp5/8/4Qp2/8/2PK2k1/PP6/n1B3q1 b KQkq - 0 1,g3g4 e5g7 g4f3 g7g1 a8d8 d3c4,https://lichess.org/training/X2I62
XRhVN,8/6Q1/3kp2P/3p4/3P4/4P1K1/5P2/1q6 w KQkq - 0 1,h6h7 b1g1 g3f3 g1g7 h7h8q g7h8,https://lichess.org/training/XRhVN
XUgO0,3r2r1/3P1pk1/p1q4p/1p2pB1p/2p5/6R1/P2Q3P/6K1 b KQkq - 0 1,g7f6 d2h6 f6f5 h6c6 g8g3 h2g3,https://lichess.org/training/XUgO0
Xz72S,kb1N2Q1/2p5/1p1p4/4pK2/8/6P1/5q2/7R w KQkq - 0 1,f5e6 f2a2 e6e7 a2g8 h1a1 b8a7,https://lichess.org/training/Xz72S
YNnwK,2B3Q1/1P6/6k1/p1p5/P7/6p1/3K4/1r3q2 b KQkq - 0 1,g6f6 g8f8 f6g6 f8f1 b1f1 b7b8q,https://lichess.org/training/YNnwK
YjWQX,rnb1k3/ppppNp2/8/6p1/5pKq/2P3p1/PPP3P1/R1BQR3 w KQkq - 0 1,g4f3 h4h5 f3e4 h5d1 e1d1 e8e7,https://lichess.org/training/YjWQX
Yo7Ap,5Q2/5p2/p4nkp/1p2p2p/4P1qP/P5N1/1P3PK1/8 b KQkq - 0 1,f6e4 f8g8 g6f6 g8g4 h5g4 g3e4,https://lichess.org/training/Yo7Ap
ZCHdV,2Q5/4K3/3R4/6p1/1q4k1/3q4/8/8 b KQkq - 0 1,g4f3 c8h3 f3f4 h3d3 b4e4 d3e4,https://lichess.org/training/ZCHdV
ZLjOp,6k1/pp3rp1/2p3Qp/5B2/1P2P3/P4R1K/8/7q w KQkq - 0 1,h3g3 h1g1 g3h4 g1g6 f5g6 f7f3,https://lichess.org/training/ZLjOp
ZW78R,8/8/8/8/K7/3k4/1qp5/5Q2 b KQkq - 0 1,d3d4 f1f6 d4e4 f6b2 c2c1q b2c1,https://lichess.org/training/ZW78R
ZcZtx,8/2Q1k3/5pp1/3p1q2/5P2/8/KP6/8 b KQkq - 0 1,e7e6 c7c8 e6d6 c8f5 g6f5 a2b3 d6c5 b3c3 d5d4 c3d3,https://lichess.org/training/ZcZtx
Zfqyv,8/6Q1/3kp3/3p2PK/1q1P1P2/8/p7/8 b KQkq - 0 1,a2a1q g7f8 d6c6 f8b4 a1h1 h5g6,https://lichess.org/training/Zfqyv
ZsAPT,3r2k1/2p1bp2/1p1rp1pp/pB5q/P1P2P2/2B1PP2/2Q1K2P/3R2R1 w KQkq - 0 1,d1d6 h5h2 e2f1 h2c2 d6d8 e7d8,https://lichess.org/training/ZsAPT
aGN2Y,r2qk2r/pp1bb2p/8/2n1QNp1/4Pp2/3P4/PP3PPP/R1BR2K1 b KQkq - 0 1,d7f5 e5h8 e8f7 h8d8 a8d8 e4f5,https://lichess.org/training/aGN2Y
aVShk,6k1/PQN2p2/6p1/7p/8/K1P5/1P6/q7 w KQkq - 0 1,a3b4 a1b2 b4c5 b2b7 a7a8q b7a8 c7a8 h5h4,https://lichess.org/training/aVShk
adSBg,8/7P/8/1Q6/5P2/1k6/6PK/1qq5 b KQkq - 0 1,b3c2 b5f5 c2b3 f5b1 c1b1 h7h8q,https://lichess.org/training/adSBg
ag9d6,2Rr2k1/1p1P1pp1/1p1Q4/5p2/5Pq1/P1P5/4K1P1/8 w KQkq - 0 1,e2d3 g4d1 d3e3 d1d6 c8d8 g8h7,https://lichess.org/training/ag9d6
ajEMi,6RQ/1kp5/p1p5/3q2K1/8/1p6/8/8 w KQkq - 0 1,g5h4 d5h1 h4g5 h1h8 g8h8 a6a5,https://lichess.org/training/ajEMi
asvgX,8/1pp1Q3/8/1p6/4k1b1/2P3q1/PP1KB2r/8 b KQkq - 0 1,e4f4 e7c7 f4e4 c7g3 h2e2 d2c1,https://lichess.org/training/asvgX
aulN4,rnb1r3/pp4Q1/5p2/5kp1/1b3p2/2Nq4/PP4PP/R1B3KR b KQkq - 0 1,b4c3 g7h7 f5e5 h7d3 c3d4 g1f1,https://lichess.org/training/aulN4
b7FJM,k2rr3/pp2qp2/7p/3B4/2PR1B1P/3K1Q2/6P1/8 w KQkq - 0 1,g2g3 e7a3 d3c2 a3f3 d5f3 d8d4,https://lichess.org/training/b7FJM
b7Z8B,7Q/8/8/5PK1/5P2/8/6q1/3k4 w KQkq - 0 1,g5f6 g2b2 f6e7 b2h8 f5f6 h8h4,https://lichess.org/training/b7Z8B
bB0ko,8/P4p1k/6pp/8/4q2P/6P1/6K1/Q7 w KQkq - 0 1,g2f1 e4h1 f1e2 h1a1 a7a8q a1a8,https://lichess.org/training/bB0ko
bHYiM,2q4r/r4pkp/4p1p1/3pQ3/8/8/2PN1PPP/6K1 b KQkq - 0 1,g7f8 e5h8 f8e7 h8c8 a7a1 d2f1,https://lichess.org/training/bHYiM
bdLGl,1R4Q1/8/5k2/5N2/p7/5PK1/r7/1q6 w KQkq - 0 1,b8b2 b1g1 g3f4 g1g8 b2b6 g8e6,https://lichess.org/training/bdLGl
bwBgu,8/1Q6/3p1p2/3k4/P7/8/4qPPP/4rBK1 b KQkq - 0 1,d5e5 b7e7 e5d5 e7e2 e1e2 f1e2,https://lichess.org/training/bwBgu
c9S5R,8/5pk1/2Q1P1p1/5P2/4K1Pq/8/8/8 w KQkq - 0 1,e6f7 h4h1 e4e3 h1c6 f7f8q g7f8,https://lichess.org/training/c9S5R
cCZWV,8/6kP/5p2/6p1/4Q1P1/4P1K1/8/4q3 w KQkq - 0 1,g3f3 e1h1 f3e2 h1e4 h7h8q g7h8,https://lichess.org/training/cCZWV
cF3Y4,4Q3/6p1/2k4p/2p5/3p4/3P3P/pqP2PPK/8 b KQkq - 0 1,c6b6 e8b8 b6c6 b8b2 a2a1q b2a1,https://lichess.org/training/cF3Y4
cJvQB,Q7/8/6pp/3k4/8/3K2PP/pq6/8 b KQkq - 0 1,d5e5 a8h8 e5d6 h8b2 a2a1q b2a1,https://lichess.org/training/cJvQB
cbJS0,r7/2qbpprk/p5p1/2pp1P1p/2P1PN2/1P3P2/P1Q2K1P/3RR3 w KQkq - 0 1,f4d5 c7h2 f2e3 h2c2 d1d2 c2d2,https://lichess.org/training/cbJS0
cqTUW,4r1k1/3Q1p2/p5r1/4PK1p/Pp3P2/6qP/3RR3/8 w KQkq - 0 1,e2g2 g3h3 f5e4 h3d7 g2g6 f7g6 d2d7 e8b8,https://lichess.org/training/cqTUW
d8Xtk,3r1r2/pppq1k2/6p1/3nRb2/7Q/2P4P/PP3PP1/R1B3K1 b KQkq - 0 1,d8e8 h4h7 f7f6 h7d7 f5d7 e5d5,https://lichess.org/training/d8Xtk
dI3LZ,8/7p/2PQp3/3pPp2/3k2q1/6P1/6KP/8 b KQkq - 0 1,h7h5 d6b4 d4e5 b4g4 h5g4 c6c7,https://lichess.org/training/dI3LZ
dID4y,2k4r/Qp6/p1p1pq1p/3rN1P1/5P2/4P3/PP6/2K4R b KQkq - 0 1,f6f8 a7a8 c8c7 a8f8 h8f8 g5h6,https://lichess.org/training/dID4y
dLsMX,8/p1Q5/4kr2/3b2p1/P3p1qp/3p2B1/7P/R5K1 b KQkq - 0 1,h4g3 c7c8 e6e5 c8g4 g3h2 g1h2,https://lichess.org/training/dLsMX
dSvxF,4r3/ppq2kp1/2p2n2/3P3Q/8/6PP/PPP3P1/4rRK1 b KQkq - 0 1,g7g6 h5h7 f7f8 h7c7 e1f1 g1f1,https://lichess.org/training/dSvxF
dV1Nn,6Q1/8/4kp2/6pp/5qP1/7K/6P1/8 b KQkq - 0 1,e6e5 g8b8 e5e6 b8f4 h5g4 f4g4,https://lichess.org/training/dV1Nn
diNSZ,8/5p2/P1p1k3/3pP3/3P4/3B2p1/2K1Q3/q7 w KQkq - 0 1,e2g2 a1a2 c2c3 a2g2 a6a7 g2a2,https://lichess.org/training/diNSZ
eAded,2k4r/ppp2p2/3p4/4p2p/4P3/P1P2P1R/qPP2P2/2K4Q w KQkq - 0 1,h3h5 a2a1 c1d2 a1h1 h5h1 h8h1,https://lichess.org/training/eAded
eHAEj,5r2/1b4Q1/1p3Bkp/p1p5/8/2P5/PPq2P1P/6K1 b KQkq - 0 1,g6f5 g7h7 f5f6 h7c2 f8g8 g1f1,https://lichess.org/training/eHAEj
eVkU2,8/8/5pk1/8/2Q4K/7p/6q1/8 b KQkq - 0 1,h3h2 c4g8 g6f5 g8g2 h2h1q g2h1,https://lichess.org/training/eVkU2
efYi9,8/3PQ3/6pk/1Pp5/5K2/5P2/7q/8 w KQkq - 0 1,f4e4 h2e2 e4d5 e2e7 d7d8q e7d8,https://lichess.org/training/efYi9
eieWL,2Q5/5P2/2pK4/8/5k2/q7/8/8 w KQkq - 0 1,d6e6 a3h3 e6e7 h3c8 f7f8r c8f8,https://lichess.org/training/eieWL
exCG6,rnbq1b1r/pp2k1p1/3p1B1p/2p2P1Q/3pP3/8/PPP3PP/RN2K2R b KQkq - 0 1,e7f6 h5h4 f6f7 h4d8 b8c6 d8h4,https://lichess.org/training/exCG6
f0tOw,Q1krr3/4q1p1/1p2Pp1p/p1p2P2/2Pp4/P5b1/6PP/R1B2RK1 b KQkq - 0 1,c8c7 a8a7 c7c6 a7e7 e8e7 h2g3,https://lichess.org/training/f0tOw
f9Xir,8/8/pQ4p1/3P4/1P1k4/PK6/6qp/8 b KQkq - 0 1,d4d5 b6b7 d5e5 b7g2 h2h1q g2h1,https://lichess.org/training/f9Xir
f9r4g,k7/1pPQ1p2/6p1/4P1P1/8/1q1K4/8/8 w KQkq - 0 1,d3d4 b3d1 d4c3 d1d7 c7c8q d7c8,https://lichess.org/training/f9r4g
fIiXa,8/1Q6/p2kb3/4q2p/2prP2P/6p1/PP3PP1/4RK2 b KQkq - 0 1,g3f2 b7b8 d6d7 b8e5 f2e1r f1e1,https://lichess.org/training/fIiXa
fMR9i,3k3r/1p1np2p/6p1/5NP1/2P2p2/pP5Q/q1KR4/3R4 w KQkq - 0 1,c2d3 a2b3 d3e2 b3h3 d2d7 d8c8,https://lichess.org/training/fMR9i
fVAcr,7Q/8/2P1nk2/2q4p/1p2p2P/6P1/6PK/8 b KQkq - 0 1,f6f5 h8h5 f5f6 h5c5 e6c5 c6c7,https://lichess.org/training/fVAcr
fhS9T,1q3k2/3r1p2/p6Q/2p4p/3p4/1PP2P2/P4P1P/6K1 b KQkq - 0 1,f8e8 h6h8 e8e7 h8b8 d4d3 b8e5,https://lichess.org/training/fhS9T
fiqg2,1r4QQ/8/8/8/8/6P1/7K/1kq5 w KQkq - 0 1,h2h3 c1h1 h3g4 h1h8 g8h8 b8h8 g4f5 h8f8,https://lichess.org/training/fiqg2
fzQf2,8/p3Q2p/3P2p1/pb3pk1/2q5/7P/P5P1/7K b KQkq - 0 1,g5f4 e7h4 f4e5 h4c4 b5c4 d6d7,https://lichess.org/training/fzQf2
g469B,2Q5/R1p1rp2/3p1kp1/1PpPq3/4P3/P7/1PB4r/1K6 b KQkq - 0 1,h2c2 c8h8 f6g5 h8e5 e7e5 b1c2,https://lichess.org/training/g469B
g8Yxe,6Q1/8/5P2/4K3/3P4/8/7q/4k3 w KQkq - 0 1,e5d5 h2a2 d5d6 a2g8 d6e7 g8g5,https://lichess.org/training/g8Yxe
gOE0o,1qk5/2p5/4Q1p1/8/7P/8/1p3PP1/6K1 b KQkq - 0 1,c8d8 e6g8 d8e7 g8b8 b2b1q b8b1,https://lichess.org/training/gOE0o
gSiGY,8/6p1/1P4Rp/5Q2/1K5k/8/3q4/8 w KQkq - 0 1,b4c5 d2a5 c5c6 a5f5 g6d6 f5c8,https://lichess.org/training/gSiGY
gZSRI,8/8/p5r1/3q2k1/8/3PB3/PP4pQ/1K6 b KQkq - 0 1,g5f5 h2h5 f5f6 h5d5 g2g1q e3g1,https://lichess.org/training/gZSRI
giLdT,2k5/2p5/2Q5/p1PpPK2/P2P1P2/7q/7P/8 w KQkq - 0 1,f5f6 h3h6 f6f7 h6c6 e5e6 c6a4,https://lichess.org/training/giLdT
gitqm,b3Q3/8/3K4/3p4/3k4/1p6/8/3q4 b KQkq - 0 1,d1g4 e8a4 d4c3 a4g4 b3b2 g4f5 c3d2 f5b1,https://lichess.org/training/gitqm
gssxu,8/8/5Qpk/8/8/P5q1/KP5p/8 b KQkq - 0 1,g3h3 f6h8 h6g5 h8h3 h2h1q h3h1,https://lichess.org/training/gssxu
gy50r,5k2/1q6/p2r4/5Q2/1pP3P1/1P3N2/P4pK1/8 b KQkq - 0 1,f8e7 f5h7 e7d8 h7b7 f2f1q g2f1,https://lichess.org/training/gy50r
h0Bex,2q1kN2/5p1Q/p3b3/1p1p1p2/8/7P/PP2nPPK/5R2 b KQkq - 0 1,e8f8 h7h8 f8e7 h8c8 e6c8 f1e1,https://lichess.org/training/h0Bex
hDPqJ,1Q6/1b3rpk/r1p1p1P1/1p2R3/3Pn3/4PP1q/7P/5R1K b KQkq - 0 1,h7h6 b8h8 h6g6 h8h3 e4f2 f1f2,https://lichess.org/training/hDPqJ
hGD6m,3k3q/p2n3r/1pQ2p2/7P/3P4/PP2P3/3K4/7R b KQkq - 0 1,h7h5 c6a8 d8e7 a8h8 h5h8 h1h8,https://lichess.org/training/hGD6m
hKbkH,8/6kp/5p2/3p1QPb/1b1P2P1/2P1RK2/7P/3q4 w KQkq - 0 1,e3e2 d1f1 f3e3 f1f5 g4f5 h5e2,https://lichess.org/training/hKbkH
hLlCS,8/pp6/3R4/1kp1K2q/8/3PQ3/4N3/8 w KQkq - 0 1,e5e6 h5e8 e6f5 e8e3 e2c3 b5a5,https://lichess.org/training/hLlCS
hXAjS,8/3P1pk1/3Q2p1/8/q7/6P1/P1K2P2/8 w KQkq - 0 1,c2d3 a4d1 d3e3 d1d6 d7d8q d6d8,https://lichess.org/training/hXAjS
he1gh,8/7p/3Qp1p1/1p2Np2/1k6/1q2P2P/5PPK/q7 b KQkq - 0 1,b4a4 d6a6 a4b4 a6a1 b3c3 a1b1,https://lichess.org/training/he1gh
i2YCe,5r1N/p1kn3p/b1p1p3/3p3Q/3P3B/4PK2/P4PP1/q4B1R w KQkq - 0 1,h8f7 a1d1 f3g3 d1h5 h4d8 f8d8 h1h5 d8g8 h5g5 g8g5 f7g5 a6f1,https://lichess.org/training/i2YCe
i9mdn,8/1q3k2/7p/p4Q1p/4p3/4P1PK/1p3P2/8 b KQkq - 0 1,f7e7 f5h7 e7d6 h7b7 b2b1q b7b1,https://lichess.org/training/i9mdn
iLAlZ,Q7/7P/2k1pp2/8/8/1P6/K7/3q3r b KQkq - 0 1,c6d6 a8d8 d6e5 d8d1 h1d1 h7h8q,https://lichess.org/training/iLAlZ
iUToL,8/1q6/4pk1Q/3p4/3P4/K1P5/1P6/1q6 b KQkq - 0 1,f6e7 h6g7 e7d8 g7b7 b1a1 a3b3,https://lichess.org/training/iUToL
idl48,8/1p4Q1/8/6k1/5p2/1P1q1P2/P2p1K2/8 b KQkq - 0 1,g5f5 g7h7 f5f6 h7d3 d2d1q d3d1,https://lichess.org/training/idl48
ik72U,8/1q3k1p/8/2p2Q2/7P/3P2P1/1r4BK/8 b KQkq - 0 1,f7e7 f5h7 e7f6 h7b7 b2b7 g2b7,https://lichess.org/training/ik72U
iobDx,Q7/8/1p3pk1/5b2/P4p2/6qP/6B1/6K1 b KQkq - 0 1,f5h3 a8g8 g6f5 g8g3 f4g3 g2h3,https://lichess.org/training/iobDx
irBtA,r1q2k2/1p3ppQ/p3pb1p/P7/5P1r/2PB4/1P4PP/R4RK1 b KQkq - 0 1,a8b8 h7h8 f8e7 h8c8 b8c8 d3e2,https://lichess.org/training/irBtA
j1c8E,8/R2n3r/1p3pk1/p1pQn3/4P1q1/8/2P3P1/5RK1 b KQkq - 0 1,h7h5 d5g8 g6h6 g8g4 e5g4 a7d7,https://lichess.org/training/j1c8E
j36XI,8/8/4PQ2/1p3p2/5k2/1q6/3K4/8 b KQkq - 0 1,b3c4 f6h4 f4e5 h4c4 b5c4 e6e7,https://lichess.org/training/j36XI
jMOva,8/3k1Q2/8/5p2/q5p1/6P1/p5K1/8 b KQkq - 0 1,d7c6 f7e8 c6d6 e8a4 a2a1q a4a1,https://lichess.org/training/jMOva
jRpEd,r1b2b1r/pp2qBpp/2pk1nn1/8/2QP4/2N5/PPP2PPP/R1B2RK1 b KQkq - 0 1,c8e6 c4b4 d6c7 b4e7 f8e7 f7e6,https://lichess.org/training/jRpEd
jXdBa,8/pp3q2/2b1p3/5p2/3Qp3/2P2k1P/PP6/7K b KQkq - 0 1,f7h5 d4d1 f3f2 d1h5 e4e3 h1h2,https://lichess.org/training/jXdBa
jtqhU,8/6Q1/5p1p/3p2kp/8/5PPK/1pq5/8 b KQkq - 0 1,g5f5 g7h7 f5e6 h7c2 b2b1q c2b1,https://lichess.org/training/jtqhU
kGvvq,3r1r1k/1p2Np1p/p2p2pP/2pN2n1/4Pp2/2PP2Pq/PPQ2K2/R4R2 w KQkq - 0 1,g3f4 h3h2 f2e3 h2c2 f1f2 c2a4,https://lichess.org/training/kGvvq
kToq6,8/6Q1/8/2kp4/8/6p1/5q2/3K4 b KQkq - 0 1,g3g2 g7a7 c5d6 a7f2 g2g1q f2g1,https://lichess.org/training/kToq6
kcoBv,4Q3/5pkp/5Pp1/1p6/8/6PK/1qp4P/3rR3 b KQkq - 0 1,g7f6 e8h8 f6g5 h8b2 d1e1 b2c2,https://lichess.org/training/kcoBv
kgOd1,8/8/8/1p1p4/3k4/p5Q1/1q6/3K4 b KQkq - 0 1,a3a2 g3g7 d4d3 g7b2 a2a1q b2a1,https://lichess.org/training/kgOd1
km94M,4Q3/R1r3p1/4Kbk1/5p2/5P2/8/8/7q b KQkq - 0 1,g6h6 e8h8 h6g6 h8h1 c7a7 h1g1,https://lichess.org/training/km94M
kqnT6,4Q3/6K1/8/8/2p5/2k5/p7/8 b KQkq - 0 1,a2a1q e8e5 c3d2 e5a1 c4c3 a1a5,https://lichess.org/training/kqnT6
l5RuE,2qk4/5pp1/7p/4P3/1Qn5/5N1P/1p3PP1/6K1 b KQkq - 0 1,c8a8 b4f8 d8c7 f8a8 b2b1q g1h2,https://lichess.org/training/l5RuE
lQS4q,8/5p2/2Q2k1p/8/P5P1/6K1/3pq3/8 b KQkq - 0 1,f6e5 c6e8 e5d4 e8e2 d2d1q e2d1,https://lichess.org/training/lQS4q
lwJ5v,2Q5/8/2k4p/2r2p2/1pP2P2/3q4/1P6/K7 b KQkq - 0 1,c6d6 c8d8 d6c6 d8d3 c5a5 a1b1,https://lichess.org/training/lwJ5v
lxAtM,3Rr1k1/pR2Q3/2p3p1/3p1pKp/6q1/8/6P1/8 w KQkq - 0 1,g5f6 g4h4 f6g6 h4e7 b7e7 e8d8,https://lichess.org/training/lxAtM
m8F1P,r1bq1b1r/ppp3pp/6n1/4p3/2k5/2Q5/PP1P1PPP/R1B1K2R b KQkq - 0 1,c4d5 c3d3 d5c6 d3d8 f8d6 d8g5,https://lichess.org/training/m8F1P
mOPwO,1Q6/5P1p/p1k5/5R2/4PK2/7P/6P1/4qr2 w KQkq - 0 1,f4e5 e1g3 e5e6 g3b8 f5f1 b8d6,https://lichess.org/training/mOPwO
mTegi,8/3k1p2/p7/Pp3Q1P/2q5/3p4/1P6/1K6 b KQkq - 0 1,d7c6 f5c8 c6d6 c8c4 b5c4 h5h6,https://lichess.org/training/mTegi
mbSXY,5r1k/6pp/3p4/3q1n2/5RQP/2PB1K2/6P1/8 w KQkq - 0 1,d3e4 d5d1 f3f2 d1g4 f4g4 f5h6,https://lichess.org/training/mbSXY
mm5NX,8/1Q3p2/p3k1qP/3p4/1n3B2/8/5P1K/8 b KQkq - 0 1,b4d3 b7a6 e6e7 a6g6 f7g6 h6h7,https://lichess.org/training/mm5NX
mmRdn,8/4k2p/p5qP/1p1p4/4n3/P3Q3/KPP5/8 b KQkq - 0 1,e7d6 e3b6 d6e5 b6g6 h7g6 h6h7,https://lichess.org/training/mmRdn
mq8Li,4Q3/1pR2N1k/p4P2/8/3K4/8/1P1q2b1/8 w KQkq - 0 1,d4e5 d2e3 e5d6 e3e8 f7e5 h7h6,https://lichess.org/training/mq8Li
mxL6a,8/P4p2/5Q1k/6p1/8/8/KPP5/4r2q b KQkq - 0 1,h6h5 f6h8 h5g6 h8h1 e1h1 a7a8q,https://lichess.org/training/mxL6a
n4xvZ,8/5k2/8/6P1/5P1p/2K1Q3/2P5/5q2 w KQkq - 0 1,e3e5 f1a1 c3d3 a1e5 f4e5 h4h3,https://lichess.org/training/n4xvZ
nCPFB,8/6bk/p2Np1p1/1p2Pr2/1PpP3q/P3P3/2Q1K3/6R1 w KQkq - 0 1,d6f5 h4h2 e2f3 h2c2 g1h1 h7g8,https://lichess.org/training/nCPFB
nEfbC,8/8/5p2/2K3p1/1Q4k1/4p3/8/7q b KQkq - 0 1,g4f3 b4b7 f3f2 b7h1 e3e2 h1h2,https://lichess.org/training/nEfbC
nFj6z,3k4/5QP1/8/4K3/3P4/6q1/8/8 w KQkq - 0 1,e5d5 g3b3 d5e4 b3f7 g7g8q f7g8,https://lichess.org/training/nFj6z
ncxP9,q4k2/4r3/5Q2/2P5/8/7P/p6K/8 b KQkq - 0 1,f8e8 f6h8 e8d7 h8a8 e7e2 h2g3,https://lichess.org/training/ncxP9
oHo9m,8/p1k1Q3/b2p2P1/8/q3P3/3n4/P1r3P1/R2K4 b KQkq - 0 1,c7c6 e7e8 c6c7 e8a4 d3b2 d1c2,https://lichess.org/training/oHo9m
oPCX4,8/4k2Q/1p3p2/p1p1p3/2q1P3/3r3P/5PP1/3R2K1 b KQkq - 0 1,e7e6 h7g8 e6d7 g8c4 d3d1 g1h2,https://lichess.org/training/oPCX4
oaySa,3r4/8/5p2/3k1Q2/P3p3/1Pqp4/K7/8 b KQkq - 0 1,d5d4 f5f6 d4e3 f6c3 e3e2 c3c4,https://lichess.org/training/oaySa
oi9x9,3r2r1/4Rp2/Q1p2R2/7p/1P2b2P/3k2q1/P5B1/6K1 b KQkq - 0 1,d3c3 a6a3 c3c2 a3g3 g8g3 e7e4,https://lichess.org/training/oi9x9
oljSN,1Q6/5p2/P3pk1p/5p2/3N4/2q4P/1p4PK/8 b KQkq - 0 1,c3d4 b8h8 f6g6 h8d4 b2b1q a6a7,https://lichess.org/training/oljSN
onsWl,4k2q/7r/p1p1p3/Pp1p2pP/1P1P2p1/2P1P1Q1/7R/6K1 b KQkq - 0 1,h7h5 g3b8 e8f7 b8h8 h5h8 h2h8,https://lichess.org/training/onsWl
p7dJA,8/2q2k2/2P2p2/1P2p3/3pQn2/5P2/5Kp1/8 b KQkq - 0 1,d4d3 e4h7 f7e6 h7c7 f4h3 f2g2,https://lichess.org/training/p7dJA
p9RSE,8/5k1P/p7/1p4Q1/1P5K/Pb6/8/2q5 w KQkq - 0 1,h7h8q c1h1 h4g3 h1h8 g5f5 h8f6,https://lichess.org/training/p9RSE
pGUBY,4q3/7B/8/8/3PKP1P/6Pk/8/3Q4 w KQkq - 0 1,e4f3 e8h5 f3f2 h5d1 h7f5 h3h2,https://lichess.org/training/pGUBY
pSSG5,6k1/4b3/p2p4/1p1Pp2Q/4q1PK/4B3/PP3P2/8 w KQkq - 0 1,e3g5 e4h1 h4g3 h1h5 g4h5 e7g5,https://lichess.org/training/pSSG5
pfyk6,8/6p1/5q1p/3k1P2/6KP/3Q4/8/8 b KQkq - 0 1,d5c6 d3a6 c6d5 a6f6 g7f6 g4h5 d5e5 h5h6 e5f5 h4h5,https://lichess.org/training/pfyk6
pn5kY,8/8/1q2P1p1/5k2/8/3Q4/1p4P1/7K b KQkq - 0 1,f5e6 d3g6 e6e5 g6b6 b2b1q b6b1,https://lichess.org/training/pn5kY
pxZ6k,2Q5/8/8/1p1p4/3P4/2k5/6PP/qr3R1K b KQkq - 0 1,c3d4 c8h8 d4e3 h8a1 b1a1 f1a1,https://lichess.org/training/pxZ6k
qB7Af,7k/6p1/4P2p/2K2Q2/2P5/6P1/1p1q3P/8 w KQkq - 0 1,e6e7 d2a5 c5d6 a5f5 e7e8r h8h7,https://lichess.org/training/qB7Af
qHWBR,1q6/1b1rkp2/p3p3/2rnP1QN/7P/P7/5PP1/4R1K1 b KQkq - 0 1,e7e8 g5g8 e8e7 g8b8 c5c8 b8a7,https://lichess.org/training/qHWBR
qvgSu,r1bq4/pp3kp1/4p3/2p1P1bQ/2P2r2/P2BK3/1P5P/RN5R b KQkq - 0 1,f7f8 h5h8 f8f7 h8d8 f4f5 d8g5,https://lichess.org/training/qvgSu
qw6bk,8/p7/1p5P/2q5/8/2k5/3p1PP1/3Q2K1 b KQkq - 0 1,c5e5 d1a1 c3c4 a1e5 d2d1q g1h2,https://lichess.org/training/qw6bk
rRqfn,4rr1k/p6p/6p1/4R3/3PQ3/P1P1B2P/q3KP1P/8 w KQkq - 0 1,e2d3 a2b1 d3d2 b1e4 e5e4 e8e4,https://lichess.org/training/rRqfn
raIkR,Q7/1KP4p/7P/6k1/1q6/8/8/8 w KQkq - 0 1,b7c6 b4e4 c6d7 e4a8 c7c8q a8c8,https://lichess.org/training/raIkR
rwJcL,6r1/Q7/4pp2/3p1k2/8/P6q/1P6/K7 b KQkq - 0 1,e6e5 a7d7 f5e4 d7h3 g8g1 a1a2,https://lichess.org/training/rwJcL
sDbuG,6Q1/8/4pk1p/8/8/1pq3b1/6P1/6NK b KQkq - 0 1,b3b2 g8h8 f6f5 h8c3 b2b1q c3g3,https://lichess.org/training/sDbuG
sEktz,8/8/2p3kp/4Q1p1/1KPPp3/1P4P1/P2q3P/8 w KQkq - 0 1,b4c5 d2a5 c5c6 a5e5 d4e5 e4e3,https://lichess.org/training/sEktz
sQIQ3,8/6P1/2K5/2p3Q1/q7/7k/8/8 w KQkq - 0 1,c6c5 a4a5 c5d6 a5g5 g7g8q g5g8,https://lichess.org/training/sQIQ3
sUKIF,8/8/1Q2k2p/p5qP/3p2p1/6K1/5PP1/8 b KQkq - 0 1,e6d5 b6a5 d5c4 a5g5 h6g5 h5h6 d4d3 h6h7 d3d2 h7h8q,https://lichess.org/training/sUKIF
sZerc,4kn1Q/pp1R1p2/8/8/B4q1K/8/P5P1/8 w KQkq - 0 1,g2g4 f4h2 h4g5 h2h8 d7b7 e8d8,https://lichess.org/training/sZerc
sZzgO,2Q5/5p2/1KP3p1/8/6k1/8/6b1/7q b KQkq - 0 1,g4h5 c8h8 h5g4 h8h1 g2h1 c6c7 h1d5 c7c8q,https://lichess.org/training/sZzgO
sv7Mi,8/4PQ2/6pk/8/3K1P2/8/Pq6/8 w KQkq - 0 1,d4d5 b2a2 d5d4 a2f7 e7e8q f7e8,https://lichess.org/training/sv7Mi
t5vQi,b1q2k2/7Q/5p2/5R2/8/1P2p1PK/5P1P/3r4 b KQkq - 0 1,e3e2 h7h8 f8e7 h8c8 e2e1q c8a8,https://lichess.org/training/t5vQi
tIPfZ,6q1/Q2k4/2p1b2r/8/7b/2P2r2/PP3PPP/1R2R1K1 b KQkq - 0 1,d7d8 a7b8 d8e7 b8g8 h4f2 g1h1,https://lichess.org/training/tIPfZ
tT2Cp,r1b3B1/1p2kQp1/4pp2/p7/1qPp4/1Pn3P1/1K1N1PP1/R7 b KQkq - 0 1,e7d6 f7f8 d6c7 f8b4 a5b4 a1a8,https://lichess.org/training/tT2Cp
tW5Tv,r1b2r2/1p3pbk/p3p1pB/2p5/6N1/P2P1q1P/1PP2P2/1RQ2K1R w KQkq - 0 1,h6g7 f3h1 f1e2 h1c1 b1c1 h7g7,https://lichess.org/training/tW5Tv
tzGWS,8/8/8/8/1p1kP3/1q1P1QK1/6P1/8 w KQkq - 0 1,g3f4 b3f7 f4g5 f7f3 g2f3 b4b3,https://lichess.org/training/tzGWS
u0bqu,1Q6/8/5p2/3p4/3P1k2/1p6/1K6/R2rq3 b KQkq - 0 1,f4e4 b8e8 e4f4 e8e1 d1e1 a1e1,https://lichess.org/training/u0bqu
u6g9Q,1k4r1/pp6/2p1p1Nr/q1Pp3p/5P2/3BK1R1/PPP5/6Q1 w KQkq - 0 1,g6e5 a5c5 e3d2 c5g1 g3g1 g8g1,https://lichess.org/training/u6g9Q
u9Mer,8/5Q2/1k2P3/3K2p1/p4pP1/7P/8/q7 w KQkq - 0 1,f7d7 a1d1 d5e5 d1d7 e6d7 b6c7 d7d8q c7d8,https://lichess.org/training/u9Mer
uA5u3,3Q4/1P6/4K1pk/8/4q2P/7P/5P2/8 w KQkq - 0 1,e6f6 e4h4 f6f7 h4d8 b7b8q d8b8,https://lichess.org/training/uA5u3
uHTJY,r4r2/3k2qp/1p1p2p1/1P2n3/P3Q3/1B6/3R2PP/6K1 b KQkq - 0 1,a8d8 e4b7 d7e8 b7g7 d8d7 g7h6,https://lichess.org/training/uHTJY
uJ1hp,8/3P2kp/8/3Q1p2/5P2/6KP/8/4q3 w KQkq - 0 1,g3f3 e1h1 f3e2 h1d5 d7d8q d5d8,https://lichess.org/training/uJ1hp
uM2zs,6Q1/8/8/2kP4/8/1p6/2q5/4K3 b KQkq - 0 1,b3b2 g8c8 c5d5 c8c2 b2b1q c2b1,https://lichess.org/training/uM2zs
uMy4O,8/6p1/2Q2k1p/8/8/6PP/3pq3/6K1 b KQkq - 0 1,f6e5 c6e8 e5d4 e8e2 d2d1q e2d1,https://lichess.org/training/uMy4O
uNoXV,8/7Q/8/3q2k1/P2P4/2P5/2K3p1/8 b KQkq - 0 1,g2g1q h7g7 g5f5 g7g1 d5a2 c2d3,https://lichess.org/training/uNoXV
uO68o,1k3r2/pp3P2/8/2p1q3/8/3P4/2PR4/2K2Q2 w KQkq - 0 1,d2e2 e5a1 c1d2 a1f1 e2e8 b8c7,https://lichess.org/training/uO68o
ujscZ,8/p7/2p5/2Pq4/4p3/P3k3/1K6/6Q1 b KQkq - 0 1,e3d3 g1d1 d3e3 d1d5 c6d5 c5c6 d5d4 c6c7 d4d3 c7c8q,https://lichess.org/training/ujscZ
v7sVH,2r4k/6pp/3P4/8/7q/5P2/2pR2P1/2Q2K2 w KQkq - 0 1,d2c2 h4h1 f1f2 h1c1 c2c1 c8c1,https://lichess.org/training/v7sVH
v8I6X,7Q/1p6/5B2/8/6K1/2p5/1k4P1/3q4 w KQkq - 0 1,g4h3 d1h1 h3g4 h1h8 f6h8 b7b5 g4f3 b5b4,https://lichess.org/training/v8I6X
v8Iza,8/pp2bk1Q/2p3p1/4q3/1PPp2B1/3P4/P3PpK1/8 b KQkq - 0 1,f7f6 h7h8 f6f7 h8e5 f2f1q g2f1,https://lichess.org/training/v8Iza
vDZbO,6k1/pnP2p2/7p/6p1/PQ6/5KP1/P4P2/2q5 w KQkq - 0 1,b4b7 c1h1 f3e2 h1b7 c7c8q b7c8,https://lichess.org/training/vDZbO
vFhOn,6rk/6p1/p6p/4QN2/1Pp5/P1K3RP/q5P1/8 w KQkq - 0 1,g3g7 a2a1 c3c4 a1e5 g7g8 h8g8,https://lichess.org/training/vFhOn
vncf7,6k1/2p1Q2p/5Pp1/1q1K4/6P1/7P/8/8 w KQkq - 0 1,d5e4 b5e2 e4f4 e2e7 f6e7 g8f7,https://lichess.org/training/vncf7
vx6ea,8/5p2/5Q2/2P5/8/2k2P1K/3pq3/8 b KQkq - 0 1,c3c4 f6a6 c4c5 a6e2 d2d1q e2d1,https://lichess.org/training/vx6ea
w7WIX,4R3/kr2R2Q/p1q5/1p6/2pp1P2/6P1/P5K1/8 w KQkq - 0 1,g2h3 c6h1 h3g4 h1h7 e7h7 b7h7,https://lichess.org/training/w7WIX
wAQ4V,6r1/8/pr2p3/5p2/3Q1P2/P4B2/3k2PK/5q2 b KQkq - 0 1,d2c1 d4a1 c1c2 a1f1 g8h8 h2g3,https://lichess.org/training/wAQ4V
wKdjh,8/1K6/P7/6q1/8/4kp2/6n1/6Q1 b KQkq - 0 1,f3f2 g1c1 e3e4 c1g5 f2f1q g5g6,https://lichess.org/training/wKdjh
wnovv,1Q6/p3krRR/3p1p2/3Pn3/2p1P3/1KN5/P2q4/8 w KQkq - 0 1,b3b4 d2b2 b4a4 b2b8 g7f7 e5f7,https://lichess.org/training/wnovv
x10f1,7Q/4q3/8/4k1p1/6B1/6PK/7P/4q3 b KQkq - 0 1,e7f6 h8e8 e5d6 e8e1 f6h8 h3g2,https://lichess.org/training/x10f1
x5zjG,2q1k3/5pp1/p1r1p1p1/3p4/3b3Q/2PR4/Pp3P2/1K4R1 b KQkq - 0 1,c6c3 h4h8 e8e7 h8c8 c3c8 d3d4,https://lichess.org/training/x5zjG
xXM9A,7Q/pp5p/5k2/2p2p2/3p4/3P2P1/PPP1qP2/4rBK1 b KQkq - 0 1,f6e6 h8e8 e6f6 e8e2 e1e2 f1e2,https://lichess.org/training/xXM9A
xaaNU,7Q/p4p2/5k1p/1p3r2/1P6/7P/P2pqPPK/8 b KQkq - 0 1,f6e6 h8e8 e6d6 e8e2 f5d5 e2d1,https://lichess.org/training/xaaNU
xlZql,8/8/4p3/Q2k4/p5PK/1b5P/8/2qrR3 b KQkq - 0 1,d5c4 a5c7 c4d3 c7c1 d1c1 e1c1,https://lichess.org/training/xlZql
y9LLS,6Q1/8/1p1n2k1/2pPq3/2P1P3/4K1P1/8/8 b KQkq - 0 1,g6f6 g8h8 f6f7 h8e5 d6c4 e3f4 c4e5 f4e5,https://lichess.org/training/y9LLS
yCq0B,8/4PQpk/7p/1q2K2P/6P1/8/8/8 w KQkq - 0 1,e5f4 b5f1 f4e5 f1f7 e7e8q f7e8,https://lichess.org/training/yCq0B
yJImX,8/P7/8/4Q1k1/8/1P6/1KP5/6qq b KQkq - 0 1,g5g4 e5g7 g4f4 g7g1 h1g1 a7a8q,https://lichess.org/training/yJImX
yLvet,r5r1/1pq1k3/p1nNbp2/4p3/5n1Q/8/PP1R1PPP/3R2K1 b KQkq - 0 1,f4g2 h4h7 e7f8 h7c7 g2e3 g1h1,https://lichess.org/training/yLvet
yql7P,8/p4k2/2Np4/1PpPp3/4P1Q1/4K1P1/8/2q5 w KQkq - 0 1,e3f3 c1d1 f3f2 d1g4 b5b6 a7b6,https://lichess.org/training/yql7P
z28B3,8/1pk1Q3/q3p3/8/3P1P2/2K5/p6P/8 b KQkq - 0 1,c7c6 e7e6 c6c7 e6a6 b7a6 c3b2 a2a1r b2a1,https://lichess.org/training/z28B3
z7ErO,8/8/3p4/2q3k1/1KP2p2/7Q/6P1/8 w KQkq - 0 1,b4c3 c5a3 c3d4 a3h3 g2h3 g5h4,https://lichess.org/training/z7ErO
zB4vZ,7k/2r4r/1n2p2R/pp1pP2R/2p2PQ1/4P1B1/PPq2K2/8 w KQkq - 0 1,f2f3 c2d1 f3g2 d1g4 h6h7 c7h7,https://lichess.org/training/zB4vZ
zJmUU,4Q3/pp2R1k1/8/3P4/2pq4/3b1rnP/P5PK/8 b KQkq - 0 1,g7f6 e8h8 f6e7 h8d4 g3f1 h2g1 f3f5 g2g4 f5f7 d4e5,https://lichess.org/training/zJmUU
zMwKk,8/p7/4p3/3k2Q1/8/4p3/P2q2PP/5K2 b KQkq - 0 1,d5d6 g5d8 d6e5 d8d2 e3d2 f1e2 d2d1q e2d1,https://lichess.org/training/zMwKk
zVCP3,8/6Q1/4pr1p/pP1pk3/P7/2q4P/5bP1/5R1K b KQkq - 0 1,c3g3 g7c7 e5e4 c7g3 f2g3 f1f6,https://lichess.org/training/zVCP3
zYcf1,6k1/p1p2ppp/3p4/8/2BP3q/2P2R2/PPQ2KPP/4r3 w KQkq - 0 1,g2g3 h4h2 f2e1 h2c2 c4f7 g8h8,https://lichess.org/training/zYcf1
zZICk,r4b2/1p3k1N/p5R1/n1p4P/P7/4r2P/1PQ1KP2/3R3q w KQkq - 0 1,f2e3 h1h2 e2f3 h2c2 d1d7 f8e7,https://lichess.org/training/zZICk
zg0Q8,1q3Nk1/6pQ/7p/3p4/b1pP2P1/2P2P1K/5r1P/8 b KQkq - 0 1,g8f8 h7h8 f8f7 h8b8 f2f3 h3g2,https://lichess.org/training/zg0Q8
zsbHb,8/2p3k1/3qP3/8/2KP4/1p6/1P2Q3/8 w KQkq - 0 1,e6e7 d6a6 c4b3 a6e2 e7e8q e2e8,https://lichess.org/training/zsbHb
zuLTw,8/6Q1/1p1qk2P/p4p2/P1P1pK2/1P6/8/8 w KQkq - 0 1,f4g5 d6g3 g5h5 g3g7 h6g7 e6f7,https://lichess.org/training/zuLTw
zyph5,6Q1/7p/2p1p1k1/5pp1/3P4/4P3/1KR2r1q/8 b KQkq - 0 1,g6h5 g8h7 h5g4 h7h2 f2h2 c2h2,https://lichess.org/training/zyph5
zzz5v,8/3Q2k1/3P1p1p/6pq/5n2/2P2P1P/5P1K/8 b KQkq - 0 1,g7g6 d7e8 g6g7 e8h5 f4h5 d6d7,https://lichess.org/training/zzz5v