02fjz,3r1rk1/pp3p1p/1q3p2/5B1Q/8/1P2p3/P4PPP/2R2K2 b KQkq - 0 1,b6b5 f1g1 f8e8 f5h7 g8g7 h5b5,https://lichess.org/training/02fjz
03S6t,Nk3r2/pp4p1/3p3p/1Qbqp3/8/2P5/P4PPP/4RRK1 w KQkq - 0 1,e1d1 c5f2 f1f2 d5d1 b5f1 d1f1,https://lichess.org/training/03S6t
0LTmZ,rn2k2r/pp2ppbp/2p1N1p1/3pP3/3q4/1PNB2P1/P1P2PP1/R2QK2R b KQkq - 0 1,f7e6 d3g6 h7g6 h1h8 g7h8 d1d4,https://lichess.org/training/0LTmZ
0Xhzz,5nk1/5ppp/8/Q2Bq3/8/6PP/5P1K/8 b KQkq - 0 1,g7g6 d5f7 g8g7 a5e5,https://lichess.org/training/0Xhzz
0Zj3q,5q1r/2nknB2/2p1pQ2/Rp1pP2P/1P1P3P/2P5/4K3/8 b KQkq - 0 1,h8h6 f7e6 c7e6 a5a7 d7d8 a7a8,https://lichess.org/training/0Zj3q
0ZkUg,4k2r/pp3ppp/2b5/2b1q3/2P1B2N/P5P1/4QP1P/4R1K1 b KQkq - 0 1,e8g8 e4h7 g8h8 e2e5,https://lichess.org/training/0ZkUg
0eWTl,5r1k/p1p4p/1q1bQ1p1/8/1P6/2P1R3/P4PPP/5RK1 w KQkq - 0 1,e3f3 f8f3 e6e8 f3f8,https://lichess.org/training/0eWTl
10nZ7,r1b2r1k/pp1q3p/2nb2p1/3Q4/2pp4/2P1PN2/PPB3PP/R1B2RK1 w KQkq - 0 1,e3d4 d6h2 f3h2 f8f1 h2f1 d7d5,https://lichess.org/training/10nZ7
12urk,8/p6r/1p2p1k1/n2pPpPp/3P1Pp1/Qb1B2q1/3NKR2/8 b KQkq - 0 1,b3c4 d2c4 a5c4 d3f5 e6f5 a3g3,https://lichess.org/training/12urk
14ut7,r6r/p3k1pp/4p3/1QbqB3/3p2b1/5N2/PPP3PP/3R1RK1 w KQkq - 0 1,e5d4 c5d4 f3d4 d5b5,https://lichess.org/training/14ut7
15hj0,r4rk1/pppq1p1R/5bp1/8/8/2PB1P2/PP3P1P/RN1Q2K1 b KQkq - 0 1,g8h7 d3g6 h7g7 d1d7,https://lichess.org/training/15hj0
1D1kW,R6r/3kp3/6p1/1P1qb3/5Q2/1P6/2PP1PPP/5RK1 w KQkq - 0 1,f4f5 g6f5,https://lichess.org/training/1D1kW
1T38C,r1bqr1k1/pp3p1p/1np3p1/8/2Pb4/1PNQ2P1/PB3PBP/R4RK1 w KQkq - 0 1,f1e1 e8e1 a1e1 d4f2 g1f2 d8d3,https://lichess.org/training/1T38C
1sdSM,r4rk1/1b3ppp/p3Pn2/1p6/3q4/3B4/PP4PP/R1BQ1R1K b KQkq - 0 1,f7e6 d3h7 f6h7 f1f8 a8f8 d1d4,https://lichess.org/training/1sdSM
20HW3,r5k1/3n1r1n/p1p1q1BQ/2p1P3/3P2P1/P5K1/1P6/7R b KQkq - 0 1,f7g7 g6h7 g8f7 h1f1 f7e7 h6g7,https://lichess.org/training/20HW3
23Ca6,6rk/BPp4p/3p1r2/P2Q4/2N1pb1q/5pPP/2R2P1K/6R1 w KQkq - 0 1,d5e4 h4h3 h2h3 f6h6,https://lichess.org/training/23Ca6
29C29,2k2B2/1pp1p3/p3q3/4b2n/8/2P3Pp/PPB1bQ1K/5N2 w KQkq - 0 1,f2e2 h5g3 f1g3 e5g3 h2g3 e6e2,https://lichess.org/training/29C29
2VXro,6k1/pp3ppp/4q3/3rbb2/2P5/1P2QB2/P5PP/5RK1 w KQkq - 0 1,c4d5 e5h2 g1f2 h2g3 f2e2 e6a6,https://lichess.org/training/2VXro
2aqcU,4rrk1/2pR1ppp/p7/1p4Pq/7b/2P1B2Q/PP3P1P/3R2K1 w KQkq - 0 1,d1d4 h4f2 g1g2 h5h3,https://lichess.org/training/2aqcU
2iuWz,2r2rk1/1p1bbppp/p2p4/2qPp1N1/P7/3B3P/1PPQ1PP1/R2R2K1 b KQkq - 0 1,c5d5 d3h7 g8h8 d2d5,https://lichess.org/training/2iuWz
2njNE,r2qr3/ppp2ppk/8/3b4/8/4QP2/PP1BN2P/1K1R3R w KQkq - 0 1,e3d3 d5e4 d3e4 e8e4 f3e4 d8d3,https://lichess.org/training/2njNE
2uhcR,rn3rk1/ppb2ppp/2p1b3/4P3/3q1Nn1/2NB4/PP4PP/R1BQ1R1K b KQkq - 0 1,g4f2 f1f2 d4f2 c3e4 e6g4 e4f6 g8h8 f6g4,https://lichess.org/training/2uhcR
3ODWR,r5qk/6bp/p1p1P3/3pQ3/2pP4/2P4P/PP6/4RRK1 w KQkq - 0 1,e5g5 g7d4 g1h2 g8g5,https://lichess.org/training/3ODWR
3XVe5,r6k/pp1qr1p1/3b1pPp/3Q4/2pP4/2P5/PPB1R1PP/1R4K1 w KQkq - 0 1,b1e1 e7e2 e1e2 d6h2 g1h2 d7d5,https://lichess.org/training/3XVe5
3c1Ub,r3rk2/p4pbQ/1pqp2pB/8/8/3B4/P4K2/7R b KQkq - 0 1,c6h1 h6g7 f8e7 h7h1,https://lichess.org/training/3c1Ub
3cknw,rnb2rk1/pp4pp/2pppq2/6N1/3P1n2/3B4/PPP3PP/R1BQ1RK1 b KQkq - 0 1,f6d4 g1h1 f4d3 f1f8 g8f8 d1f3 f8e7 f3f7,https://lichess.org/training/3cknw
3dlN9,r2qk2r/2p2ppp/p2bb3/1p6/3Q2n1/1B6/PPP2PPP/RNB1R1K1 w KQkq - 0 1,b3e6 d6h2 g1f1 d8d4,https://lichess.org/training/3dlN9
3hk2c,r2q1rk1/2p2ppp/p1pb4/8/4n1b1/2P2N2/PP3PPP/RNBQR1K1 w KQkq - 0 1,e1e4 d6h2 g1h1 d8d1,https://lichess.org/training/3hk2c
3vhjl,r3r1k1/1ppq1p2/p2b1p1p/8/3nP3/2N5/PPP3PP/R2Q1RK1 w KQkq - 0 1,d1d4 d6h2 g1h1 d7d4,https://lichess.org/training/3vhjl
45XGw,1r1r3k/6pp/p1n5/1p6/1P6/P3P1P1/1BQ2P1P/q2R2K1 b KQkq - 0 1,a1a2 d1d8 b8d8 b2g7 h8g7 c2a2,https://lichess.org/training/45XGw
48R2e,2k4r/pp3ppp/2p2n2/q4bQ1/8/2Nr3P/PPP5/1K1R3R w KQkq - 0 1,c2d3 f5d3 b1a1 a5g5,https://lichess.org/training/48R2e
4Fa1G,kr3r2/pp2np2/6p1/2p1P2p/q1P1BQ2/2P4P/P4PP1/1R4K1 b KQkq - 0 1,a4c4 b1b7 c4e4 b7b8 f8b8 f4e4,https://lichess.org/training/4Fa1G
4GuHa,r2q1rk1/p1p3pp/3b1n2/5Q2/8/2Pp4/PP3PPP/RNB2RK1 w KQkq - 0 1,f5d3 d6h2 g1h1 d8d3,https://lichess.org/training/4GuHa
4J6HN,8/2p2pr1/3k4/QbqPN3/1p2P1p1/1P4P1/1P4KP/5R2 w KQkq - 0 1,e5f7 g7f7 f1f7 b5f1 f7f1 c5a5,https://lichess.org/training/4J6HN
4MYX3,rn3rk1/pp3ppp/8/1q1B2Q1/6b1/5N2/P4PPP/3R1RK1 b KQkq - 0 1,g4f3 d5f7 g8h8 g5b5,https://lichess.org/training/4MYX3
4RIZI,r3kb1r/1b3ppp/p3pB2/1p2n3/3q4/2NB4/PPP3PP/R2Q1R1K b KQkq - 0 1,g7f6 d3b5 d4d7 b5d7,https://lichess.org/training/4RIZI
4TAIZ,2r3k1/p1q2p2/4p1p1/1Rb1P2p/8/2Q4P/P1B2Pb1/3R3K w KQkq - 0 1,h1g1 c5f2 g1g2 c7c3,https://lichess.org/training/4TAIZ
4qXT3,r3r1k1/pp1n1ppp/2p3n1/2P5/3P4/qB3Q1P/P4PP1/R4RK1 b KQkq - 0 1,a8d8 b3f7 g8f8 f3a3,https://lichess.org/training/4qXT3
4rd86,r2q1r1k/p5pp/1p1b4/3Q1b2/1P6/P2BP3/5PPP/R1B2RK1 w KQkq - 0 1,d3f5 d6h2 g1h1 d8d5,https://lichess.org/training/4rd86
4sPVZ,5r1k/ppp3p1/qb4np/4B3/3P2bP/2P5/PPQN2P1/R4RK1 w KQkq - 0 1,c2g6 b6d4 c3d4 f8f1 a1f1 a6g6,https://lichess.org/training/4sPVZ
56e5m,r1r3k1/bp1b1ppp/3N4/4P3/1q1N1P2/1B2n2P/3R2P1/1Q3RK1 b KQkq - 0 1,e3f1 b3f7 g8f8 b1b4,https://lichess.org/training/56e5m
5LLF1,r4rk1/p1p2ppp/2Q5/4p1b1/2B5/2PP4/Pq4PP/1R3RK1 b KQkq - 0 1,b2c3 c4f7 g8h8 c6c3,https://lichess.org/training/5LLF1
5Z5mL,r5k1/r4pp1/P1Qp3p/2b1p3/R3P3/5N1P/2q2PP1/R5K1 w KQkq - 0 1,a1a2 c5f2 g1f1 c2c6,https://lichess.org/training/5Z5mL
5arfs,r4rk1/pp3ppp/2b1pb1B/q7/3P4/2PB3Q/P4PPP/R3K2R b KQkq - 0 1,a5c3 h6d2 c3a1 e1e2 h7h6 h1a1,https://lichess.org/training/5arfs
5dADX,1k1r2nr/pp4pp/8/6P1/2B1Q2P/1P2B3/P1P3K1/4q3 b KQkq - 0 1,d8d2 g2h3 e1d1 e3f4 b8a8 c4a6 d2d3 a6d3,https://lichess.org/training/5dADX
5irCL,1k1r4/ppq1b3/2p1P1p1/6Pp/3QP2P/8/PPP1N3/2KR4 w KQkq - 0 1,d4g7 e7g5 h4g5 d8d1 c1d1 c7g7,https://lichess.org/training/5irCL
5puJP,6k1/p5br/1pp1q3/4Bp1p/3p4/8/PPP1Q3/1K4R1 b KQkq - 0 1,g8h8 g1g7 h7g7 e5g7 h8g7 e2e6,https://lichess.org/training/5puJP
5uyDF,r1b1k2r/ppp2ppp/8/4P3/1b1q2n1/6P1/PP1B1PBP/RN1QK2R w KQkq - 0 1,d1a4 c8d7 a4b4 d4f2 e1d1 f2g2,https://lichess.org/training/5uyDF
62oUy,rnb1r1k1/ppp2ppp/3b4/3NN3/3P1q2/3B4/PPP3PP/R2QK2R b KQkq - 0 1,f4d4 d3h7 g8f8 d1d4,https://lichess.org/training/62oUy
681ZH,r4rk1/pp1n1p1p/3p3p/8/8/2QB1q2/P4P1P/2K1R3 b KQkq - 0 1,a8c8 e1g1 f3g2 g1g2,https://lichess.org/training/681ZH
6HAWt,3q1rk1/pp3ppp/3bbn2/8/1P2r3/P2Q2N1/1B3PPP/2R2RK1 w KQkq - 0 1,g3e4 d6h2 g1h1 d8d3,https://lichess.org/training/6HAWt
6NsLt,r2b1qk1/5ppp/p7/1p2pPP1/n3Q3/P1p4P/1PP5/2KR1BR1 w KQkq - 0 1,e4a8 d8g5 c1b1 f8a8,https://lichess.org/training/6NsLt
6OFIy,3q4/p2b1rkp/1b1Q1N1p/3N4/P7/3P3P/1Pr2PK1/R4R2 w KQkq - 0 1,d5b6 d7c6 d6c6 c2c6,https://lichess.org/training/6OFIy
6V0Hd,8/3Q1p1k/6p1/2p4p/7P/1b1B2P1/5P1K/3q4 b KQkq - 0 1,b3e6 d3g6 h7g7 d7d1,https://lichess.org/training/6V0Hd
6YqTB,r4rk1/ppp2ppp/2n1p3/8/3q4/P2B1R2/2P2PPP/1R1Q2K1 b KQkq - 0 1,c6e5 d3h7 g8h8 d1d4 e5f3 g2f3,https://lichess.org/training/6YqTB
6Ys8F,3r1k2/pp3P1p/2qb4/3Np3/1P2b3/PB6/3Q1PrP/R3K2R w KQkq - 0 1,d2h6 g2g7 h6h4 d6b4 a3b4 d8d5,https://lichess.org/training/6Ys8F
6hNuy,6k1/4rpp1/3q2p1/p2B4/n2QP2P/2p3P1/2R2PK1/8 b KQkq - 0 1,a4c5 d5f7 g8f8 d4d6,https://lichess.org/training/6hNuy
6sM7S,3rk2r/pQpnbpqp/3p4/1B1P4/8/4R3/PP3PPP/R5K1 b KQkq - 0 1,g7b2 b5d7 e8f8 b7b2,https://lichess.org/training/6sM7S
6wmUU,1r1qkb1r/p2npppp/8/1B1Qn3/3P4/8/PP4PP/RNB1K2R b KQkq - 0 1,d8a5 b1c3 b8b5 d5b5 a5b5 c3b5,https://lichess.org/training/6wmUU
740QE,4r1k1/pp3ppp/8/q2B1Q2/2rP4/2n4P/5PP1/2R2RK1 b KQkq - 0 1,c3e2 g1h1 a5d5 f5d5 c4c1 f1c1,https://lichess.org/training/740QE
75pHM,r2q1r1k/pp4pp/3b4/3Q4/3Bp1n1/2P5/PP1N1PPP/3R1RK1 w KQkq - 0 1,d2e4 d6h2 g1h1 d8d5 d4g7 h8g7,https://lichess.org/training/75pHM
79aJf,4r1k1/pp1n3p/2p5/3p2p1/8/2PPqBQP/P5P1/R6K b KQkq - 0 1,d7e5 a1e1 e3f4 g3f4 g5f4 d3d4,https://lichess.org/training/79aJf
7SR7E,1n3rk1/p4pp1/4p2p/2P5/q2bQ3/N6P/P4PP1/R4RK1 w KQkq - 0 1,a3c2 d4f2 g1h1 a4e4,https://lichess.org/training/7SR7E
7Woih,2k4r/1p1rP1pp/p7/5Q2/8/5B1P/P2p1q2/3R3K b KQkq - 0 1,h8e8 f3b7 c8b8 f5f2,https://lichess.org/training/7Woih
7cBGf,r1b1q1k1/1ppnbppp/p2p4/P2P2N1/1P2B3/8/1BP2PPP/R3Q1K1 b KQkq - 0 1,e7g5 e4h7 g8f8 b2g7 f8g7 e1e8,https://lichess.org/training/7cBGf
7g0qj,8/2kP3p/3b4/3p1Q2/2p2B1K/N3r1PP/1P3q2/8 b KQkq - 0 1,e3e4 a3b5 c7d8 b5d6 e4f4 f5f4,https://lichess.org/training/7g0qj
7wjxQ,r1bqr1k1/pp3pp1/3b3p/2pn4/8/5N2/PPB2PPP/R1BQR1K1 w KQkq - 0 1,d1d5 e8e1 f3e1 d6h2 g1h2 d8d5,https://lichess.org/training/7wjxQ
7yD0t,rnbq4/pp2pp1k/6p1/2p5/5P2/1PPBP3/P5PP/bN1QK2R b KQkq - 0 1,c5c4 d3g6 h7g7 d1d8,https://lichess.org/training/7yD0t
8709b,5rk1/5ppp/1p2bn2/8/2P5/bPQB1q2/P4P1P/1K1R2R1 b KQkq - 0 1,a3c5 d3h7 g8h8 c3f3,https://lichess.org/training/8709b
8GTDa,4R3/5p2/3p2p1/3k4/2qb4/6PQ/1r3P1P/5RK1 w KQkq - 0 1,h3g4 d4f2 f1f2 b2b1 g1g2 c4g4,https://lichess.org/training/8GTDa
8HUzF,5rk1/ppp2ppp/3r4/4p2q/1P2P1nb/P1NB3Q/1B3P2/3R1RK1 w KQkq - 0 1,d3e2 h4f2 g1g2 g4e3 h3e3 d6g6,https://lichess.org/training/8HUzF
8Iv9m,rnbqkb1r/5ppp/p3p3/1p6/3PnB2/P2B3P/1P3PP1/R2QK1NR b KQkq - 0 1,d8d4 d3b5 d4d7 b5d7,https://lichess.org/training/8Iv9m
8MOqB,5r1r/p1pQ4/1p1bR2p/3q2p1/3N2Pk/8/PPP2P1P/3R2K1 w KQkq - 0 1,d1d3 d6h2 g1f1 d5d7,https://lichess.org/training/8MOqB
8SVRE,r1b1r1k1/1p3p1p/p1n3q1/5p1B/3PP2Q/P1P5/6PP/R4RK1 b KQkq - 0 1,g6h6 h5f7 g8g7 h4h6,https://lichess.org/training/8SVRE
8as9W,6k1/p4ppp/2Q5/2b1P3/4K3/1r2B3/2q2PPP/3R3R w KQkq - 0 1,e4f4 c5e3 f2e3 g7g5 f4g5 c2c6,https://lichess.org/training/8as9W
8eJ85,6k1/5pp1/P2q3p/4p3/2B5/1PQ3P1/5PKP/4r3 b KQkq - 0 1,d6c6 f2f3 e1e2 g2f1 e2a2 c4f7 g8f7 c3c6,https://lichess.org/training/8eJ85
8eQMm,5rk1/5ppp/p2Q2b1/1p1B4/2pqP3/8/P1P3PP/5R1K b KQkq - 0 1,h7h6 h2h3 g6e4 f1f7,https://lichess.org/training/8eQMm
8lrdf,2r2rk1/p3pp1p/5bp1/8/Q1Bq4/7P/P4PP1/2R1R1K1 b KQkq - 0 1,f6h4 c4f7 g8g7 a4d4,https://lichess.org/training/8lrdf
8mD3K,rnbqk1nr/1p3ppp/p2b4/4N3/1PPp4/P7/4PPPP/RNBQKB1R w KQkq - 0 1,d1d4 d6b4 d4d2 b4d2,https://lichess.org/training/8mD3K
8qBFq,4r2k/pppq2pp/2nb4/3Q4/8/3P4/PPP2PPP/R4RK1 w KQkq - 0 1,a1e1 e8e1 f1e1 d6h2 g1h2 d7d5,https://lichess.org/training/8qBFq
97ywN,rn1qkb1r/1b3ppp/p3pn2/1p6/3NPB2/P1NB4/1PP3PP/R2QK2R b KQkq - 0 1,d8d4 d3b5 d4d7 b5d7,https://lichess.org/training/97ywN
9Awlm,r3r2k/pb1n3p/4p1p1/1ppP4/4QB1q/1BP5/P4PPP/R4RK1 b KQkq - 0 1,e6e5 f4e5 h4f6 e5f6,https://lichess.org/training/9Awlm
9Nc39,1q4k1/p4rpp/bb1r4/8/1B6/PQ6/5PPP/2RR2K1 w KQkq - 0 1,b4d6 b6f2 g1h1 b8b3,https://lichess.org/training/9Nc39
9P1EM,4rr2/1p4k1/p4n1p/2q1BQp1/1n1p4/1B6/PP3PP1/4R1K1 b KQkq - 0 1,d4d3 e5f6 f8f6 f5d7 g7h8 e1e8,https://lichess.org/training/9P1EM
9SunS,r3k2r/1pqb1p2/p2p4/4p3/2BPPb1p/P4P2/1PQN2P1/4RR1K b KQkq - 0 1,f4d2 c4f7 e8d8 c2d2,https://lichess.org/training/9SunS
9ULAt,rn2kbnr/pp3ppp/2p5/8/Q1Bpq1b1/2P1BN2/PP3PPP/RN2K2R b KQkq - 0 1,d4e3 c4f7 e8d8 a4e4,https://lichess.org/training/9ULAt
9WqNz,r5k1/p4ppp/1p2b3/2bNr1q1/2Q1BP2/8/PP4PP/2KR3R b KQkq - 0 1,g5f4 d5f4 e6c4 e4a8,https://lichess.org/training/9WqNz
9YFcw,3r1rk1/ppp1q1pp/5p2/3P4/1b2BB2/4QP1b/PP3P2/R3R1K1 b KQkq - 0 1,b4e1 e4h7 g8f7 h7g6 f7g6 e3e7,https://lichess.org/training/9YFcw
9idDe,k3r3/p2q3p/2rb1pp1/8/P7/2PQ1p2/3B1PPP/1R2R1K1 w KQkq - 0 1,g2f3 e8e1 b1e1 d6h2 g1h2 d7d3,https://lichess.org/training/9idDe
9uiuc,rn2kb1r/1b3ppp/p2ppq2/1p6/3NP3/P1NB4/1PPQ1PPP/R3K2R b KQkq - 0 1,f6d4 d3b5 b7c6 d2d4,https://lichess.org/training/9uiuc
9wd7x,r5k1/2pq1p2/2n5/p3P1Np/Pp1bBBn1/8/1P3PPP/2RQ2K1 w KQkq - 0 1,c1c6 d4f2 g1f1 d7d1,https://lichess.org/training/9wd7x
AA7e3,2r2r1k/pp4pp/4n3/3QB2q/5p2/P1PBPP2/4K2P/6R1 b KQkq - 0 1,c8e8 g1g7 e6g7 e5g7 h8g7 d5h5 e8e3 e2d2 e3d3 d2d3,https://lichess.org/training/AA7e3
AB8Ii,2r3k1/3Q1p1p/6p1/p2B4/7P/6P1/3q1PK1/8 b KQkq - 0 1,c8f8 d5f7 g8g7 d7d2,https://lichess.org/training/AB8Ii
AI64Z,r4rk1/ppp3pp/2nb4/3N4/1R1q1p2/3B4/P1P2PPP/3Q1RK1 b KQkq - 0 1,d4d5 d3c4 c6b4 c4d5 b4d5 d1d5,https://lichess.org/training/AI64Z
AK3Dl,4rrRk/1b5p/pp1q1P1b/2p1N3/2P5/3B4/PP6/R2QK3 b KQkq - 0 1,h8g8 d3h7 g8h8 d1d6,https://lichess.org/training/AK3Dl
AKdlH,5r1k/1Q6/1b1p2pp/4pB2/1qP1P2P/6P1/1P3P2/5RK1 w KQkq - 0 1,f5g6 b6f2 g1g2 b4b7,https://lichess.org/training/AKdlH
AUjy8,2r1k1nr/3n2p1/bp6/3Q1Bq1/3Pp3/4P3/PP3P2/R3K1NR b KQkq - 0 1,h8h1 f5d7 e8d8 d5g5,https://lichess.org/training/AUjy8
B7wrw,r1b2rk1/pp3ppp/8/2q5/1b1N1Bn1/3B3P/PP4P1/R2Q1K1R b KQkq - 0 1,c5d4 d3h7 g8h8 d1d4,https://lichess.org/training/B7wrw
BBif6,3Q4/pp3pkp/8/2pb4/2p3r1/2Pq4/PP1P1PPP/RNBKR3 w KQkq - 0 1,f2f3 g4g2 d8d5 d3d5,https://lichess.org/training/BBif6
BFWfm,r2r2k1/pp3p1p/6p1/1Q1Bb1q1/4P1n1/6P1/PP3P1P/R4RK1 b KQkq - 0 1,e5g7 d5f7 g8f8 b5g5,https://lichess.org/training/BFWfm
BOpxh,3r1knr/p4ppp/2Qbq3/3N3b/5P2/8/PPP1B1PP/2KR2NR w KQkq - 0 1,e2h5 d6f4 d5f4 d8d1 h5d1 e6c6,https://lichess.org/training/BOpxh
BVMxa,r4r2/p1pQ2pp/b1pb2k1/3q4/6N1/3P4/PPP2PPP/R1B2RK1 w KQkq - 0 1,f1e1 a6c8 g4e5 d5e5 e1e5 c8d7,https://lichess.org/training/BVMxa
BaBCu,6k1/p1r2p2/1p1b1Q1p/3q1B2/3P4/8/PP2r1PP/R4RK1 w KQkq - 0 1,f6d8 g8g7 d8f6 g7f6 f5e4 f6e6 e4d5 e6d5,https://lichess.org/training/BaBCu
Bm7nz,rnbqk2r/pp2ppbp/8/3B3Q/3p1B2/4P3/PPP2PP1/RN2K1N1 b KQkq - 0 1,d8a5 b2b4 a5b4 c2c3 b4b2 h5f7 e8d8 f7g7 h8e8 g7e5,https://lichess.org/training/Bm7nz
BmAle,2r1r1k1/p2q1ppp/bpn2b2/3B4/4N3/1P4P1/P3PP1P/2RQR1K1 b KQkq - 0 1,f6e7 d5f7 g8f8 d1d7,https://lichess.org/training/BmAle
ByG29,r1b1r1k1/ppp1Bppp/2n5/3q4/5P2/2PB1N2/P1P3PP/R2QR1K1 b KQkq - 0 1,e8e7 d3h7 g8f8 d1d5,https://lichess.org/training/ByG29
C1HJg,4Rk2/2p2pp1/p1qb1n1p/8/2B5/5P2/P1QB2KP/8 b KQkq - 0 1,f8e8 c4f7 e8d7 f7e6 d7e6 c2c6,https://lichess.org/training/C1HJg
CdWFH,3k3r/p2q2pp/3b1n2/2pQ2B1/8/8/PPP2PPP/RN2R1K1 w KQkq - 0 1,e1e6 d6h2 g1h1 d7d5,https://lichess.org/training/CdWFH
CeNKV,5r2/4k3/p3pnQ1/2p2nB1/2p1B3/1P4q1/P7/4RK2 b KQkq - 0 1,f5d4 g6g7 e7e8 e4g6,https://lichess.org/training/CeNKV
Ceq0L,2k1r3/3q1p1p/3b2p1/P2p1n2/P2P4/1QP2P2/5BPP/R3R1K1 w KQkq - 0 1,b3d5 e8e1 a1e1 d6h2 g1h2 d7d5,https://lichess.org/training/Ceq0L
Cf3Q0,rn2r1k1/ppp2ppp/8/8/2PP3q/3BnPP1/PP1Q1K2/R6R b KQkq - 0 1,h4d4 d3h7 g8f8 d2d4,https://lichess.org/training/Cf3Q0
CfZew,3rr1k1/pp3ppp/2pb1p2/8/3B4/P2B4/1qPQ1PPP/R3R1K1 b KQkq - 0 1,b2d4 e1e8 d8e8 d3h7 g8h7 d2d4,https://lichess.org/training/CfZew
CqTo1,rn4k1/pbp3pp/1p1p4/5r2/3q4/2PB4/P1P2PPP/R2Q1RK1 b KQkq - 0 1,f5g5 d3h7 g8h7 c3d4,https://lichess.org/training/CqTo1
CzVL6,1rbq1k1r/5ppp/p2b4/2pQ4/1p6/2N1B3/PPP2PPP/4RRK1 w KQkq - 0 1,c3e4 d6h2 g1h1 d8d5,https://lichess.org/training/CzVL6
D1E59,1k1r4/1p3p2/p7/q1b2Q2/8/2N1PNP1/PP3PP1/2K4R w KQkq - 0 1,h1d1 c5e3 f2e3 d8d1 c1d1 a5f5,https://lichess.org/training/D1E59
D8lQJ,r3k2r/ppp1qppp/8/4b3/4n3/N7/PPP1QPPP/R1BR2K1 w KQkq - 0 1,e2e4 e5h2 g1f1 e7e4,https://lichess.org/training/D8lQJ
DEO4n,r2qk2r/1p2n1b1/p2Pbpp1/4p2p/2P5/2NBR3/PP1Q2PP/2K2R2 b KQkq - 0 1,d8d6 d3g6 e8d7 e3d3 d6d3 d2d3,https://lichess.org/training/DEO4n
DGsTJ,r1b2r1k/1p3pp1/pb5p/n2qB2Q/3N4/P7/1PP3PP/R4R1K b KQkq - 0 1,b6d4 h5h6 h8g8 h6g7,https://lichess.org/training/DGsTJ
DGykw,rnb2rk1/ppp2ppp/5n2/8/3q4/3B4/PP3PPP/RNBQR1K1 b KQkq - 0 1,f8e8 e1e8 f6e8 d3h7 g8h7 d1d4,https://lichess.org/training/DGykw
DdICP,rn2kb1r/1b3ppp/p3p3/1p6/3qN3/P2B4/1PP3PP/R1BQ1R1K b KQkq - 0 1,b7e4 d3b5 d4d7 b5d7,https://lichess.org/training/DdICP
DdvQt,1r4k1/Qbq2pbp/4p1p1/8/5P2/2P4P/P2B2P1/R5RK w KQkq - 0 1,a1b1 b7g2 h1h2 c7a7,https://lichess.org/training/DdvQt
DfJWI,4r1k1/pp3pp1/1bp3P1/3p1P1n/3P4/P2Q1B1q/1PR1N3/6K1 b KQkq - 0 1,f7f6 f3d5 g8f8 d3h3,https://lichess.org/training/DfJWI
Djmhn,6k1/pp3p2/6p1/7r/1qB2Q2/1P4P1/Pb3P1P/6K1 b KQkq - 0 1,h5f5 c4f7 g8g7 f4b4,https://lichess.org/training/Djmhn
Dpwyr,r2qk2r/ppp4p/3b1np1/8/3QP3/8/PPP3PP/RNB2RK1 w KQkq - 0 1,c1g5 d6h2 g1h1 d8d4,https://lichess.org/training/Dpwyr
DxFYW,5r2/2R2p1k/p3p1pp/P3n1P1/3qBQ2/8/5PP1/6K1 b KQkq - 0 1,h6g5 e4g6 h7h6 f4d4,https://lichess.org/training/DxFYW
E0jdv,rn4k1/pp3ppp/4rb2/q2B3Q/8/2N5/PPPK1PPP/7R b KQkq - 0 1,e6d6 h5f7 g8h8 f7e8,https://lichess.org/training/E0jdv
E7N2m,4r1k1/1p4p1/p1q2p1p/2brP3/2Q3P1/5N2/PPP2PP1/R3R1K1 w KQkq - 0 1,e5f6 e8e1 a1e1 c5f2 g1f2 c6c4,https://lichess.org/training/E7N2m
E8OJJ,rnb1k2r/pppp1ppp/8/4P3/1qB1nQ2/2B5/P3NPPP/R3K2R b KQkq - 0 1,e4c3 c4f7 e8e7 f4b4,https://lichess.org/training/E8OJJ
E9GBy,3r1rk1/pp3ppp/2n3q1/2Q5/P1B5/1P4B1/2P2PPP/R5K1 b KQkq - 0 1,g6c2 c4f7 g8h8 c5c2,https://lichess.org/training/E9GBy
EF0HN,rnb1k2r/pppp1ppp/8/4P3/1qB1nQ2/2N5/PB3PPP/R3K2R b KQkq - 0 1,e4c3 c4f7 e8e7 f4b4,https://lichess.org/training/EF0HN
EKEqE,r4rk1/pp4pp/8/4qB1Q/3pn3/7P/P1P3P1/R4RK1 b KQkq - 0 1,e4f6 f5h7 g8h8 h5e5,https://lichess.org/training/EKEqE
ER4Mz,r2qr1k1/pp3ppp/2pP4/2n5/2P2p2/3BnN1P/PP1Q1KP1/R3R3 b KQkq - 0 1,d8d6 d3h7 g8h7 f3g5 h7g8 d2d6 c5e4 g5e4,https://lichess.org/training/ER4Mz
ERwyd,rn3rk1/p1q2ppp/1p2p3/2bbN3/8/6P1/PPQ1PPBP/R1BR2K1 w KQkq - 0 1,g2d5 c5f2 g1g2 c7c2,https://lichess.org/training/ERwyd
EYvnn,1rn1q3/4b1pk/p1p1Qn1p/PpP5/1P2PP2/6NP/1B4P1/3RR1K1 w KQkq - 0 1,g3f5 e7c5 b2d4 e8e6,https://lichess.org/training/EYvnn
EZ3iJ,r1b2rk1/pp3p1p/1q2pp2/3p4/3P4/1P1B4/P1P2PPP/R2QK2R b KQkq - 0 1,b6d4 d3h7 g8g7 d1d4,https://lichess.org/training/EZ3iJ
Eb5ht,1r2k1nr/1Pp2pp1/Qbqp3p/8/4P3/5N2/PP3PPP/RN3RK1 w KQkq - 0 1,b1c3 b6f2 g1h1 c6a6,https://lichess.org/training/Eb5ht
Eds3b,r2qk2r/ppp2pp1/3bb2p/8/2BQ2n1/8/PPP2PPP/RNB1R1K1 w KQkq - 0 1,c4e6 d6h2 g1f1 d8d4,https://lichess.org/training/Eds3b
EiMOk,r2qk2r/1pp2pp1/p1pb1n1p/4P1B1/3Q4/5P2/PPP2P1P/RN3RK1 w KQkq - 0 1,e5f6 d6h2 g1g2 d8d4,https://lichess.org/training/EiMOk
EmpoL,r1b1kb1r/1p2pp2/1q1p1n1p/1BpP2p1/4P3/5NB1/PQ3PPP/R3K2R b KQkq - 0 1,c8d7 b5d7 f6d7 b2h8,https://lichess.org/training/EmpoL
EneyK,5b1k/6pp/4P3/3Q3p/3B4/2p5/3q3P/7K b KQkq - 0 1,c3c2 d4g7 h8g8 d5d2,https://lichess.org/training/EneyK
Exs4N,r4rk1/p3q2p/6p1/3pbp2/2pN4/8/PPPBQ1PP/R4RK1 w KQkq - 0 1,d4f3 e5h2 g1f2 h2g3 f2g3 e7e2,https://lichess.org/training/Exs4N
Eyztr,rnb1r1k1/pp3ppp/5B2/2bq4/8/3B1N2/PPP2PPP/R2Q1K1R b KQkq - 0 1,g7f6 d3h7 g8g7 d1d5,https://lichess.org/training/Eyztr
F0A3n,3r1rk1/pQ3ppp/5N2/2b1p3/4P3/1B6/Pq4PP/5R1K b KQkq - 0 1,g7f6 b3f7 g8h8 b7b2,https://lichess.org/training/F0A3n
F1wXA,4k3/1p3pp1/p2P2bp/2pBq3/P7/2P4P/6P1/3Q3K b KQkq - 0 1,e5d6 d5f7 e8e7 d1d6 e7d6 f7g6,https://lichess.org/training/F1wXA
F9oZf,r1b2rk1/p2p1ppp/1np5/6N1/1b1q4/3B4/PP3PPP/R1BQR1K1 b KQkq - 0 1,b4e1 d3h7 g8h8 d1d4,https://lichess.org/training/F9oZf
FVElf,r3k2r/1b1nbppp/p3pn2/1p2N3/3qPB2/3B1P2/PP4PP/R2Q1R1K b KQkq - 0 1,d7e5 d3b5 d4d7 b5d7,https://lichess.org/training/FVElf
Fiz7H,3r1q2/pp3B1k/3P1Qpp/2p5/2P5/8/PP5K/8 b KQkq - 0 1,d8d6 f7g6 h7g8 g6h7 g8h7 f6f8,https://lichess.org/training/Fiz7H
FnAGl,2r2rk1/1p2q1pp/pBPp4/P2Pb3/1P2Q3/5p2/6PP/2R2RK1 w KQkq - 0 1,c6b7 c8c1 f1c1 e5h2 g1h2 e7e4,https://lichess.org/training/FnAGl
Fnzgu,r2r2kR/ppp2pp1/2bn4/8/1q1B1Q2/8/P1P2PPP/R5K1 b KQkq - 0 1,g8h8 f4h6 h8g8 h6g7,https://lichess.org/training/Fnzgu
FpRu0,1r4k1/5R1p/6p1/2pP4/Q2bq3/8/5RPP/5NK1 w KQkq - 0 1,f7b7 d4f2 g1h1 e4a4,https://lichess.org/training/FpRu0
FqZrx,7r/pp1n3k/2p2Pp1/8/7p/1N1B1Q1K/q1r3P1/8 b KQkq - 0 1,a2b3 f3h5 h7g8 h5g6 g8f8 g6g7 f8e8 g7e7,https://lichess.org/training/FqZrx
Fqcwf,k2r2nr/3p1pb1/1Qn5/1BBp3p/6p1/P7/1qPK1PPP/3R3R b KQkq - 0 1,g7h6 d2e1 b2c3 e1f1 c3c5 b6c5,https://lichess.org/training/Fqcwf
Fszrz,1k3r2/ppb3pp/8/8/8/3QBqP1/7P/3R2K1 b KQkq - 0 1,f8d8 e3a7 b8a8 d3f3,https://lichess.org/training/Fszrz
FuogK,3r1k2/1p3pp1/7r/n2b2q1/7p/1P2P2P/4BPP1/3RQ1RK w KQkq - 0 1,e1a5 d5g2 h1h2 g5a5,https://lichess.org/training/FuogK
Fxglo,1k1r4/p1p5/1p5p/4qpp1/4b3/P3Q1P1/1PP2PP1/1K1R3R w KQkq - 0 1,f2f3 d8d1 h1d1 e4c2 b1c2 e5e3,https://lichess.org/training/Fxglo
G4c3h,r4rk1/pp3ppp/8/1q1BQ3/8/5P2/PP3P1P/R5K1 b KQkq - 0 1,a8d8 d5f7 g8h8 e5b5,https://lichess.org/training/G4c3h
G9kqj,4rrk1/1pp2ppp/p2p4/8/3QB1q1/2N5/PP6/2K1R3 b KQkq - 0 1,c7c5 e4h7 g8h8 d4g4,https://lichess.org/training/G9kqj
GEl3f,3r1rk1/2q2ppp/1p2p3/1P6/P3B3/4Q1P1/5PP1/R5K1 b KQkq - 0 1,c7e5 e4h7 g8h8 e3e5,https://lichess.org/training/GEl3f
GFwDs,1r6/2q5/4Bk1p/2b1pPpP/8/3P4/1Q1B1P2/4K1R1 w KQkq - 0 1,b2c2 c5f2 e1d1 c7c2 d1c2 f2g1,https://lichess.org/training/GFwDs
GKH6z,r4rk1/1b2qppp/p2Np3/1p6/1n6/3B1N2/PPP2PPP/R2QR1K1 b KQkq - 0 1,e7d6 d3h7 g8h8 d1d6,https://lichess.org/training/GKH6z
GLzMn,r2q3k/pp4rp/3bbp2/3Q4/2BpP3/3P4/PPP2RPP/R1B3K1 w KQkq - 0 1,d5d4 d6h2 g1f1 d8d4,https://lichess.org/training/GLzMn
Gbaij,r1b2rk1/ppNp1ppp/8/2q5/2B5/P6P/1PQ3P1/5R1K b KQkq - 0 1,c5c7 f1f7 c7d8 f7d7 g8h8 d7d8,https://lichess.org/training/Gbaij
GihMT,4Q3/6pk/7p/5p1N/4b3/4q2P/6P1/6RK w KQkq - 0 1,h5g3 e3g3 e8e4 f5e4,https://lichess.org/training/GihMT
Gq4U0,5r2/p3Q1kp/5p2/4B1p1/6P1/7P/PP3P1K/4q3 b KQkq - 0 1,f8f7 e5f6 g7g6 e7e1,https://lichess.org/training/Gq4U0
Gqwoe,r2q1r1k/ppp3pp/3b4/5p2/2BQn3/2N2b2/PPP2PPP/R1B1R1K1 w KQkq - 0 1,g2f3 d6h2 g1g2 d8d4,https://lichess.org/training/Gqwoe
GxXd5,1r3rk1/3n1ppp/2pP4/p2n4/8/q2B2QP/3R1PP1/4R1K1 b KQkq - 0 1,f8e8 e1e8 b8e8 d3h7 g8h7 g3a3,https://lichess.org/training/GxXd5
H7kHu,1k5r/pp4Rp/2nb1p2/3N4/4r3/1Q2BN1q/PP3P1P/R3K3 b KQkq - 0 1,h3f3 b3b7,https://lichess.org/training/H7kHu
HCHAx,5bqk/P4p2/1Q6/3P1n2/1P1PpP1p/4P3/3Kb3/2B5 w KQkq - 0 1,a7a8q f8b4 d2e2 g8a8 b6f6 f5g7,https://lichess.org/training/HCHAx
HEXfG,3Q4/5kpR/1p2p1r1/p2b4/3q4/5PP1/6KP/5R2 w KQkq - 0 1,d8d7 f7g8 h7g7 d4g7 d7e8 g8h7,https://lichess.org/training/HEXfG
HGI98,r4r2/pppb1B1p/1q1b1Qpk/8/1P1N4/2P1P3/P5PP/R4RK1 w KQkq - 0 1,d4f5 d7f5 f1f5 b6e3,https://lichess.org/training/HGI98
HPac3,rr6/P7/4Q2p/3p1ppk/3Pb3/2R5/4q1PP/6RK w KQkq - 0 1,a7b8q e2g2 g1g2 a8a1 b8b1 a1b1 c3c1 b1c1,https://lichess.org/training/HPac3
HY90d,r5k1/pq3p2/Nb1R1Bbp/6p1/4r1P1/P4N1P/1P2QP2/3R2K1 w KQkq - 0 1,e2b5 b6f2 g1g2 b7b5,https://lichess.org/training/HY90d
HdKVw,rn2kb1r/1b3ppp/p3pn2/1p2q3/3N1B2/2NB4/PPP3PP/R2Q1R1K b KQkq - 0 1,e5d4 d3b5 d4d7 b5d7,https://lichess.org/training/HdKVw
Hi4kP,2r3k1/5pp1/Qb3q2/1N5p/1P2P1b1/P5P1/5PBP/5RK1 w KQkq - 0 1,e4e5 b6f2 g1h1 f6a6,https://lichess.org/training/Hi4kP
HiVTt,r2qk2r/1b2bppp/p3pn2/1p2n3/3NPB2/2NB4/PP3PPP/R2QR1K1 b KQkq - 0 1,d8d4 d3b5 d4d7 b5d7,https://lichess.org/training/HiVTt
HmsC6,8/2k2p1p/3p2p1/2p5/2P2P2/P2P1qPP/1P3b1K/R1B1Q3 w KQkq - 0 1,e1f1 f2g3 h2g1 g3h2 g1h2 f3f1,https://lichess.org/training/HmsC6
IBg6z,5rk1/5pp1/4p3/1Q1b2q1/7p/2PP3P/5PP1/4RN1K w KQkq - 0 1,f1e3 d5g2 h1h2 g5b5,https://lichess.org/training/IBg6z
IDTGP,8/p4qpk/2p4p/5b2/3P4/1P3P1P/P2Q2K1/5R2 w KQkq - 0 1,d2f4 f5h3 g2g3 f7f4,https://lichess.org/training/IDTGP
IHXt7,r4r1k/pp2bqpp/8/2P2p1N/1P6/5Q2/P5PP/3RR1K1 w KQkq - 0 1,f3b7 e7c5 g1h1 f7b7,https://lichess.org/training/IHXt7
IUbgq,r3k2r/p2p1p2/6pp/QB2q3/8/4P1P1/PP3Pb1/1K1R3R b KQkq - 0 1,g2h1 b5d7 e8f8 a5e5,https://lichess.org/training/IUbgq
IdVIh,r3r2k/7p/pR1pq3/2p1b3/2P1QB2/8/P6P/4R2K b KQkq - 0 1,e6g4 f4e5 e8e5 e4a8 g4g8 a8g8,https://lichess.org/training/IdVIh
Ig1VS,2kr3r/ppp2ppp/8/8/3p1Pb1/3P4/PPPQ2Bq/R1K1R3 b KQkq - 0 1,d8e8 e1e8 h8e8 g2b7 c8b8 d2h2,https://lichess.org/training/Ig1VS
IiWH8,r3kb1r/1bp2ppp/p3pn2/1p6/3q4/P1NB1P2/1PP3PP/R1BQ1R1K b KQkq - 0 1,f8e7 d3b5 d4d7 b5d7,https://lichess.org/training/IiWH8
IilZi,1rbkr3/p1p2ppp/2Qbq3/8/8/4B3/PPP2PPP/RN1R2K1 w KQkq - 0 1,e3a7 e6e1 d1e1 e8e1,https://lichess.org/training/IilZi
ItAhn,r4rk1/p1p2ppp/2p1b3/6N1/3q2n1/1P1B4/P1P3PP/R2Q1R1K b KQkq - 0 1,g4f2 f1f2 d4f2 d3h7 g8h8 d1h5 e6g4 h5g4,https://lichess.org/training/ItAhn
IyncD,4rrk1/pp3ppp/2pb3q/3p3B/3Pb2Q/P3P1P1/1P1B3P/R4RK1 b KQkq - 0 1,g7g5 h5f7 g8g7 h4h6 g7h6 f7e8,https://lichess.org/training/IyncD
J0HLu,8/p1Q2pk1/3bp1pp/1r6/2Pq4/1P1P4/P4PPP/R4RK1 w KQkq - 0 1,c7d8 d6h2 g1h2 b5h5 h2g3 d4d8,https://lichess.org/training/J0HLu
J2xwh,r5k1/1bp1Np1n/p1n4q/1p2p2B/4P2Q/P6P/1PP2PP1/3R2K1 b KQkq - 0 1,c6e7 h5f7 g8g7 h4e7,https://lichess.org/training/J2xwh
J3COi,3r4/pp4P1/2b1P2k/5pb1/3Q1N1q/7P/PP5K/5RR1 w KQkq - 0 1,d4d8 g5f4 f1f4 h4f4 g1g3 f4f2 g3g2 f2g2,https://lichess.org/training/J3COi
J3LZD,5rk1/5p2/Q3p1p1/7p/1P1b2q1/P7/5PBP/3R1RK1 w KQkq - 0 1,a6c4 d4f2 g1h1 g4c4,https://lichess.org/training/J3LZD
J3N3O,r6k/pp3p2/1bp2P1q/3pr1pB/2p3R1/P5PQ/1P5P/5R1K b KQkq - 0 1,h8g8 h5f7 g8h7 h3h6 h7h6 h2h4,https://lichess.org/training/J3N3O
J4unV,r1b2rk1/ppp2ppp/2n5/3qP3/8/2PBPN2/P4PPP/R2Q1RK1 b KQkq - 0 1,c6e5 d3h7 g8h8 d1d5,https://lichess.org/training/J4unV
JCZKd,5R2/p5pp/7r/2P1qpk1/1P2b3/P6P/4Q1P1/6RK w KQkq - 0 1,e2e3 f5f4 f8f4 e5f4 e3f4 g5f4,https://lichess.org/training/JCZKd
JPUc1,6k1/5bpp/8/8/p1pq4/P7/1PB2QPP/6K1 b KQkq - 0 1,d4b2 c2h7 g8h8 f2b2,https://lichess.org/training/JPUc1
JPUdy,2k3r1/pRp4p/2nb2q1/8/2Q1p3/P1PP2BP/5PPK/5R2 w KQkq - 0 1,c4c6 d6g3 h2h1 g6c6,https://lichess.org/training/JPUdy
JfaFJ,3b2Rk/1n6/p2p1r1n/8/1PQBq3/8/PK6/6R1 b KQkq - 0 1,h6g8 c4g8,https://lichess.org/training/JfaFJ
K6FTV,3Q4/5pkp/8/4b2q/8/4R3/PP3P1P/6K1 w KQkq - 0 1,d8d5 e5h2 g1g2 h5d5,https://lichess.org/training/K6FTV
KA8fW,6n1/6k1/p2p1rpp/2pP4/2P2B2/1KQB1qP1/P7/8 b KQkq - 0 1,g7f7 d3g6 f7g7 c3f3,https://lichess.org/training/KA8fW
KBTq3,r1bqkb1r/5ppp/p3pn2/1pn1R3/3N4/2NB4/PPP2PPP/R1BQ2K1 b KQkq - 0 1,d8d4 d3b5 d4d7 b5d7,https://lichess.org/training/KBTq3
KF1Qr,r1bq1rk1/1p3ppp/p1nPp3/8/8/R2B1N2/2P2PPP/3Q1RK1 b KQkq - 0 1,d8d6 d3h7 g8h8 d1d6,https://lichess.org/training/KF1Qr
KHSaC,r1b1qrk1/ppp3pp/2p2n2/4b3/3PN3/8/PPP1QPPP/R1B2RK1 w KQkq - 0 1,e4f6 e5f6 e2e8 f8e8,https://lichess.org/training/KHSaC
KMo9m,r1br4/1pq2kp1/p1n1pp1p/4p3/P1B1R2N/8/1PQ2PPP/R5K1 b KQkq - 0 1,c6d4 e4d4 e5d4 c4e6 c8e6 c2c7,https://lichess.org/training/KMo9m
Kb59J,r1bq2k1/pp2rppp/3N1n2/2n1p3/1P5P/2PBP1B1/P4PP1/1R1QK2R b KQkq - 0 1,d8d6 d3h7 g8f8 d1d6,https://lichess.org/training/Kb59J
Kc4Jt,r3k2r/pp1q2pp/3bp3/8/2Bpp3/P3N3/1PP3PP/R2Q1RK1 w KQkq - 0 1,d1d4 d6h2 g1h1 d7d4,https://lichess.org/training/Kc4Jt
KfyvL,6k1/Rq3pp1/1pN2n1p/6r1/2B2n2/1P3P2/1bQ2P1P/7K b KQkq - 0 1,b7c6 c4f7 g8h8 c2c6 g5c5 c6a8,https://lichess.org/training/KfyvL
KoQDE,rn1qk2r/1b2bppp/p3pn2/1p2R3/3N4/P1NB4/1PP2PPP/R1BQ2K1 b KQkq - 0 1,d8d4 d3b5 d4d7 b5d7,https://lichess.org/training/KoQDE
KpCjo,1r5k/pr4pp/8/2p5/2Q1pN1P/P1B1PbPK/2q5/5R2 b KQkq - 0 1,h7h5 c3g7 h8g7 f4h5 f3h5 c4c2,https://lichess.org/training/KpCjo
LIBGK,2k3r1/2p2p1p/p1pp4/6bq/2P2P2/6B1/PPPQr2P/2KR3R w KQkq - 0 1,d2a5 g5f4 c1b1 h5a5,https://lichess.org/training/LIBGK
LJPps,1knr3r/ppq1bp2/8/PN1pP2p/8/2P1B3/3N1Pp1/R3Q1K1 b KQkq - 0 1,c7e5 e3a7 b8a8 e1e5,https://lichess.org/training/LJPps
LKo6W,r3k2r/4qp1p/2p1bp2/8/p2R4/1BP5/P1P1QPPP/1K5R w KQkq - 0 1,b3a4 e6a2 b1c1 e7e2,https://lichess.org/training/LKo6W
LLSCz,r4rk1/pp1b2pp/2p1p3/3p2q1/3Q2BP/2P1PP2/PP6/R4RK1 b KQkq - 0 1,g5h4 g4e6 g8h8 d4h4,https://lichess.org/training/LLSCz
LMETt,2kr3r/pppqn2p/3bpp2/8/7N/2N5/PPP2PPP/R2Q1RK1 w KQkq - 0 1,d1d4 d6h2 g1h1 d7d4,https://lichess.org/training/LMETt
LZXuo,r1b2rk1/pp3p1p/4pp2/3p4/2PN4/P1qB4/4KPPP/R2QR3 b KQkq - 0 1,c3d4 d3h7 g8g7 d1d4,https://lichess.org/training/LZXuo
LaKUJ,2r2r1k/pp3Rp1/4Q1Pp/3pB3/3P4/P1P5/4q1P1/7K b KQkq - 0 1,f8f7 e6c8 f7f8 c8f8,https://lichess.org/training/LaKUJ
Lnpo6,r1b1r1k1/p1p2ppp/5B2/2bq4/8/3B4/PPP2PPP/R2Q1RK1 b KQkq - 0 1,g7f6 d3h7 g8g7 d1d5,https://lichess.org/training/Lnpo6
MDvDp,7k/2p1n1p1/7p/p3p2q/P5nb/2PPBQ2/5P2/3RR1K1 w KQkq - 0 1,f3h3 h4f2 g1g2 h5h3 g2h3 g4e3 e1e3 f2e3,https://lichess.org/training/MDvDp
MFTwD,r4r1k/p5pp/1q1bQn2/n3N3/3P4/8/PP3PPP/RNB2RK1 w KQkq - 0 1,e5f7 f8f7 e6f7 a8f8 f7f8 d6f8,https://lichess.org/training/MFTwD
MLT9V,r1b2rk1/ppp2p1p/3q1p2/8/2N5/2PB2b1/PP4P1/R2Q1R1K b KQkq - 0 1,d6d5 d3h7 g8g7 d1d5,https://lichess.org/training/MLT9V
MQq1S,4r1k1/pp3ppp/5q2/2p2b2/3p1Q2/PB1P4/1PP2PPP/R4K2 w KQkq - 0 1,a1e1 f5d3 c2d3 e8e1 f1e1 f6f4,https://lichess.org/training/MQq1S
MpOGs,r1b2rk1/2q2ppp/pp2p3/3pN1b1/2nP4/P3PR2/1PB1N1PP/R1Q3K1 b KQkq - 0 1,c4e5 c2h7 g8h8 c1c7,https://lichess.org/training/MpOGs
Mwogp,3r1rk1/pp3pp1/2p2b1p/8/2Bq4/1P3PP1/P1Q3KP/4RR2 b KQkq - 0 1,d4c5 c4f7 g8h8 c2c5,https://lichess.org/training/Mwogp
N87NA,r1b2rk1/ppp2ppp/8/5qN1/Pb5P/3BpP2/6P1/2RQ1RK1 b KQkq - 0 1,f5d5 d3h7 g8h8 d1d5,https://lichess.org/training/N87NA
NAsXo,6k1/2Q3p1/p4p2/1p1bpP1p/1P1q3N/P6P/2Pr2P1/6RK w KQkq - 0 1,c7d8 g8h7 h4f3 d5f3,https://lichess.org/training/NAsXo
ND9xP,rnb2rk1/pp2bppp/3p4/3qp1B1/8/3B1N2/PPP2PPP/R2QK2R b KQkq - 0 1,e7g5 d3h7 g8h8 d1d5,https://lichess.org/training/ND9xP
NDKet,rn2r2k/p1pq2pp/1p1b1p2/8/2QP3B/2P2N2/P4PPP/1R2R1K1 w KQkq - 0 1,c4d5 e8e1 b1e1 d6h2 g1h2 d7d5,https://lichess.org/training/NDKet
NM8Zx,1k1r1b1r/np4pp/P2p1p2/3Np3/2P1P1q1/Q3B3/P4P2/R4R1K b KQkq - 0 1,g4f3 h1h2 f3h5 h2g3,https://lichess.org/training/NM8Zx
NOc4u,rn2kr2/ppp2N1p/7b/3B4/3PP3/5Pq1/PPP1K1b1/RN4QR w KQkq - 0 1,h1h6 g2f3 e2f1 f3e2 f1e2 g3g1,https://lichess.org/training/NOc4u
NTQmS,r4rk1/p4p1p/1qp1bR2/8/1b6/3B4/P5PP/RN1Q3K b KQkq - 0 1,b6d4 d3h7 g8h8 d1d4,https://lichess.org/training/NTQmS
NUM9W,r2q1rk1/ppp2ppp/3b1n2/6B1/2Bn4/2N2P2/PP3P1P/R2QR1K1 w KQkq - 0 1,d1d4 d6h2 g1g2 d8d4,https://lichess.org/training/NUM9W
Ng1NV,2r2rk1/pp3p1p/2q1bp2/8/3Qp3/2P2P2/PP4PP/1K1R1B1R w KQkq - 0 1,d4f6 e6a2 b1a1 c6f6,https://lichess.org/training/Ng1NV
NlGlH,rnbq1rk1/pp3Npp/8/2pB4/4P3/8/P1P3PP/bN1Q1RK1 b KQkq - 0 1,f8f7 d5f7 g8h8 d1d8,https://lichess.org/training/NlGlH
NrbAD,1Q1b3k/pb4pp/1q2r2r/2N2P2/3p4/P3p2P/1PP3P1/4RR1K w KQkq - 0 1,f5e6 b7g2 h1g1 g2f1,https://lichess.org/training/NrbAD
O0Py3,1q2kbr1/pBr1Bp2/2p1p1pp/3pP3/8/1Q6/PP3PPP/2R2RK1 b KQkq - 0 1,f8e7 b7c6 e8f8 b3b8,https://lichess.org/training/O0Py3
O4pQn,4Q3/6pk/R1p4p/1pB2p2/3Pb3/4q2P/P5P1/5R1K w KQkq - 0 1,a6c6 e3h3 h1g1 h3g2,https://lichess.org/training/O4pQn
OEqZ5,r3kbnr/ppp1p1pp/4b3/4q3/3nB3/2N1Q3/PPPP1PPP/R1B2RK1 b KQkq - 0 1,c7c6 e4g6 h7g6 e3e5,https://lichess.org/training/OEqZ5
OHJVh,4r1k1/p4ppp/8/6b1/1QBq4/4p2P/P5P1/5R1K b KQkq - 0 1,e8f8 f1f7 f8f7 c4f7 g8f7 b4d4,https://lichess.org/training/OHJVh
OIpvJ,r5k1/2q3pp/r2p1p2/pQbRp3/8/2P1P1B1/PP3PPP/2KR4 w KQkq - 0 1,b5c4 c5e3 c1b1 c7c4,https://lichess.org/training/OIpvJ
OKqeH,5rk1/Qb2qppp/p7/4p3/8/1NP4n/PP2BPPP/R4RK1 w KQkq - 0 1,g1h1 b7g2 h1g2 h3f4 g2h1 e7a7,https://lichess.org/training/OKqeH
OXGzG,r4rk1/5pp1/p1np3p/8/4P3/qB1Q1P2/P5PP/R4RK1 b KQkq - 0 1,c6e5 b3f7 g8h8 d3a3,https://lichess.org/training/OXGzG
OXNR5,5N1k/ppp3p1/3nQ2p/5p2/3Pb3/2P1q2P/PP4P1/5B1K w KQkq - 0 1,e6e7 e3f2 h1h2 f2f1 f8g6 h8h7,https://lichess.org/training/OXNR5
OXgEH,5rk1/2Rb1p1p/B2P2p1/3Qb1q1/P7/8/6PP/5RK1 w KQkq - 0 1,c7d7 e5h2 g1h1 g5d5,https://lichess.org/training/OXgEH
OdHqn,r4bk1/p2Q1p2/6p1/3BP2p/P4P2/1q6/2R5/3K4 b KQkq - 0 1,b3d3 c2d2 d3f1 d1c2 f1f4 d5a8,https://lichess.org/training/OdHqn
OfXJd,1r4k1/p2p2pp/brp1p1n1/8/2Pq1pR1/B2B3P/P2Q2PK/3R4 b KQkq - 0 1,g6e5 d3h7 g8h8 d2d4,https://lichess.org/training/OfXJd
OmOlt,2r3r1/1b3RP1/1qk1p3/3p4/1p4Q1/2B5/1PP3B1/2K5 b KQkq - 0 1,b6g1 f7f1 g1e3 c3d2,https://lichess.org/training/OmOlt
OqLaw,r1b2q1r/pp6/3k1B2/n3p3/3bP3/3P1Q2/PP3PPP/R4RK1 b KQkq - 0 1,h8h6 f6e5 d6e7 f3f8 e7f8 e5d4,https://lichess.org/training/OqLaw
OqcWs,3q1rk1/4rpp1/3b1n1p/8/p1B5/P4P2/1B2QP1P/2R1R1K1 w KQkq - 0 1,e2d2 d6h2 g1g2 d8d2,https://lichess.org/training/OqcWs
OtKjS,3r2k1/pp4pp/8/8/Q2b2q1/P7/1P3PPP/R2R2K1 w KQkq - 0 1,a1b1 d4f2 g1h1 g4a4 d1d8 g8f7,https://lichess.org/training/OtKjS
Ouuiw,8/p6k/6p1/3n3p/3b4/5Q2/PP1q1P1P/R5K1 w KQkq - 0 1,f3d5 d4f2 g1f1 d2d5,https://lichess.org/training/Ouuiw
OyUBq,r6k/1p1b3R/p3p1pB/3rP3/7b/q2B1Q2/P4PP1/3R2K1 b KQkq - 0 1,h8h7 f3f7 h7h6 f7g6,https://lichess.org/training/OyUBq
OyyFA,1Q6/R6p/6pk/1p3p2/3qb3/8/PPr3PP/4R2K w KQkq - 0 1,b8f4 g6g5 a7a6 h6h5,https://lichess.org/training/OyyFA
OzCs3,r5k1/1pQ2p1p/3b4/1P1q1p2/3P2p1/4P3/5PPP/B4RK1 w KQkq - 0 1,c7d7 d6h2 g1h1 d5d7,https://lichess.org/training/OzCs3
P91il,1Q1r4/7p/1R1bkp2/3q4/8/5N2/5PPP/6K1 w KQkq - 0 1,b8d8 d5d1 f3e1 d1e1,https://lichess.org/training/P91il
PAbbZ,r2q2k1/p5pp/2pbr3/1p6/3Q1P2/4N3/PPPP2PP/R1B2RK1 w KQkq - 0 1,f4f5 d6h2 g1h2 e6h6 h2g3 d8d4,https://lichess.org/training/PAbbZ
PDt2U,r1b2rk1/ppp2ppp/2n5/3qP3/8/2PB1N2/P4PPP/R2Q1RK1 b KQkq - 0 1,c6e5 d3h7 g8h8 d1d5,https://lichess.org/training/PDt2U
PSOIQ,r2qk2r/ppp2ppp/3b4/1N1Q4/4n3/5n2/PPP2PPP/RNB1R1K1 w KQkq - 0 1,g2f3 d6h2 g1g2 d8d5,https://lichess.org/training/PSOIQ
PSWNn,rnbqkb1r/2p1nppp/p3p3/1p4B1/3PP3/2NB4/PPP3PP/R2QK1NR b KQkq - 0 1,d8d4 d3b5 e7c6 d1d4,https://lichess.org/training/PSWNn
PXL0R,rnb1r1k1/ppp3pp/5q2/3p3P/P7/2PB1Q2/2P2PP1/R1B2K1R b KQkq - 0 1,f6c3 d3h7 g8h8 f3c3,https://lichess.org/training/PXL0R
PXvre,2r3k1/5p1p/3Q2p1/2p5/3bP3/pP1q4/P3RPPP/5RK1 w KQkq - 0 1,f1e1 d4f2 g1h1 d3d6,https://lichess.org/training/PXvre
PpfoO,4r2k/p5pp/1p6/2p5/2Qbq3/4B1PP/PP3P2/4R1K1 w KQkq - 0 1,e3d2 d4f2 g1f2 e8f8 f2g1 e4c4,https://lichess.org/training/PpfoO
Pq184,3r1rk1/ppp1qppp/2n1bb2/8/7P/3B1N2/PPPBQPP1/1K1R3R w KQkq - 0 1,d3h7 g8h7 f3g5 h7g8,https://lichess.org/training/Pq184
PzcwP,2b2q2/3pnBnk/1p3Qpp/p4p2/P1P4N/6P1/1B3P1P/6K1 b KQkq - 0 1,g7h5 f7g6 e7g6 f6g6,https://lichess.org/training/PzcwP
Q4gdw,r2qk2r/1b2bppp/p3pn2/1pn1P1B1/3N4/P1NB3P/1PPQ2P1/R3K2R b KQkq - 0 1,d8d4 d3b5 f6d7 d2d4,https://lichess.org/training/Q4gdw
QJ16q,1r3rk1/pp1n1p1R/3p2p1/6P1/3N2b1/1Q1Bq1P1/PP4P1/1K3R2 b KQkq - 0 1,g8h7 d3g6 f7g6 f1h1 h7g7 b3e3,https://lichess.org/training/QJ16q
QOnMd,r3r1k1/pQ1p1ppp/4pn2/1pb1q1N1/8/2P3P1/PP3PBP/R1B2RK1 w KQkq - 0 1,b7b5 c5f2 g1h1 e5b5,https://lichess.org/training/QOnMd
QQGMN,2kr2n1/ppp2pQ1/1bnp4/3Np2p/2B1P1b1/7P/PPPPN1q1/R1BK3R w KQkq - 0 1,h1g1 g2g1,https://lichess.org/training/QQGMN
QSYyN,r3r1k1/pp3ppp/2n5/2bq4/4p3/P2B1N1P/1PP2P2/R1BQR1K1 b KQkq - 0 1,e4f3 e1e8 a8e8 d3h7 g8h7 d1d5,https://lichess.org/training/QSYyN
QYfDS,rn2kb1r/1b1pnpp1/p3P2p/1p6/3qP3/2NB4/PPP3PP/R1BQ1R1K b KQkq - 0 1,d7e6 d3b5 d4d7 b5d7,https://lichess.org/training/QYfDS
QgvGS,r4rk1/pb1q2pp/np2p3/2p1P3/1P4R1/P2B4/2P2P1P/R1BQK3 b KQkq - 0 1,b7f3 d3h7 g8h8 d1d7,https://lichess.org/training/QgvGS
Qluxb,r4rk1/ppp2pp1/8/2qB2Q1/8/8/PPP3PP/5R1K b KQkq - 0 1,c7c6 f1f7 f8f7 d5f7 g8f7 g5c5,https://lichess.org/training/Qluxb
R5I8K,r4kr1/pp6/1qb1p3/5pBp/P1p4P/2P5/1P2QRP1/5R1K w KQkq - 0 1,e2e6 c6g2 h1g1 b6e6,https://lichess.org/training/R5I8K
R8LcF,r1b1r1k1/pp3ppp/8/3p4/3q2n1/P2B4/1PPQ2PP/RN2R2K b KQkq - 0 1,g4f2 d2f2 e8e1 f2e1,https://lichess.org/training/R8LcF
RQxJD,r2q1rk1/ppp2pp1/3b3p/8/1PBQ4/6Pb/P1P2P1n/RNB1R1K1 w KQkq - 0 1,g1h2 d6g3 h2h3 d8d4,https://lichess.org/training/RQxJD
Rn8qL,r1b2rk1/ppp2ppp/8/3q4/3n1R2/P2B4/1P4PP/R2Q2K1 b KQkq - 0 1,d4e6 d3h7 g8h8 d1d5,https://lichess.org/training/Rn8qL
Rnonw,r2r2k1/pp3ppp/2n5/2qB3Q/4P3/2p5/P5PP/2R2R1K b KQkq - 0 1,g7g6 d5f7 g8g7 h5c5,https://lichess.org/training/Rnonw
RyRGt,r2q1rk1/ppp2ppp/8/2nNP1b1/6b1/3B1N2/PPP3PP/R2Q1RK1 b KQkq - 0 1,d8d5 d3h7 g8h8 d1d5,https://lichess.org/training/RyRGt
SAHex,r5k1/p3Bp1p/2Q3p1/8/2B1P3/2q2P1b/P2RKP1b/8 b KQkq - 0 1,a8c8 d2d8 c8d8 c4f7 g8f7 c6c3,https://lichess.org/training/SAHex
SFA4I,5rk1/pp2q1p1/2pp1n1p/8/1PPpBP2/r2P2P1/P3Q2P/R4RK1 b KQkq - 0 1,d6d5 e4h7 g8f7 h7g6 f7g6 e2e7,https://lichess.org/training/SFA4I
SN4UP,4kr2/p1pb2pp/Q2b1q2/8/4p2r/3PB3/PPPN1PPP/R3R1K1 w KQkq - 0 1,d2e4 d6h2 g1f1 f6a6,https://lichess.org/training/SN4UP
SNamy,5rk1/5pp1/2n3P1/1p2p2p/1q1pP2P/1B4Q1/2P5/K4R2 b KQkq - 0 1,b4a3 a1b1 f8a8 b3f7,https://lichess.org/training/SNamy
SPPM5,3q1Bk1/5p1p/6p1/3B1b2/8/6P1/Pbn2P1K/3QR3 b KQkq - 0 1,c2e1 d5f7 g8f8 d1d8,https://lichess.org/training/SPPM5
SY73B,3r1k2/ppp1q1p1/7p/4b3/4r3/1P2P3/PBQ2PPP/R2R2K1 w KQkq - 0 1,c2e4 d8d1 a1d1 e5h2 g1h2 e7e4,https://lichess.org/training/SY73B
T03SR,rn1q3r/1bp2kpp/p4n2/1p2N1B1/8/3B4/PPP2PPP/R2Qb1K1 b KQkq - 0 1,f7g8 d3c4 b7d5 g5f6 e1f2 g1h1 g7f6 c4d5,https://lichess.org/training/T03SR
T4EyR,rn1qkbnr/1b3ppp/p3p3/1p6/3NP3/2NB4/PP3PPP/R1BQ1RK1 b KQkq - 0 1,d8d4 d3b5 d4d7 b5d7,https://lichess.org/training/T4EyR
T5kr0,r1b1r1k1/3p1p1p/pp1B2p1/4b3/PP5Q/2qB4/2P2PPP/R3R1K1 w KQkq - 0 1,h4f6 c3a1 e1a1 e5f6,https://lichess.org/training/T5kr0
TGC7o,2r1q3/1p2B1kp/4Qpp1/4pr2/p3N3/P3P3/5PPK/8 b KQkq - 0 1,c8c6 e7f6 g7f8 f6g7 f8g7 e6e8,https://lichess.org/training/TGC7o
TfVY5,4r2k/6pp/1pqp4/2b5/P1Q5/8/2P2PPP/1R3RK1 w KQkq - 0 1,f1e1 c5f2 g1f2 e8f8 f2g1 c6c4,https://lichess.org/training/TfVY5
TiBZh,1k4rr/ppp5/4Np2/PP1qbQp1/2R4p/4P3/5PPP/2R3K1 w KQkq - 0 1,e6c7 e5h2 g1f1 d5f5,https://lichess.org/training/TiBZh
TigC7,8/8/7p/p4Qpk/2P2BP1/PP3q2/4r3/6K1 b KQkq - 0 1,h5h4 f4g5 h4g3 g5h4 g3h3 f5f3,https://lichess.org/training/TigC7
TpzVW,6k1/pp3p1p/2nr2p1/2q5/2B2Pb1/1PQ5/P1P3PP/4R2K b KQkq - 0 1,d6d1 e1d1 g4d1 c4f7 g8f7 c3c5,https://lichess.org/training/TpzVW
TwFTr,rn1q1rk1/ppp3pp/3bpn2/8/3Q4/5N2/PPP2PPP/RNB2RK1 w KQkq - 0 1,f3g5 d6h2 g1h1 d8d4,https://lichess.org/training/TwFTr
U1QJ5,4r1k1/Q2b2qp/8/2pP4/1pP3P1/1P2pR1K/4B1P1/8 w KQkq - 0 1,f3g3 g7h6,https://lichess.org/training/U1QJ5
U8OdJ,r4rk1/1p1q1ppp/p2b4/2pQ4/8/4P3/PP1P1PPP/R1B1K2R w KQkq - 0 1,e1g1 d6h2 g1h1 d7d5,https://lichess.org/training/U8OdJ
U9sLP,r3k1nr/p3ppbp/1qp3p1/4n3/Q1B1P3/2N5/P2BKP1P/1R5R b KQkq - 0 1,b6d4 c4f7 e5f7 a4c6 d4d7 c6a8,https://lichess.org/training/U9sLP
UPbBP,4q1k1/p4pp1/1p5p/3Nb3/1P2Q3/P3P1Pb/5r1P/2R1R1K1 w KQkq - 0 1,g1f2 e5g3 f2f3 h3g2 f3g2 e8e4,https://lichess.org/training/UPbBP
UQVRf,2r5/pp2q1k1/7p/4b1pR/8/4Q3/PP1B2PP/6K1 w KQkq - 0 1,d2c3 c8c3 b2c3 e5h2 g1f1 e7e3,https://lichess.org/training/UQVRf
UqI1n,r3r1k1/pb3ppp/1p6/3qbQ2/3N4/1P2P3/PB3PPP/3R1RK1 w KQkq - 0 1,d4f3 e5h2 g1h1 d5f5,https://lichess.org/training/UqI1n
UwHWC,1k1r2r1/p3qp1p/PpB2n2/2ppb3/4P3/2P5/1P2QPPP/R1B2RK1 w KQkq - 0 1,e4d5 e5h2 g1h2 f6g4 h2g1 e7e2,https://lichess.org/training/UwHWC
V6M4M,r1b1r1k1/ppp2p1p/3P4/2q2p2/2B2P2/8/P1Q3PP/4RR1K b KQkq - 0 1,e8e1 f1e1 c8e6 e1e6,https://lichess.org/training/V6M4M
VF6AB,5rk1/Qb3qp1/1p5p/2p5/8/2P5/PPB1RbPP/R4NK1 w KQkq - 0 1,g1h1 b7g2 h1g2 f7f3,https://lichess.org/training/VF6AB
VKkQy,1n1qk2r/2r2ppp/p2b4/1p1Q4/3N4/4B3/PPP2PPP/R4RK1 w KQkq - 0 1,d4f5 d6h2 g1h1 d8d5,https://lichess.org/training/VKkQy
VUPsO,1k1r3r/ppp3p1/3bp3/3P1p1p/8/1q2BQPP/2b1NP1K/R6R b KQkq - 0 1,c2e4 e3a7 b8c8 f3b3,https://lichess.org/training/VUPsO
VXjfR,r3k2r/1pp2p2/2qp3p/4p1p1/pPB1P3/P2P1PBP/5P2/1KQ5 b KQkq - 0 1,b7b5 c4f7 e8d7 f7e6 d7e6 c1c6,https://lichess.org/training/VXjfR
VbIOn,6k1/pp3p1p/5qp1/1Q1R4/8/6BP/PP3bPK/5r2 w KQkq - 0 1,b5f1 f2g3 h2g1 g3h2 g1h2 f6f1,https://lichess.org/training/VbIOn
VgKvk,3r2k1/pQ3p1p/6p1/8/3b1q2/8/PP1R1PPP/3R2K1 w KQkq - 0 1,b7b4 d4f2 g1h1 f4b4 d2d8 g8g7,https://lichess.org/training/VgKvk
VmW3s,rn3rk1/1b1q3p/p3N1BQ/3pp3/1b6/2N5/1PP2PPP/R4RK1 b KQkq - 0 1,d7e6 h6h7,https://lichess.org/training/VmW3s
Vo0sA,1q4k1/1b3ppp/r3pn2/8/2pP4/2P1PP2/1Q2B1PP/3KB2R w KQkq - 0 1,e2c4 b7f3 d1c1 a6b6 b2b6 b8b6,https://lichess.org/training/Vo0sA
VrUyv,rn1qkbnr/1b3ppp/p3p3/1p6/3NP3/2NB1P2/PP4PP/R1BQK2R b KQkq - 0 1,d8d4 d3b5 d4d7 b5d7,https://lichess.org/training/VrUyv
W1hHw,1r4rk/7p/RPq3p1/2b1p3/4P3/4Q1PP/4BP2/5RK1 w KQkq - 0 1,e3c3 c5f2 g1g2 c6c3,https://lichess.org/training/W1hHw
WCzFp,r1b2rk1/ppp1Rppp/n2q4/6B1/2Bb4/P6P/1P3PP1/RN1Q2K1 w KQkq - 0 1,c4f7 f8f7 e7e8 f7f8 e8f8 g8f8,https://lichess.org/training/WCzFp
Wbfiz,r4rk1/1p3ppp/pb6/3Q4/2B5/8/Pq3PPP/R4RK1 w KQkq - 0 1,d5b7 b6f2 g1h1 b2b7,https://lichess.org/training/Wbfiz
Wlk1C,5r1k/pp3rp1/4Q2p/4BR2/3Pq2P/P7/2p3P1/2R4K b KQkq - 0 1,f7f5 e6h6 h8g8 h6g7,https://lichess.org/training/Wlk1C
Wq9G8,1r4k1/3n1ppp/p3p3/3p4/3P4/2PB1Q1P/1q3PP1/1R4K1 b KQkq - 0 1,b2c3 b1b8 d7b8 d3h7 g8h7 f3c3,https://lichess.org/training/Wq9G8
WsM2K,r2q2k1/1pp2pp1/p2b3p/8/4r3/2P5/PP3PPP/R1BQR1K1 w KQkq - 0 1,e1e4 d6h2 g1h1 d8d1,https://lichess.org/training/WsM2K
WzHIr,rnb1k2r/ppp3pp/8/1Q1Bqp2/1b2n3/2N2P2/PPPP2PP/R1B1K2R b KQkq - 0 1,c7c6 d5f7 e8f7 b5e5,https://lichess.org/training/WzHIr
X7oIk,r4rk1/1b1q1p1p/p1pP1b2/8/1PP2pP1/P1NB4/6P1/2RQ1RK1 b KQkq - 0 1,d7d6 d3h7 g8g7 d1d6,https://lichess.org/training/X7oIk
X9p54,r3r1k1/1p3ppp/p2N1b2/3B4/Pq2PP2/3Q3P/6P1/3R2K1 b KQkq - 0 1,b4d6 d5f7 g8h8 d3d6,https://lichess.org/training/X9p54
X9qQD,r7/5k2/b1p2p2/p3p1r1/7P/2qB1Q2/P1P3P1/3RRK2 b KQkq - 0 1,g5g6 f3f5 a6d3 d1d3,https://lichess.org/training/X9qQD
XHHOw,rn2k2r/1b2bppp/p3pn2/1p2q3/3N3B/2NB4/PPP3PP/R2Q1R1K b KQkq - 0 1,e5d4 d3b5 d4d7 b5d7,https://lichess.org/training/XHHOw
XNisl,r3r1k1/1Q3pp1/7p/p3n2P/8/1B1b2N1/Pq3PP1/R3R1K1 b KQkq - 0 1,a8b8 b3f7 g8f8 b7b2 e5f3 g2f3 e8e1 a1e1,https://lichess.org/training/XNisl
Xe7dF,2q3k1/1p2pp1p/1n2b1p1/2b5/3NPB2/2QB4/r4PPP/3R2K1 w KQkq - 0 1,d4e6 c5f2 g1f1 c8c3,https://lichess.org/training/Xe7dF
XgM6Z,r3kb1r/pQ1npppp/5n2/1B6/1q4b1/2N1B3/PPP3PP/2K3NR b KQkq - 0 1,a8b8 b7b8,https://lichess.org/training/XgM6Z
XtQ8Q,r1b2rk1/1p1nbppp/p3pn2/P3P1B1/3q4/2NB4/1PP3PP/R2Q1R1K b KQkq - 0 1,d7e5 g5f6 g7f6 d3h7 g8h7 d1d4,https://lichess.org/training/XtQ8Q
XyTTC,r1bqnrk1/p4pbp/6p1/3B4/8/8/PPP2PPP/R1BQR1K1 b KQkq - 0 1,a8b8 d5f7 g8h8 d1d8,https://lichess.org/training/XyTTC
Y0v3S,8/1p2Q3/5ppk/pB1p4/P3bP1p/1N2q2P/6P1/5R1K w KQkq - 0 1,b3c5 e3h3 h1g1 h3g2,https://lichess.org/training/Y0v3S
YGOBX,rn2kb1r/1bp2ppp/p7/1p2P3/3q1Nn1/3B4/PP4PP/RNBQ1R1K b KQkq - 0 1,g4e5 d3b5 d4d7 b5d7,https://lichess.org/training/YGOBX
YP5aE,r3k2r/pppq1pp1/3bb2p/8/3Q2n1/1BN5/PPP2PPP/R1B2RK1 w KQkq - 0 1,b3e6 d6h2 g1h1 d7d4,https://lichess.org/training/YP5aE
YTo2E,r3k2r/1b2bp1p/p2p1np1/1pq1p3/1P2P3/P1NB1QN1/2P2PPP/R4R1K b KQkq - 0 1,c5c3 d3b5 c3c6 b5c6,https://lichess.org/training/YTo2E
YUopk,r4rk1/pR5p/2p1p3/6p1/2Q1Bnq1/8/P1P3P1/4R1K1 b KQkq - 0 1,f4h3 g1h2 g4f4 g2g3 f4f2 h2h3,https://lichess.org/training/YUopk
YahF5,1r4k1/3Q1pbp/6q1/3B2p1/P5N1/3R2P1/1r3P1P/6K1 b KQkq - 0 1,g6d3 d5f7 g8f8 d7d3,https://lichess.org/training/YahF5
YiZ6E,r2q2k1/p1p2rpp/2nb1n2/8/2p1p3/P7/1P2BPPP/RNBQNRK1 w KQkq - 0 1,e2c4 d6h2 g1h1 d8d1,https://lichess.org/training/YiZ6E
Yji6Z,r3r1k1/pbqn1p1p/1p4p1/2p3N1/2BP4/2Q5/PR3PPP/4R1K1 b KQkq - 0 1,c5d4 c4f7 g8g7 c3d4,https://lichess.org/training/Yji6Z
YkBUd,r2q1r1k/ppp3pp/3b2p1/3n4/3P4/1QP5/PP1N1PPP/R1B1R1K1 w KQkq - 0 1,b3d5 d6h2 g1h1 d8d5,https://lichess.org/training/YkBUd
YmUdv,4r1k1/npp2p1p/p4p2/2PP1q2/1P4b1/P2Br1P1/2KQN2R/R7 b KQkq - 0 1,f5d5 d3h7 g8g7 d2d5 e3e2 h2e2,https://lichess.org/training/YmUdv
Z1hYT,6k1/5pp1/p2q3p/1rp5/2Qbr3/P4N1P/1PR2PP1/5RK1 w KQkq - 0 1,c4d3 d4f2 g1h1 d6d3,https://lichess.org/training/Z1hYT
Z51DS,2kr4/Qb1q1rp1/3b4/B1p1p2p/P1BP4/7P/5PP1/R3R2K w KQkq - 0 1,d4e5 d7h3 h1g1 h3g2,https://lichess.org/training/Z51DS
Z6jDT,3r1rk1/1b3pp1/p1p3np/2qnP3/2B5/1P3N2/P1Q2RPP/3R2K1 b KQkq - 0 1,d5b4 c4f7 g8h8 c2c5 d8d1 f2f1,https://lichess.org/training/Z6jDT
ZF4zf,5rk1/pb2n3/1pp1prpp/2q1p3/2B1P3/P6P/R1Q2PP1/1N3RK1 b KQkq - 0 1,b6b5 c4e6 g8g7 c2c5,https://lichess.org/training/ZF4zf
ZLIo5,3r2k1/p4pp1/1p5p/1Qb2q2/8/5N2/PPP2PPP/4R1K1 w KQkq - 0 1,e1e8 g8h7 e8d8 c5f2 g1f2 f5b5,https://lichess.org/training/ZLIo5
ZQrMc,3r2k1/p4ppp/4r3/8/1qB2Q2/1P6/P1P3PP/2K2R2 b KQkq - 0 1,e6f6 c4f7 g8h8 f4b4 f6f1 c1b2,https://lichess.org/training/ZQrMc
ZfMTy,6k1/Q2bq1pp/2pp4/3Pp3/PP4P1/2P1PK1P/8/R3R3 w KQkq - 0 1,d5c6 d7c6 f3g3 e7a7,https://lichess.org/training/ZfMTy
ZgmWi,3k4/p7/6p1/3pQ3/4b3/8/PPP1q3/1KR5 w KQkq - 0 1,b2b3 e4c2 b1b2 e2e5,https://lichess.org/training/ZgmWi
ZhPik,5rk1/1pp2ppp/3p1n2/3P4/1PP2N2/1nQBq3/6PP/5R1K b KQkq - 0 1,b3d2 d3h7 g8h8 c3e3,https://lichess.org/training/ZhPik
ZjUIB,r2q1rk1/6pp/3p4/2nP4/p3Bp2/5N1P/P3QPP1/R5K1 b KQkq - 0 1,d8e7 e4h7 g8f7 h7g6 f7f6 e2c2,https://lichess.org/training/ZjUIB
Zyq1k,1r4k1/p1pQ2p1/3b3p/4PR2/8/7P/PPPq3K/5R2 w KQkq - 0 1,f1f2 d6e5 h2g2 d2d7,https://lichess.org/training/Zyq1k
aGM4T,r3k2r/1b3p2/p3p1p1/1p1pPnq1/3P3p/1PP5/P2NBQPP/R4R1K b KQkq - 0 1,g5d2 e2b5 e8f8 f2d2,https://lichess.org/training/aGM4T
aS74g,2rqk2r/1b2bppp/p3pn2/1pn1R1B1/3N4/2NB1P2/PPPQ2PP/2KR4 b KQkq - 0 1,d8d4 d3b5 d4d7 b5d7,https://lichess.org/training/aS74g
aY5V3,r7/ppp1kpQ1/2np4/2bPp2p/2B3b1/5N2/PPPP2qP/R1BK1R2 w KQkq - 0 1,d5c6 g4f3 d1e1 g2g7,https://lichess.org/training/aY5V3
aqLfw,4rr1k/p5pp/1p6/2p5/2P1nP2/4P3/qB2QR2/3R2K1 b KQkq - 0 1,e4f2 b2g7 h8g7 d1d7,https://lichess.org/training/aqLfw
auT4Z,6k1/6r1/1n1rbq2/pB5p/3pp2N/6Q1/PPP2PP1/1K2R2R w KQkq - 0 1,g3d6 e6a2 b1a1 f6d6,https://lichess.org/training/auT4Z
b4utp,2Q5/p4ppk/5p1p/q3b3/8/P3P3/1PP2PPP/1NK5 w KQkq - 0 1,c8f5 g7g6 b2b4 e5b2 c1b2 a5f5,https://lichess.org/training/b4utp
b7FQX,3q1k1r/p1p3p1/1r1b1n1p/8/6b1/1PPQ4/P3BPPP/RNB1R1K1 w KQkq - 0 1,e2g4 d6h2 g1h1 d8d3,https://lichess.org/training/b7FQX
b7IvI,4rrk1/pp1b2pp/2p5/3p4/3q4/P2B2PP/1P1Q2PK/4RR2 b KQkq - 0 1,f8f1 e1e8 d7e8 d3h7 g8h7 d2d4,https://lichess.org/training/b7IvI
bP4TK,4r3/pQbq4/1p3kpB/5p2/P2n4/8/1PP2PPP/3RR1K1 w KQkq - 0 1,e1e8 d4e2 e8e2 d7d1 e2e1 d1e1,https://lichess.org/training/bP4TK
bSu3X,r2r2k1/1p3pp1/2p4p/P1Q5/2BNbP2/4q2P/PR4PK/2R5 b KQkq - 0 1,e3c1 c4f7 g8h8 c5c1,https://lichess.org/training/bSu3X
bYqPk,r1bqnrk1/ppp1nppp/8/4P1BP/2P5/2PB4/P4PP1/R2QK2R b KQkq - 0 1,f7f6 d3h7 g8h8 d1d8,https://lichess.org/training/bYqPk
beEiN,4r2k/pppq2pp/2nb1p2/3Q4/3P3B/2P2N2/PP4PP/5RK1 w KQkq - 0 1,f1e1 e8e1 h4e1 d6h2 g1h2 d7d5,https://lichess.org/training/beEiN
berFN,1n3rk1/1Q3pp1/4p3/1pb1q2p/8/1B6/PP3PPP/3R1RK1 w KQkq - 0 1,b7b5 c5f2 g1h1 e5b5,https://lichess.org/training/berFN
bnwUV,8/6kp/3b1qp1/6N1/7P/p4QP1/P5PK/8 w KQkq - 0 1,f3c6 d6g3 h2h3 f6c6,https://lichess.org/training/bnwUV
cAQYl,r4rk1/1ppq3p/p1nbR1BQ/3p2p1/3P4/2P5/PP3PPP/RN4K1 b KQkq - 0 1,d7e6 h6h7,https://lichess.org/training/cAQYl
cIhKC,2rq1rk1/1b2bppp/p3p2P/1p4P1/3B2n1/2NB1p2/PPPQ4/2KR3R b KQkq - 0 1,d8d4 d3h7 g8h8 d2d4,https://lichess.org/training/cIhKC
cMIxb,3r4/pp2Rpk1/2p2p1p/2q2b2/5P2/2Br3P/1PQ2PP1/4R1K1 b KQkq - 0 1,d3d1 c3f6 g7g6 c2c5,https://lichess.org/training/cMIxb
cPZLS,r2q1k1r/p1p2pp1/1p1bb2p/8/2BQ2n1/8/PPP2PPP/RNB1R1K1 w KQkq - 0 1,c4e6 d6h2 g1f1 d8d4,https://lichess.org/training/cPZLS
cZtji,6k1/pq5p/1b3pp1/Q7/2p1P3/B2n4/P4PPP/5RK1 w KQkq - 0 1,a5b5 b6f2 g1h1 b7b5,https://lichess.org/training/cZtji
caboa,4r1k1/7p/2p3p1/p7/3qbQ2/1P6/P3R1PP/4R1K1 w KQkq - 0 1,g1h1 e4g2 h1g2 e8e2 e1e2 d4f4,https://lichess.org/training/caboa
cbBzt,5b2/5p1k/4p1p1/p3P2p/5P2/2Q3P1/1PB3KP/2q5 b KQkq - 0 1,f8b4 c2g6 h7g7 c3c1,https://lichess.org/training/cbBzt
ccVHy,2R5/3r1p1k/6pp/3b1Q2/8/P6P/3q2P1/2R4K w KQkq - 0 1,f5d7 d2g2,https://lichess.org/training/ccVHy
cdJT2,r2qk1nr/1bp2pb1/p3p2p/np2N1p1/3BP3/P1NB4/1PP2PPP/R2QK2R b KQkq - 0 1,d8d4 d3b5 b7c6 d1d4,https://lichess.org/training/cdJT2
cq5ef,4rr1k/bB4pp/p2R3q/4B3/bP6/P5Q1/2R2PPP/6K1 b KQkq - 0 1,h6d6 g3g7,https://lichess.org/training/cq5ef
csPOR,r1b1k1r1/ppB2pb1/7p/3n4/1qB4Q/2N1P3/PPP2PP1/R3K3 b KQkq - 0 1,d5c3 h4d8,https://lichess.org/training/csPOR
d1pyY,1r6/1pR2kbp/p5p1/3r4/1q1BQ3/8/P4PPP/6K1 b KQkq - 0 1,f7f8 d4g7 f8g8 e4d5,https://lichess.org/training/d1pyY
d26gn,4n1k1/1r2prbQ/p3p2B/1pp4q/8/2P5/PPB2PPP/4R1K1 b KQkq - 0 1,g8f8 h7h8,https://lichess.org/training/d26gn
d66rj,1rb5/Qp3pk1/4p1pr/4b1q1/4B3/2N2R2/PP3PPP/4R1K1 w KQkq - 0 1,a7c5 e5h2 g1f1 g5c5,https://lichess.org/training/d66rj
dAMvB,r5k1/p1p1b1p1/2p4p/2P5/2QB1q2/P4P2/1P5P/3R3K b KQkq - 0 1,g8h8 d4g7 h8h7 c4f4,https://lichess.org/training/dAMvB
dBHmo,r2qk2r/ppp2pp1/3bpnp1/6B1/2Bn4/2N5/PPP2PPP/R2QR1K1 w KQkq - 0 1,d1d4 d6h2 g1f1 d8d4,https://lichess.org/training/dBHmo
dDswE,4rRk1/pp4Pp/2p1p3/4q3/3rB3/8/PPP1Q2P/7K b KQkq - 0 1,e8f8 e4h7 g8g7 e2e5 g7h7 e5d4,https://lichess.org/training/dDswE
dSjzd,r2k3r/ppp1nQ1p/4pB2/8/3npq1P/8/PPP3P1/R2K4 b KQkq - 0 1,d4c6 f6e7 d8d7 f7f4,https://lichess.org/training/dSjzd
dV4Nl,1r1k4/1Pp1r1Q1/3p2b1/1B2p1q1/6Pp/P2P3P/1PP2b2/R4K1R w KQkq - 0 1,g7g8 e7e8 b5e8 g6d3 c2d3 g5g8,https://lichess.org/training/dV4Nl
ded45,1k1r3r/ppp2p2/8/3P4/4q3/4B3/1P2QKPb/R4R2 b KQkq - 0 1,d8d5 e3a7 b8c8 e2e4,https://lichess.org/training/ded45
dfLIl,3r1rk1/pp3pR1/1n2pn1p/8/2P2P2/P2B3P/qB2Q1PK/8 b KQkq - 0 1,g8g7 e2g4 g7h8 b2f6,https://lichess.org/training/dfLIl
djZMk,r1b1r1k1/p1p1qp1p/2p4n/3pb3/5B2/6P1/PPPNQ1BP/2KR3R w KQkq - 0 1,f4h6 e5b2 c1b1 e7e2,https://lichess.org/training/djZMk
dpooC,8/2Q3pp/p4q2/1p6/k2bR3/8/P1P2PPP/6K1 w KQkq - 0 1,c7c3 f6f2 g1h1 f2f1,https://lichess.org/training/dpooC
dxQhC,rnb1r1k1/ppp2ppp/5n2/8/3q4/2NB4/PPP2PPR/R1BQ1K2 b KQkq - 0 1,f6g4 d3h7 g8h8 d1d4,https://lichess.org/training/dxQhC
eBRhg,3q1bk1/r4pp1/7p/p2B4/Pp1Q2P1/5p1P/1PP1rP2/2KR3R b KQkq - 0 1,a7c7 d5f7 g8f7 d4f4 d8f6 f4c7,https://lichess.org/training/eBRhg
eCnZz,r3r1k1/2pq1ppp/p2b4/1p1Q4/4R3/8/PPP2PPP/RNB3K1 w KQkq - 0 1,e4e8 a8e8 g2g3 e8e1 g1g2 e1c1,https://lichess.org/training/eCnZz
eDqDm,4r3/1QNk2pp/1r1b2q1/p4p2/8/8/PPP2PPP/3RR1K1 w KQkq - 0 1,b7b6 e8e1 d1e1 d6h2 g1h2 g6b6,https://lichess.org/training/eDqDm
eDqQJ,8/1p2rk2/p2Rp1p1/q1P2b2/2BQ4/5p2/PP5r/2K1R3 b KQkq - 0 1,a5a4 c4e6 e7e6 d6d7 a4d7 d4d7,https://lichess.org/training/eDqQJ
eHOkg,r2q1rk1/1p4pp/p1nbp3/8/8/5N2/PPP2PPP/R1BQR1K1 w KQkq - 0 1,e1e6 d6h2 g1h1 d8d1,https://lichess.org/training/eHOkg
ePLJS,5rk1/ppQ2pbp/6p1/8/2Bn1P2/1PB2q2/P1P4P/1K3R2 b KQkq - 0 1,f3c3 c4f7 g8h8 c7c3,https://lichess.org/training/ePLJS
eWxbC,2k2r2/p7/2q2p2/B1b3p1/3pR3/8/PPQ2P1P/4K3 w KQkq - 0 1,b2b4 c5b4 e1d1 c6c2,https://lichess.org/training/eWxbC
elq9L,1r3rk1/5pp1/1bQ4p/p4P2/2B1Ppb1/2qN4/2P3PP/R4R1K b KQkq - 0 1,f8c8 c4f7 g8h8 c6c3,https://lichess.org/training/elq9L
eoWY5,5r2/1b3Rk1/4p1p1/pp2P2p/7P/2qB2Q1/P5P1/7K b KQkq - 0 1,g7f7 d3g6 f7g7 g3c3,https://lichess.org/training/eoWY5
f4zY6,k2r1r2/pp5p/7R/8/2BQ1bq1/3P4/PPPN2PP/R5K1 w KQkq - 0 1,c4d5 f4h2 g1h1 g4d4,https://lichess.org/training/f4zY6
f5TDd,4r3/p2Q1k2/4p1p1/3B1p2/P1pq4/8/1P6/5K2 b KQkq - 0 1,e8e7 d5e6 f7f6 d7d4,https://lichess.org/training/f5TDd
f5mnO,r1b2rk1/pp4pp/4P3/2P5/3q4/3BP3/P5PP/R2Q1RK1 b KQkq - 0 1,f8f1 d1f1 d4e3 g1h1,https://lichess.org/training/f5mnO
fdTVI,r4rk1/ppp2p2/1bn2B1p/4P3/1qB1Q3/5N2/PP4PP/3b3K b KQkq - 0 1,c6e7 e4g4 e7g6 g4g6,https://lichess.org/training/fdTVI
ffC8o,5k1r/1pN2p1p/p2p2p1/6q1/1n2P3/2NK1R2/PPP3b1/R4BQ1 w KQkq - 0 1,d3e2 g2f3 e2f2 g5c5 f2f3 c5g1,https://lichess.org/training/ffC8o
fkuOE,rn3rk1/pp2b2p/2p1p3/4P2N/2pq2n1/2NB3P/PP1Q2P1/R4R1K b KQkq - 0 1,g4f2 f1f2 d4f2 d2h6 f2f7 a1f1,https://lichess.org/training/fkuOE
ftbQl,5rk1/2r2pp1/7p/1Q1Bq3/4P3/6P1/P6P/5R1K b KQkq - 0 1,c7c2 f1f7 f8d8 f7d7 g8h7 d5g8 h7h8 b5e5 d8d7 g8d5,https://lichess.org/training/ftbQl
fuMQd,rnb1r1k1/pp3ppp/3q4/4p3/1PPp4/P2BP3/3Q1PPP/R3NRK1 b KQkq - 0 1,d4e3 d3h7 g8h8 d2d6,https://lichess.org/training/fuMQd
fzCqi,r2qkb1r/1b3ppp/p3pn2/1pn3B1/3NP3/P1NB4/1P3PPP/R2Q1RK1 b KQkq - 0 1,d8d4 d3b5 c5d7 d1d4,https://lichess.org/training/fzCqi
g3cqw,4r1k1/5p1p/p2q4/6p1/1P1b1N2/P2Q4/3B1RPP/6K1 w KQkq - 0 1,f4h3 d4f2 h3f2 d6d3 f2d3 e8d8 d3c5 d8d2,https://lichess.org/training/g3cqw
g619A,6rk/5Q2/4Nb1p/p2p1qp1/P4P2/2P5/1P4R1/2K5 w KQkq - 0 1,f4g5 f5f1 c1c2 f1g2,https://lichess.org/training/g619A
g7swe,r5k1/pppb1ppp/8/3p4/3q4/P2B1P2/2PQ2PP/4R2K b KQkq - 0 1,a8e8 e1e8 d7e8 d3h7 g8h7 d2d4,https://lichess.org/training/g7swe
g9r5R,3rr1k1/1p3ppp/p7/6Q1/3qb3/PB6/1PP1R1PP/4R2K w KQkq - 0 1,g5f4 e4g2 h1g2 e8e2,https://lichess.org/training/g9r5R
gGmiH,r3k2r/pp1q1ppp/3b1n2/8/3Qp3/2N5/PP3PPP/R1B2RK1 w KQkq - 0 1,c3e4 d6h2 g1h1 d7d4,https://lichess.org/training/gGmiH
gS8At,rnb2rk1/2p2ppp/p2p4/1pnN4/4qP2/3B4/PPP3PP/R1BQ1RK1 b KQkq - 0 1,e4d4 c1e3 d4e3 d5e3,https://lichess.org/training/gS8At
gbk4c,2q1r1k1/p4ppp/n5n1/2b5/1pQ5/2P2N2/PP1B1PPP/3R1RK1 w KQkq - 0 1,f1e1 e8e1 d2e1 c5f2 e1f2 c8c4,https://lichess.org/training/gbk4c
gd2Lf,2kr3r/pp5p/6p1/q1b1pb2/8/1BN5/PPP1QPPP/R4RK1 w KQkq - 0 1,e2e5 c5f2 g1h1 a5e5,https://lichess.org/training/gd2Lf
gdzEE,6k1/5pbp/5p2/p1r1p3/Pp5R/1Q1B2P1/1PP4q/1K6 b KQkq - 0 1,h2g3 d3h7 g8f8 b3g3,https://lichess.org/training/gdzEE
gsHKS,r1b2rk1/1pp2ppp/p1n5/3qP3/8/3B1N2/PP1Q1PPP/R4RK1 b KQkq - 0 1,c6e5 d3h7 g8h8 d2d5,https://lichess.org/training/gsHKS
gxBEz,5rk1/4rppp/3Q4/pppB4/4P3/q2P3P/6P1/5R1K b KQkq - 0 1,a3d3 f1f7 e7f7 d5f7 g8f7 d6d3,https://lichess.org/training/gxBEz
gxcJz,rn3rk1/pp3ppb/2p4p/3q4/Q1BP4/5P1P/PP4K1/2R1R3 b KQkq - 0 1,d5d4 c4f7 g8h8 a4d4,https://lichess.org/training/gxcJz
h1Qe0,2k2r1r/pb1pn2p/2p1pQ2/q1b5/4P3/2NB4/PPPB1PPP/R3K2R w KQkq - 0 1,f6e5 c5f2 e1d1 a5e5,https://lichess.org/training/h1Qe0
h4T05,rn1q1rk1/p1p2ppp/1p1b4/3p4/3P4/1Q1B1P2/PP1B1P1P/R4RK1 w KQkq - 0 1,b3d5 d6h2 g1g2 d8d5,https://lichess.org/training/h4T05
h9gwj,rn1qr1k1/pp3ppp/3b1p2/3b4/8/5N2/PPP2PPP/R1BQR1K1 w KQkq - 0 1,d1d5 e8e1 f3e1 d6h2 g1h2 d8d5,https://lichess.org/training/h9gwj
hBlhx,4rk2/6p1/8/p2Q1p2/1p1b4/1P4P1/P2q1P1P/1RR3K1 w KQkq - 0 1,c1d1 d2f2 g1h1 e8e2 d5d8 f8f7,https://lichess.org/training/hBlhx
hNlu2,r4r1k/6p1/p1p1Q2p/2PpBp1b/P2P1P1P/4q3/2P3P1/R6K b KQkq - 0 1,a8e8 e6h6 h8g8 h6g7,https://lichess.org/training/hNlu2
hcuWg,r1b2rk1/5ppp/p2q4/1p1B4/2p5/P7/1PP3PP/R2QR2K b KQkq - 0 1,a8b8 d5f7 g8h8 d1d6,https://lichess.org/training/hcuWg
hdobt,rn2r1k1/pp2bppp/2pq4/6B1/6b1/2PB1N2/P1P2PPP/R2Q1RK1 b KQkq - 0 1,e7g5 d3h7 g8h8 d1d6,https://lichess.org/training/hdobt
hlqij,3r2k1/1b2bppp/p3pn2/1p6/8/2B2N1P/q1B1QPP1/3R2K1 b KQkq - 0 1,b7f3 d1d8 e7d8 c2h7 f6h7 e2a2,https://lichess.org/training/hlqij
hnGqT,r3k2r/1bq3pp/2p1p3/1p2P2P/pP2B3/P1P5/4QPK1/2R4R b KQkq - 0 1,c7e5 e4g6 h7g6 e2e5,https://lichess.org/training/hnGqT
hwfci,r2qkbnr/1b3ppp/p3p3/1p2n3/3NPB2/3B4/PP3PPP/RN1QR1K1 b KQkq - 0 1,d8d4 d3b5 d4d7 b5d7,https://lichess.org/training/hwfci
i0zzj,2k3r1/pppq1prp/3b4/3Q4/8/1PN1P3/P1PP1RPP/R5K1 w KQkq - 0 1,c3e4 d6h2 g1f1 d7d5,https://lichess.org/training/i0zzj
i2dhk,1k5r/1r3ppp/8/Q3bq2/B4p2/P4P2/1P5P/KR5R w KQkq - 0 1,a4c6 b7b2 a5e5 f5e5,https://lichess.org/training/i2dhk
iFaUc,5r2/1p3P1k/p4Qbq/8/6p1/PBN2nP1/1PP5/1K3R2 w KQkq - 0 1,f6d6 f3d2 b1a2 d2f1,https://lichess.org/training/iFaUc
iI9Dg,3r4/p5k1/5N2/4rbqp/6p1/8/PPP1Q1P1/1K4RR w KQkq - 0 1,e2e5 f5c2 b1a1 g5e5,https://lichess.org/training/iI9Dg
iO8TD,4k2r/1b3p2/p2p1n2/1p2pP1p/4P1pN/P1qBQ2P/2P3PK/4R3 b KQkq - 0 1,h8g8 d3b5 e8d8 e3c3,https://lichess.org/training/iO8TD
iUf94,6r1/2R3rk/1p1p2p1/pP1qp2p/8/2QB1P2/PP6/K7 b KQkq - 0 1,d5f3 d3g6 h7g6 c7g7 g8g7 c3f3,https://lichess.org/training/iUf94
iYH1n,1rr3k1/5ppp/p2p1b2/q2B3Q/p2pP3/3P3P/1PR2PP1/1R4K1 b KQkq - 0 1,c8c2 d5f7 g8f8 h5a5,https://lichess.org/training/iYH1n
igTdT,r4rk1/1p3ppp/p2q1b2/3Bp3/3nP3/2P5/PP3PPP/R2QK2R b KQkq - 0 1,d4c6 d5f7 g8h8 d1d6,https://lichess.org/training/igTdT
iivfc,8/1q5k/1bN2r1p/pQ3pp1/4p3/PPPn3P/5PP1/R1B1R1K1 w KQkq - 0 1,c6a5 b6f2 g1f1 b7b5,https://lichess.org/training/iivfc
ipz07,1r4k1/pr3pp1/3N3p/4pb1P/Q4b2/1BR2P2/PP2q3/K2R4 b KQkq - 0 1,e2d1 b3d1 b7b2 c3c8 f5c8 d1b3 c8e6 a1b2,https://lichess.org/training/ipz07
iue5p,8/1p3k1p/4b3/5r2/1P6/P3QBq1/4P3/3K4 b KQkq - 0 1,e6d5 f3h5 f5h5 e3g3,https://lichess.org/training/iue5p
j0WpM,3r2k1/pppq1ppp/3b1n2/8/3Q1B2/2N5/PPP2PPP/4R1K1 w KQkq - 0 1,f4g5 d6h2 g1h1 d7d4,https://lichess.org/training/j0WpM
j6BHV,6k1/pp4pp/n1p2p2/3p1N2/3Pqb2/2P2N1Q/PP3PPP/6K1 w KQkq - 0 1,h3g4 e4b1 f3e1 b1e1,https://lichess.org/training/j6BHV
j8z9j,8/8/6k1/2p1q3/4b2p/4Q3/4B1PP/7K w KQkq - 0 1,e2d3 e5a1 e3g1 a1g1 h1g1 e4d3,https://lichess.org/training/j8z9j
jASQJ,2k1r3/q3b1Qp/8/2P3P1/p6P/P7/1PP2P2/2KRR3 w KQkq - 0 1,g7f7 e7g5 f2f4 a7f7 e1e8 f7e8,https://lichess.org/training/jASQJ
jEQmp,1k2r3/pppr1p2/8/8/Pq3BQ1/6P1/3p1PKP/3R4 b KQkq - 0 1,d7e7 f4c7 b8a8 g4b4,https://lichess.org/training/jEQmp
jGi83,3r1rk1/p1p2ppp/2pbqn2/6B1/Q1P3b1/P1N2N2/1P2BPPP/R2R2K1 w KQkq - 0 1,a4c6 d6h2 f3h2 d8d1 a1d1 e6c6 h2g4 f6g4 e2g4 c6g6 g5e7 g6g4 e7f8 g8f8,https://lichess.org/training/jGi83
jYCQx,3r1rk1/p4pp1/1p2pn1p/4N1P1/2Pqb2Q/3B4/PP5P/1K1R2R1 w KQkq - 0 1,g5f6 e4d3 d1d3 d4g1,https://lichess.org/training/jYCQx
jiH1Z,r1bqnrk1/pp5p/2p5/4b1N1/2P5/3B1p1P/PP1Q1PP1/R4RK1 b KQkq - 0 1,f3g2 d3h7 g8h8 d2d8 g2f1r a1f1,https://lichess.org/training/jiH1Z
joUHo,r1b1r3/pppk1p2/2qb1Q1B/8/2B5/8/PPP2PPP/3RR1K1 w KQkq - 0 1,c4f7 e8e1 d1e1 d6h2 g1h2 c6f6,https://lichess.org/training/joUHo
jqWtY,rn1qkb1r/1b3ppp/p3pn2/1p4B1/3NP3/P1NB4/1P3PPP/R2QK2R b KQkq - 0 1,d8d4 d3b5 b8d7 d1d4,https://lichess.org/training/jqWtY
jrTD3,r1q1r1k1/p4n1p/R3BQp1/2p2p2/2P5/1P6/3N2PP/4K2R b KQkq - 0 1,c8a6 f6f7 g8h8 f7f6,https://lichess.org/training/jrTD3
jtD0f,2r2rk1/5ppp/pq2p3/1p1pP3/5P2/P2B3P/1P1Q2PK/2R5 b KQkq - 0 1,b6d4 c1c8 f8c8 d3h7 g8h7 d2d4,https://lichess.org/training/jtD0f
jz1Ox,8/2p5/k2p4/P2P4/3Q4/2Nb4/1KPq2r1/2R5 w KQkq - 0 1,b2b3 d3c2 c1c2 d2c2,https://lichess.org/training/jz1Ox
k5c29,1k1r3r/pp3R1p/8/3p1np1/5p2/7P/Pq1B1QP1/5BK1 b KQkq - 0 1,h8f8 f7f8 d8f8 d2f4 g5f4 f2b2,https://lichess.org/training/k5c29
kEOIo,4r2k/6p1/p6p/Pp1q4/3B4/2P2pP1/3Q1P1P/6K1 b KQkq - 0 1,e8e2 d2h6 h8g8 h6g7,https://lichess.org/training/kEOIo
kQ9fa,rn2r3/pp3pkp/8/2bp4/8/P1QB1q1P/1PP1NP2/R3K3 b KQkq - 0 1,g7g8 d3h7 g8f8 c3f3,https://lichess.org/training/kQ9fa
kT021,rn1qr1k1/p4ppp/1p1b4/2pn4/8/2P2N2/PP3PPP/R1BQR1K1 w KQkq - 0 1,d1d5 e8e1 f3e1 d6h2 g1h2 d8d5,https://lichess.org/training/kT021
kgfWz,5nk1/pp4Np/2p2qp1/P1Pp4/1P1P4/5B1P/1K3QP1/2r5 b KQkq - 0 1,c1c4 f3d5 g8g7 f2f6 g7f6 d5c4,https://lichess.org/training/kgfWz
kjhcx,r2q2k1/5ppp/3br3/p1nQ4/4p3/P3P3/1P1BNPPP/3R1RK1 w KQkq - 0 1,e2d4 d6h2 g1h1 d8d5,https://lichess.org/training/kjhcx
kujRN,r3k2r/1b1nppbp/p4np1/1p2P1B1/3q4/2NB4/PPP3PP/R2QR2K b KQkq - 0 1,d7e5 d3b5 f6d7 d1d4,https://lichess.org/training/kujRN
kxtiL,1k5r/ppp3pp/2n1Q3/2bNP1B1/4r3/8/P1q2PPP/1R3RK1 w KQkq - 0 1,e6c6 c5f2 g1h1 c2c6,https://lichess.org/training/kxtiL
l8lfx,r4rk1/pp3ppp/1q2bb2/2np4/8/2N1PN1P/PPB1QPP1/R2R2K1 b KQkq - 0 1,b6b2 c2h7 g8h8 e2b2,https://lichess.org/training/l8lfx
lCCEA,r1b1k2r/1pp2p1p/p2p1p2/b2P4/Q1B1q3/8/P4PPP/RN3RK1 b KQkq - 0 1,b7b5 c4b5 e8f8 a4e4,https://lichess.org/training/lCCEA
lOzZi,Qbq3k1/p4pp1/2p4p/3p4/2PP4/3B1bP1/PP3n1P/4R1K1 w KQkq - 0 1,g1f2 b8g3 f2f3 c8a8,https://lichess.org/training/lOzZi
lT7qE,r2qr1k1/p1p3pp/3b2b1/3p1p2/2N5/5P2/PPP3PP/R1BQR1K1 w KQkq - 0 1,d1d5 g6f7 e1e8 d8e8,https://lichess.org/training/lT7qE
lX0Dc,8/p5kp/1b4p1/P2Q4/1P2b3/8/4q1PP/3R3K w KQkq - 0 1,d5e5 g7h6 e5f4 h6h5,https://lichess.org/training/lX0Dc
lYJ0E,8/5bk1/5p1p/4p3/4q1P1/4B3/4QP1K/8 b KQkq - 0 1,f7c4 e3h6 g7f7 e2e4,https://lichess.org/training/lYJ0E
lYmyk,bk1r3r/p1pp1p1p/P3nPn1/1p6/1q2P3/NPP1B2Q/6PP/R3R2K b KQkq - 0 1,b4c3 e3a7 b8c8 h3c3,https://lichess.org/training/lYmyk
lbPER,r3k2r/pR3p1p/2npq3/8/2P1b3/4QN2/P3B1PP/5K1R w KQkq - 0 1,f3g5 e4g2 f1f2 e6e3,https://lichess.org/training/lbPER
lfkIF,rn1qkbnr/1bp1pppp/p7/1p6/3PP3/3B4/PP3PPP/RNBQK1NR b KQkq - 0 1,d8d4 d3b5 b8d7 d1d4,https://lichess.org/training/lfkIF
loSCA,r2r2k1/5ppp/1qn2n2/4p3/1b2P3/1B1b1NNP/PQ3PP1/R1B1R1K1 b KQkq - 0 1,b4e1 b3f7 g8h8 b2b6,https://lichess.org/training/loSCA
lwekj,r2qkb1r/1b3ppp/p3pn2/1pn1P3/3N4/2NB4/PPP3PP/R1BQ1R1K b KQkq - 0 1,d8d4 d3b5 d4d7 b5d7,https://lichess.org/training/lwekj
lwxq2,4r1k1/2p3pp/4p3/6q1/2n1P1B1/2PR1PQ1/7P/7K b KQkq - 0 1,c4e5 g4e6 g8h8 g3g5,https://lichess.org/training/lwxq2
m3cql,r5k1/2p3pp/3pr3/p7/2Q1BP1q/PPB5/2PK3P/3R4 b KQkq - 0 1,h4f4 d2d3 f4e4 c4e4 e6e4 d3e4,https://lichess.org/training/m3cql
mAKq2,rn2r1k1/pppq1ppp/3b4/5bN1/2B5/2PQ4/PP1N1PPP/R4RK1 w KQkq - 0 1,c4f7 d7f7 d3d6 c7d6 g5f7 g8f7,https://lichess.org/training/mAKq2
mRCtd,3r1rk1/p4ppp/1p3q2/1Q6/4n3/1B6/PP3PPP/R4RK1 b KQkq - 0 1,f6b2 b3f7 g8h8 b5b2,https://lichess.org/training/mRCtd
ma8JS,r2q4/p4kp1/2pbRn2/5p1r/8/1P6/PBP2PPP/RN1Q2K1 w KQkq - 0 1,b2f6 d6h2 g1f1 d8d1,https://lichess.org/training/ma8JS
mbySD,2k3r1/pp3p2/2pp4/5P1q/3PP1Nb/2P2K1Q/PPB2P2/6R1 w KQkq - 0 1,f3e3 h4g5 e3e2 h5h3,https://lichess.org/training/mbySD
mgxNI,4r1k1/ppr2pp1/2p4q/P2n3B/3Pp2Q/1P4PP/5P2/R2R2K1 b KQkq - 0 1,g7g5 h5f7 g8g7 h4h6 g7h6 f7e8,https://lichess.org/training/mgxNI
mo6vk,4r1k1/pp2Qpp1/1b3n1p/8/8/1qN5/1P2RPPP/4R1K1 w KQkq - 0 1,e7b7 b6f2 g1f1 b3b7,https://lichess.org/training/mo6vk
myNgN,5rk1/2p2ppp/8/1Q1Bn1q1/6P1/4p2P/PPPrN3/5RK1 b KQkq - 0 1,e5g4 d5f7 g8h8 b5g5,https://lichess.org/training/myNgN
n1OeH,r1bq1rk1/pp3ppp/2n5/2bPp1N1/6PP/3B4/PP3P2/R1BQK2R b KQkq - 0 1,d8d5 d3h7 g8h8 d1d5,https://lichess.org/training/n1OeH
nSaBl,8/1p3kp1/p2Bp1p1/1PP5/P2bq2P/1Q4P1/2P2P2/6K1 w KQkq - 0 1,b3c4 d4f2 g1f1 e4c4,https://lichess.org/training/nSaBl
naOQH,5k2/3b3p/4p1p1/3pP3/p1pP2PN/1nP5/1qB2Q1P/6K1 b KQkq - 0 1,f8e8 c2g6 e8d8 f2b2,https://lichess.org/training/naOQH
nbsel,3r2k1/pp3ppp/1b6/4P3/1P1q1P2/Pb2p1PP/2B1Q2K/1N1R4 b KQkq - 0 1,d4b2 d1d8 b6d8 c2h7 g8h7 e2b2,https://lichess.org/training/nbsel
ni98l,r2r2k1/pQ3ppp/5n2/2P1p3/8/1B5P/PB2qPP1/5RK1 b KQkq - 0 1,e2b2 b3f7 g8f8 b7b2,https://lichess.org/training/ni98l
nxKg0,1r3rk1/1b3p1p/p2bpp2/3p4/3N1P2/P2Bq2P/2P3P1/1R1Q1R1K b KQkq - 0 1,e3d4 d3h7 g8g7 d1d4,https://lichess.org/training/nxKg0
o1LMb,r6r/ppp1bpk1/6pR/5p2/3Pp3/2P4R/Pq1BQ1PP/6K1 b KQkq - 0 1,h8h6 d2h6 g7g8 e2b2,https://lichess.org/training/o1LMb
o3ff6,r2q1rk1/ppp1bppp/2p1b3/6Bn/2P2P2/2NB4/PP4PP/R2QR1K1 b KQkq - 0 1,d8d4 g1h1 e7g5 d3h7 g8h7 d1d4,https://lichess.org/training/o3ff6
o9thx,1r3rk1/p4pp1/5n1p/q1b1NQ2/2PB4/5P2/P5PP/K2R3R w KQkq - 0 1,e5c6 c5d4 c6d4 a5c3,https://lichess.org/training/o9thx
oJZ2L,4r1k1/2p3pp/B1nq1p2/3b1P1P/6P1/1P6/1BP2R2/3Q1K2 w KQkq - 0 1,c2c4 d5g2 f1g2 d6d1,https://lichess.org/training/oJZ2L
oQ9oR,r7/6kp/1p4p1/1qbp4/8/2P2QP1/2RN1P1P/6K1 w KQkq - 0 1,f3d5 c5f2 g1g2 b5d5,https://lichess.org/training/oQ9oR
oaQrq,8/5p1k/p2N1Ppp/1p2n3/1qbQP1PP/2r5/P2RB3/1K5R w KQkq - 0 1,d2b2 c4a2 b1a1 b4d4,https://lichess.org/training/oaQrq
oeqiS,5rk1/2Q2pp1/8/p7/2B1r3/P1P5/2P3PP/4qR1K b KQkq - 0 1,e1c3 c4f7 f8f7 c7f7,https://lichess.org/training/oeqiS
omDv7,2r2rk1/p4ppp/8/n1pQ2N1/8/3BP2P/PP3PPK/3q4 b KQkq - 0 1,f8d8 d5f7 g8h8 g5e6 d8g8 f7f5 d1d3 f5d3,https://lichess.org/training/omDv7
p2hQE,r1bq1rk1/pp3ppp/2pN1b2/2nBn3/5B2/2N5/PPP2PPP/R2QR1K1 b KQkq - 0 1,d8d6 d5f7 e5f7 f4d6,https://lichess.org/training/p2hQE
p2ytJ,5r2/4q2k/3p1bpp/p1p5/4B2P/3PQ1P1/Pr3P2/R5KR b KQkq - 0 1,f6d4 e4g6 h7g8 e3e7 f8f2 e7h7 g8f8 h7h6 f8e7 a1e1 e7d8 h6g5 f2f6 e1e3,https://lichess.org/training/p2ytJ
pJNpc,2r4k/6pp/p4r2/4pp2/NQ1b3q/7P/PP3PBP/R4RK1 w KQkq - 0 1,a1c1 d4f2 g1h1 h4b4 c1c8 f6f8,https://lichess.org/training/pJNpc
pNGAq,rn4k1/pp3ppp/2p5/5P2/1QBqr3/1P1P1R1P/1P4P1/7K b KQkq - 0 1,e4e8 c4f7 g8h8 b4d4,https://lichess.org/training/pNGAq
pUwlX,r4rk1/pR1b1ppp/2p1p3/8/3q4/P2B1P2/2PQK1PP/8 b KQkq - 0 1,f8b8 b7b8 a8b8 d3h7 g8h7 d2d4,https://lichess.org/training/pUwlX
pq99R,8/2Q4R/p1bP2p1/8/2q3kP/8/6P1/7K w KQkq - 0 1,c7c8 g4g3 c8h3 g3f2 h1h2 c4f4 g2g3 f4f3 h7f7 f3f7,https://lichess.org/training/pq99R
pyjGo,r4rk1/1p2nqpp/p7/4Pb1P/2p2B2/2NP4/PPK1BQ2/6RR w KQkq - 0 1,f4h6 f5d3 c2d2 f7f2,https://lichess.org/training/pyjGo
qH8M7,1n2r1k1/6p1/pn1Qbq1p/P1p1p3/2Pp4/3P1NPP/3B1PK1/4RB2 w KQkq - 0 1,a5b6 e6h3 g2g1 f6d6,https://lichess.org/training/qH8M7
qHwW1,3bq1k1/1p4p1/p7/3pPQB1/2pP3P/2P5/PP4P1/2K5 w KQkq - 0 1,f5c8 d8g5 c1c2 e8c8,https://lichess.org/training/qHwW1
qJezU,r1b2rk1/pp2bppp/1qn1pn2/3p4/2pP1B2/2P1PN2/PPB1QPPP/RN3RK1 b KQkq - 0 1,b6b2 c2h7 g8h8 e2b2,https://lichess.org/training/qJezU
qJoLp,rn1qkbr1/pp1b1p1p/3p2p1/1B1Q4/4n3/1P3N2/PB3PPP/RN2K2R b KQkq - 0 1,d8a5 b1c3 d7b5 d5e4,https://lichess.org/training/qJoLp
qLck5,r2qk2r/pp3ppn/2nb3p/1B6/3Q4/5P2/PP3P1P/RNB2RK1 w KQkq - 0 1,c1h6 d6h2 g1g2 d8d4,https://lichess.org/training/qLck5
qOE4M,r2qk2r/1b2bppp/p3pn2/1pn3B1/3NP3/P1NB4/1P3PPP/R2QR1K1 b KQkq - 0 1,d8d4 d3b5 d4d7 b5d7,https://lichess.org/training/qOE4M
qPFFf,2kr1b1r/ppp4b/5p2/1P2p2p/2Pq2pN/P2P4/2Q1BPPP/R2R3K b KQkq - 0 1,d4f2 e2g4 c8b8 c2f2,https://lichess.org/training/qPFFf
qTbuS,rn2k2r/1b2bppp/p3pB2/1p2R3/3q4/2NB4/PPP2PPP/R2Q2K1 b KQkq - 0 1,e7f6 d3b5 b8d7 d1d4,https://lichess.org/training/qTbuS
qWbNs,rnbqkb1r/ppp2N1p/4p1p1/3B4/8/2P5/PPP2PPP/R1BQK2R b KQkq - 0 1,e8f7 d5e6 f7e8 e6f7 e8f7 d1d8,https://lichess.org/training/qWbNs
qYCN9,6k1/5p1p/3p4/Q1b2q2/2P5/3p3P/PPP1rPP1/2R2RK1 w KQkq - 0 1,c2d3 c5f2 g1h1 f5a5,https://lichess.org/training/qYCN9
qZxQm,r3r1k1/bb2Nppp/p1nq4/1p6/1P6/P2B1N2/2P2PPP/R2QR1K1 b KQkq - 0 1,e8e7 d3h7 g8f8 d1d6,https://lichess.org/training/qZxQm
qblA5,5rk1/5pp1/p6p/3RPq2/Pp3b2/5Q2/1P3P1P/3R2K1 w KQkq - 0 1,e5e6 f4h2 g1g2 f5f3 g2f3 f7e6 f3g2 e6d5,https://lichess.org/training/qblA5
qrNJH,r5k1/p2p1ppp/1p6/2p1P3/2Pn1P2/P1QB2P1/1P1N1n1q/1K3R2 b KQkq - 0 1,h2g3 d3h7 g8f8 c3g3,https://lichess.org/training/qrNJH
r1K0j,r3r1k1/pp1b1pp1/1q3n1p/2B5/2B5/P1Q4P/1P3PP1/RN2R1K1 b KQkq - 0 1,b6c5 e1e8 a8e8 c4f7 g8f7 c3c5,https://lichess.org/training/r1K0j
r4cmp,r5k1/pp1q1ppp/2nb1r2/1B1Q4/3p4/2N5/PPP2PPP/3R1RK1 w KQkq - 0 1,c3e4 d6h2 g1h1 d7d5 e4f6 g7f6,https://lichess.org/training/r4cmp
rVNXb,rn1qkbnr/1b3ppp/p3p3/1p6/3BP3/2NB1P2/PP4PP/R2QK1NR b KQkq - 0 1,d8d4 d3b5 d4d7 b5d7,https://lichess.org/training/rVNXb
rbh2C,2qk4/R1b5/1PQ5/3p2p1/4p2p/2P1P1P1/1B3rK1/8 w KQkq - 0 1,g2f2 c7g3 f2e2 c8c6,https://lichess.org/training/rbh2C
s6zFM,r1bqr1k1/pp3pPp/8/8/5P2/3BB1bP/PP4P1/R2Q3K b KQkq - 0 1,e8e3 d3h7 g8g7 d1d8,https://lichess.org/training/s6zFM
s9zdA,r4rk1/3q2pp/p2bp3/5pN1/5Qn1/8/PPP2PPP/R1B1R1K1 w KQkq - 0 1,f4d4 d6h2 g1h1 d7d4,https://lichess.org/training/s9zdA
sL4Dk,5rk1/3r1ppp/p5b1/1pQBq3/3nP3/P7/1P4PP/4RR1K b KQkq - 0 1,g6e4 f1f7 e4g2 h1g1 d7f7 d5f7 g8f7 e1e5,https://lichess.org/training/sL4Dk
sUiWq,r4r2/p5kp/2p2pp1/4Q3/4b3/4q3/PPP1B1PP/1K1R1R2 w KQkq - 0 1,e5e7 f8f7 e7f7 g7f7,https://lichess.org/training/sUiWq
saH6D,r3k1nr/pp5p/2b1q1p1/2p1b3/3pN3/3P1N2/PP2Q1PP/R1B2RK1 w KQkq - 0 1,e4c5 e5h2 g1f2 h2g3 f2g3 e6e2,https://lichess.org/training/saH6D
skETT,5rk1/p4p2/1p4pp/1P6/2q1BQ2/8/5PKP/8 b KQkq - 0 1,g8h7 e4g6 h7g7 f4c4,https://lichess.org/training/skETT
svovV,r1b2rk1/pp2bppp/1nnqp3/6B1/8/3B1N2/PPP2PPP/RN1QK2R b KQkq - 0 1,e7g5 d3h7 g8h8 d1d6,https://lichess.org/training/svovV
t01FR,1r3r2/pQ1b1kp1/1b2qp2/8/4NR2/1NPpP1P1/PP3PP1/2KR4 w KQkq - 0 1,b7a6 b6e3 c1b1 e6a6,https://lichess.org/training/t01FR
tKmjU,r1bqkr2/pp5p/2nbp1p1/1Bpp4/8/2P2Q2/PP1N1PPP/R1B1R1K1 w KQkq - 0 1,f3d5 d6h2 g1h1 d8d5,https://lichess.org/training/tKmjU
tLC4w,1r3rk1/pNb5/7p/5p2/1P1p2bq/P4B2/4PP1P/R2Q2RK w KQkq - 0 1,d1d4 h4h2,https://lichess.org/training/tLC4w
tLjTI,2kr2nr/pp2b2p/2p3p1/3pqp2/P6P/2NB1KP1/1PP5/R2QR3 b KQkq - 0 1,e5d4 d3f5 c8b8 d1d4,https://lichess.org/training/tLjTI
tQq7x,2r1n1k1/1b4pp/p3pr2/1p2NB1Q/3q3P/6R1/5PPK/3R4 b KQkq - 0 1,d4e5 f5h7 g8h8 h5e5,https://lichess.org/training/tQq7x
tRPW8,r3r1k1/ppQ2pp1/5b1p/8/2B3b1/8/PPPq1PPP/R4RK1 b KQkq - 0 1,d2c2 c4f7 g8f8 c7c2,https://lichess.org/training/tRPW8
tRyYe,r2q1rk1/p1p2ppp/2p1bn2/8/8/3BR3/PPP2PPP/RN1Q2K1 b KQkq - 0 1,d8d4 d3h7 g8h8 d1d4,https://lichess.org/training/tRyYe
tZmLf,2kr3r/1bpp1qp1/1p2p3/nP2P2p/3QB3/2P5/2P2PPP/R3K1R1 b KQkq - 0 1,f7f4 e4b7 c8b8 d4f4,https://lichess.org/training/tZmLf
tbIdj,4r1k1/3q1p2/1p5p/5npP/3b4/3QP3/PP1N1PP1/R3K2R w KQkq - 0 1,e1c1 d4b2 c1c2 e8c8 d2c4 d7b5 d3d8 c8d8,https://lichess.org/training/tbIdj
tm0qC,4r1k1/p2Q1p1p/6p1/3B4/5P2/6P1/P5KP/4q3 b KQkq - 0 1,e1d2 g2h3 e8e6 d5e6 d2d7 e6d7,https://lichess.org/training/tm0qC
tmSqH,rn1qkb1r/1b3ppp/p3pn2/1p6/3NP3/P1NB4/1P3PPP/R1BQR1K1 b KQkq - 0 1,d8d4 d3b5 b8d7 d1d4,https://lichess.org/training/tmSqH
txOMK,6k1/1p3pp1/p6p/P7/1P1R4/1Q3bqB/1B4P1/2r4K w KQkq - 0 1,b2c1 g3h3 h1g1 h3g2,https://lichess.org/training/txOMK
uId10,r2q3r/ppp2kpp/3b1n2/8/2P5/2NQ1N2/PP3PPP/R1B1K2R w KQkq - 0 1,e1g1 d6h2 g1h2 f6g4 h2g1 d8d3,https://lichess.org/training/uId10
uSKqq,3r1rk1/ppQ2pbp/6p1/8/2B2P2/PP4P1/2q4P/3R1RK1 b KQkq - 0 1,g7d4 d1d4 d8d4 c4f7 f8f7 c7c2,https://lichess.org/training/uSKqq
uVtZo,2kr2n1/1pp2pQp/1pnp4/4p3/2B1P1b1/8/PPPPN1qP/R1BK3R w KQkq - 0 1,h1g1 g2g1,https://lichess.org/training/uVtZo
uWN4G,1r4k1/3Q1ppp/8/3B4/2Pq4/2p4P/3b1PP1/5RK1 b KQkq - 0 1,c3c2 d5f7 g8h8 d7d4,https://lichess.org/training/uWN4G
ua2sR,rn2k2r/pp2bppp/2p1p3/8/3qB1Q1/8/PPP2PPP/R1B2RK1 b KQkq - 0 1,f7f5 e4f5 d4g4 f5g4,https://lichess.org/training/ua2sR
ucsFj,5r1k/1PpR4/2q3np/2b1P1p1/2Q5/7P/1p3PP1/5RK1 w KQkq - 0 1,b7b8q f8b8 c4f7 c5e7 d7e7 g6e7,https://lichess.org/training/ucsFj
ukOQG,r1b1k2r/ppp1nppp/8/4b3/Q1B4q/3P4/PP4PP/RNB2R1K b KQkq - 0 1,c7c6 c4f7 e8d8 a4h4,https://lichess.org/training/ukOQG
uoyE1,1k3r2/5Q2/pq1b4/1p1R4/8/P7/1B3PPP/2R3K1 w KQkq - 0 1,f7e6 b6f2 g1h1 f2f1 c1f1 f8f1,https://lichess.org/training/uoyE1
uyGqq,3rk1nr/pp3p1p/2p3p1/4q3/4B3/PP6/4QPPP/2R2RK1 b KQkq - 0 1,g8f6 e4c6 e8f8 e2e5,https://lichess.org/training/uyGqq
uynDQ,r1bk3r/pp2b1pp/3q2n1/2pB2BQ/8/3P2P1/PPP4P/4RRK1 b KQkq - 0 1,d6d5 e1e7 d5d4 g5e3 g6e7 e3d4,https://lichess.org/training/uynDQ
v2QhA,r2q1rk1/ppp2ppp/3bpn2/3P4/2BQ4/2N2P2/PPP2P1P/R1B1R1K1 w KQkq - 0 1,d5e6 d6h2 g1g2 d8d4,https://lichess.org/training/v2QhA
v8ZPz,4Q3/3qbp2/2k1p1p1/3pP1Pp/1PpP1P1P/2K5/3B4/8 w KQkq - 0 1,e8f7 e7b4 c3c2 d7f7,https://lichess.org/training/v8ZPz
vB6oG,5r2/pp2bk2/5p1p/2p2P2/2Q2Bq1/2P3N1/PPK5/8 b KQkq - 0 1,f7g7 f4h6 g7h8 c4g4,https://lichess.org/training/vB6oG
vCp7t,r2qk2r/1b2Pppp/p3p3/1pn5/3N1P2/2NBn3/PPP3PP/R2Q1R1K b KQkq - 0 1,d8d4 d3b5 d4d7 b5d7,https://lichess.org/training/vCp7t
vEOWk,6k1/p2r3p/6p1/2qbppP1/3p3R/5PP1/PP2Q1K1/7R w KQkq - 0 1,e2e5 d5f3 g2f2 c5e5,https://lichess.org/training/vEOWk
viJe2,r4rk1/p4ppp/3pNb2/q1p5/7P/P2BQ3/1pP2PP1/1K1R3R b KQkq - 0 1,a5a3 d3h7 g8h8 e3a3,https://lichess.org/training/viJe2
vj7br,r2qk2r/1b2bppp/p3pn2/1p2n3/3NPB2/P1NB4/1P3PPP/R2QR1K1 b KQkq - 0 1,d8d4 d3b5 d4d7 b5d7,https://lichess.org/training/vj7br
vkxp1,r1b1k2r/ppppqpp1/8/4b1p1/4Q3/1BP5/P5PP/RNB2RK1 w KQkq - 0 1,f1f7 e5h2 g1f2 e7e4,https://lichess.org/training/vkxp1
vr9PO,1K4k1/p3rpn1/2R2qBQ/3p3b/8/1P6/P1P2P2/6r1 b KQkq - 0 1,f6c6 h6h7 g8f8 h7h8,https://lichess.org/training/vr9PO
vsuwE,r1b2rk1/ppqp1pp1/2n4p/8/2B2P2/2Q5/P1P3PP/4RR1K b KQkq - 0 1,c6a5 c4f7 g8h8 c3c7,https://lichess.org/training/vsuwE
vu0tn,2rr2k1/1b3ppp/pb2p3/6q1/1P2B3/P7/4QPPP/RN3RK1 b KQkq - 0 1,g5e5 e4h7 g8f8 e2e5,https://lichess.org/training/vu0tn
vuKfg,2r2rk1/1R3pbn/p2p1n2/5P2/8/PB4QP/6PN/2q2R1K b KQkq - 0 1,c1a3 b7f7 f8f7 b3f7 g8f7 g3a3,https://lichess.org/training/vuKfg
w12tZ,1k3r2/pp3rp1/1q1b2Qp/2pP4/5P1P/6n1/PP4NK/3RR1B1 w KQkq - 0 1,h2g3 f7f4 g6e8 f8e8 e1e8 b8c7,https://lichess.org/training/w12tZ
w4DHp,r2q1rk1/p5p1/p2bpn1p/8/8/5N2/PPP2PPP/R1BQR1K1 w KQkq - 0 1,e1e6 d6h2 g1h1 d8d1,https://lichess.org/training/w4DHp
wKrQi,4rrk1/p1Q2ppp/5n2/8/2B5/4q3/P1P1R1PP/R6K b KQkq - 0 1,e3c3 c4f7 g8h8 c7c3,https://lichess.org/training/wKrQi
wN0Fs,r2q3r/ppp2kpp/3b1n2/8/2P5/2NQ1N2/PP3PPP/R1B1K2R w KQkq - 0 1,e1g1 d6h2 g1h2 f6g4 h2g1 d8d3,https://lichess.org/training/wN0Fs
wQz0U,5rk1/2Q2ppp/1p6/2b5/8/5N2/P1q2PPP/3RR1K1 w KQkq - 0 1,d1d8 c5f2 g1f1 c2c7,https://lichess.org/training/wQz0U
wUqMD,rnbqr1k1/pp3ppp/2p2p2/7P/3P1b2/3BB3/PPPQ1PP1/R3K1NR b KQkq - 0 1,d8d4 d3h7 g8h8 d2d4,https://lichess.org/training/wUqMD
wcERb,r6r/2p1k1pp/p1Qb3q/1p3PN1/4p3/1P1P4/P4PPP/R1B2RK1 w KQkq - 0 1,g5e4 h6h2,https://lichess.org/training/wcERb
wcEXb,r6k/2p1Q1pp/p4p2/2p5/4b3/P1P1q2P/1P4P1/R4R1K w KQkq - 0 1,a1e1 e3h3 h1g1 h3g2,https://lichess.org/training/wcEXb
wf1wM,2r2rk1/5ppp/p1b1P3/1p1P2P1/7P/2qB1Q2/P1P5/2KR3R b KQkq - 0 1,f7e6 d3h7 g8h8 f3c3,https://lichess.org/training/wf1wM
woi2N,4k2r/5ppp/p3p3/1p1p3P/3n4/bPqBQ2P/P2R1P2/1K5R b KQkq - 0 1,d4b3 d3b5 e8e7 e3c3,https://lichess.org/training/woi2N
wp0UD,4rrk1/pp1b2pp/4p3/b2pPq2/2pn1NB1/P1P3Q1/R1PB2PP/5RK1 b KQkq - 0 1,f5g5 c3d4 a5d2 g4e6 d7e6 g3g5,https://lichess.org/training/wp0UD
wsF0X,5rk1/1pp2ppp/p4n2/2q5/2B5/8/P1Q3PP/4R2K b KQkq - 0 1,f8e8 e1e8 f6e8 c4f7 g8f7 c2c5,https://lichess.org/training/wsF0X
wsPUP,6k1/1p3p1p/p3bp2/3p4/P7/bPqBQN1P/5PP1/6K1 b KQkq - 0 1,a3c5 d3h7 g8g7 e3c3,https://lichess.org/training/wsPUP
x99cr,5rk1/1p2rp1p/p5p1/2QBq3/1P6/2P4P/P5P1/5RK1 b KQkq - 0 1,e7d7 f1f7 f8f7 d5f7 g8f7 c5e5,https://lichess.org/training/x99cr
xLuhl,3r2k1/1bq2Npp/p7/2b2p2/2Q2n1P/P1N5/1PP2P2/5RK1 w KQkq - 0 1,f7d8 b7d5 c3d5 c5f2 f1f2 f4h3 g1g2 c7c4,https://lichess.org/training/xLuhl
xTz5K,r4rk1/p1p2pp1/5n1p/8/1QBq3B/8/PP3PPP/R4K1R b KQkq - 0 1,d4h4 c4f7 g8h8 b4h4,https://lichess.org/training/xTz5K
xYelW,r3k2r/1p3pR1/p1nq3p/3B3P/6b1/2N1PN2/PPP2P1n/R2QK3 b KQkq - 0 1,h2f3 d5f3 d6d1 f3d1,https://lichess.org/training/xYelW
xYvQS,r3qr1k/pppb3P/3p4/3Pb1Q1/6P1/3B1P2/PPP5/2KR2NR w KQkq - 0 1,g5e3 e5f4 e3f4 f8f4,https://lichess.org/training/xYvQS
xewXF,3r2k1/p1p2ppp/2Q5/2b5/8/7P/P1q2PP1/R4RK1 w KQkq - 0 1,c6c7 c5f2 g1h1 c2c7,https://lichess.org/training/xewXF
xfod1,b3r1k1/5pp1/p1qP1n1p/2b1p3/2r5/2NQB3/1PB1R1PP/3R2K1 w KQkq - 0 1,d3c4 c5e3 g1h1 c6c4,https://lichess.org/training/xfod1
xhGtQ,Q7/4qpkp/4b1p1/8/4p3/4P1PP/4BPK1/8 w KQkq - 0 1,a8e4 e6h3 g2f3 h3g2 f3g2 e7e4,https://lichess.org/training/xhGtQ
xnQlE,r2q4/p7/k1pb1r2/1p6/8/1PNQB3/P4P1P/R3R1K1 w KQkq - 0 1,a2a4 d6h2 g1h1 d8d3,https://lichess.org/training/xnQlE
xqjXI,8/3q1ppk/1pp4p/p2bP3/5P2/1PQP3P/1PP2RP1/7K w KQkq - 0 1,c3d4 d5g2 h1g1 d7d4,https://lichess.org/training/xqjXI
xuMfB,rnbq2k1/ppp2ppp/8/8/1b1N4/2NBrP2/PP3KPP/R2Q1R2 b KQkq - 0 1,d8d4 d3h7 g8f8 d1d4,https://lichess.org/training/xuMfB
xwzQS,r1b3k1/6pp/p1r1pp2/2Pp4/1P6/Q2B4/P5qP/1K4RR b KQkq - 0 1,g2f3 d3h7 g8f8 a3f3,https://lichess.org/training/xwzQS
y1NGB,6k1/2p3pp/p2P4/2P5/1P1b2q1/P4pp1/2P2P1P/4RQK1 w KQkq - 0 1,f1c4 g8f8 e1e8 f8e8 c4g8 e8d7 g8f7 d7c6,https://lichess.org/training/y1NGB
y4zGw,rnb1k1nr/4bppp/p3p3/1p2P3/3q4/3B4/PPP3PP/RNBQ1R1K b KQkq - 0 1,c8b7 d3b5 d4d7 b5d7,https://lichess.org/training/y4zGw
yAUHv,rn2r1k1/pp1q1pp1/3b3p/3b4/3P4/1Q3N2/PP3PPP/R1B1R1K1 w KQkq - 0 1,b3d5 e8e1 f3e1 d6h2 g1h2 d7d5,https://lichess.org/training/yAUHv
yIvCh,6k1/5ppp/3Q4/3B4/3P4/2q2P2/2b2KPP/8 b KQkq - 0 1,c3d4 f2g3 g7g5 d5f7 g8f7 d6d4,https://lichess.org/training/yIvCh
yNXxj,2krr3/1pp3pp/1n1P4/1Q2b1q1/8/1B4B1/PP5P/K2R3R w KQkq - 0 1,d6c7 d8d1 h1d1 e5b2 a1b1 g5b5 b3e6 b6d7 e6d7 b5d7 d1d7 c8d7,https://lichess.org/training/yNXxj
yj8aO,4b3/7k/4p2p/p2pPp2/2pP1P1P/2p5/PqB2QK1/8 b KQkq - 0 1,b2a2 c2f5 h7g7 f2a2,https://lichess.org/training/yj8aO
yrISn,1k1r3r/2pb2pp/Qbq5/8/2B5/2N1P3/PPP2PPP/2KR3R w KQkq - 0 1,c4d5 b6e3 c1b1 c6a6,https://lichess.org/training/yrISn
z4JNJ,7r/ppp5/2qbQnk1/6p1/8/2N5/PPP2PPP/3RR1K1 w KQkq - 0 1,c3e4 d6h2 g1f1 c6e6,https://lichess.org/training/z4JNJ
zEJgK,rn2k2r/ppp4p/5pp1/1q2p3/1b5B/2PB3P/P2K1P1P/RN3Q1R b KQkq - 0 1,b4c3 b1c3 b5b2 d3c2,https://lichess.org/training/zEJgK
zEMzW,4r1k1/1bp1rp1p/1p3q2/p4B2/3P1Q2/2P1p2P/PPN1R1P1/6K1 b KQkq - 0 1,b7c8 f4g4 g8f8 f5c8,https://lichess.org/training/zEMzW
zIJ8K,rnbr4/pp4pk/4p2p/5p2/3qBQ2/2N5/PP3P1P/3R1KR1 b KQkq - 0 1,d4c4 f1g2 d8d1 e4f5 e6f5 f4c4 d1g1 g2g1,https://lichess.org/training/zIJ8K
zcAAD,5r1k/p5p1/1p5p/4p2Q/1Pqb4/P7/4RPPP/5RK1 w KQkq - 0 1,h5g4 f8f2 e2f2 d4f2 g1f2 c4g4,https://lichess.org/training/zcAAD
zdLFR,r3r1k1/4qp1p/2p2npP/4P3/p1B2Qb1/2p5/PPP3P1/1K2R2R b KQkq - 0 1,e7b4 c4f7 g8f8 f4b4,https://lichess.org/training/zdLFR
zevGf,r4rk1/p1R2ppp/2n1pn2/3p4/8/P1qBQ2P/2P2PP1/5RK1 b KQkq - 0 1,a8c8 c7c8 f8c8 d3h7 f6h7 e3c3,https://lichess.org/training/zevGf
zhufG,r7/pp4k1/7p/5Q2/3b1P2/4R3/P2q2PP/4R1K1 w KQkq - 0 1,f5d7 g7h8 g1f1 d4e3 d7d2 e3d2,https://lichess.org/training/zhufG
zkHQy,3r2k1/5p1p/6p1/Q3b1q1/4p3/2N3PP/PP3P2/5RK1 w KQkq - 0 1,g1h2 e5g3 h2h1 g5a5,https://lichess.org/training/zkHQy
zm9Yg,3Q1n1k/pp4p1/2pb4/3q1P2/P2p2PB/5P2/4r1BP/5RK1 w KQkq - 0 1,f5f6 d4d3 f6g7 h8g7,https://lichess.org/training/zm9Yg
zrxyP,1r4k1/3q1ppb/p2p3p/1p5P/1P1QB1P1/P1P1R3/5P2/6K1 b KQkq - 0 1,d7g4 e3g3 g4g3 f2g3,https://lichess.org/training/zrxyP
ztGOD,r7/pQp2kp1/2nb2q1/6p1/8/2N4r/PP1P1P1P/R1B1R1K1 w KQkq - 0 1,b7c6 d6h2 g1f1 g6c6,https://lichess.org/training/ztGOD
zvtiu,rn2kbnr/5ppp/p3p3/1p6/3q1P2/3B4/PPP3PP/R1BQ1R1K b KQkq - 0 1,g8f6 d3b5 b8d7 d1d4,https://lichess.org/training/zvtiu