0SZzM,r4r2/pbpq1p1k/1p1p1p2/n3p3/4P1B1/P1P4P/1PP2PP1/R1Q1R1K1 b KQkq - 0 1,f6f5 g4f5 d7f5 e4f5,https://lichess.org/training/0SZzM
0sXYo,r3k1nr/2p2ppp/3Pb3/pp6/PbP1q3/1K6/1P4PP/RNBQ1BNR w KQkq - 0 1,d1e2 e6c4 e2c4 b5c4,https://lichess.org/training/0sXYo
1JUce,1kr4r/1p1b4/pP3q2/3p4/P2P1pp1/6P1/1Q1B1P2/RR4K1 b KQkq - 0 1,f6h6 d2f4 h6f4 g3f4,https://lichess.org/training/1JUce
1lii8,r5k1/1b1n2pp/2qb4/1pppp3/2P2B2/3P1B1P/1PNQ1PP1/4R1K1 b KQkq - 0 1,e5f4 f3d5 c6d5 c4d5,https://lichess.org/training/1lii8
2UIXa,5k2/2qbppb1/3P2p1/2B1P2p/5P2/6P1/5QKP/8 b KQkq - 0 1,e7d6 c5d6 c7d6 e5d6,https://lichess.org/training/2UIXa
2yUtl,2q1r3/5p1p/6k1/3PPnp1/1pp1B1P1/1P6/1B5P/5RK1 b KQkq - 0 1,c4c3 e4f5 c8f5 g4f5,https://lichess.org/training/2yUtl
3STQ7,r2q3r/1p1b1pk1/p3p1p1/3pPnB1/8/2bQ1N2/PP3PPP/R4RK1 b KQkq - 0 1,f7f6 g5f6 d8f6 e5f6,https://lichess.org/training/3STQ7
3T5sY,1k4r1/p1pqbp1r/1p4n1/2pP3p/3P2pP/Q5P1/PP1B2B1/4RRK1 w KQkq - 0 1,d4c5 e7c5 a3c5 b6c5,https://lichess.org/training/3T5sY
3zrvm,3r1r2/p2qp2k/1pp3pb/4pb1p/2pP1PPB/2P1Q2P/PP3N1K/R6R w KQkq - 0 1,g4f5 h6f4 e3f4 e5f4,https://lichess.org/training/3zrvm
47dWw,r1b2r2/2p1q3/2p2p1k/p1Npp1pp/P2PP1P1/2P1R2n/1P3P1K/R2QN3 w KQkq - 0 1,h2h3 c8g4 d1g4 h5g4,https://lichess.org/training/47dWw
4lQGN,r4r1k/1b3p1p/p2p4/qp2pp2/4Pn1P/N1P2QP1/PP3P2/1K1R1B1R w KQkq - 0 1,g3f4 b7e4 f3e4 f5e4,https://lichess.org/training/4lQGN
64FI9,3rqr2/pp5k/2p3pp/4P2P/1p6/8/P1B1QPP1/R5K1 b KQkq - 0 1,d8d5 c2g6 e8g6 h5g6,https://lichess.org/training/64FI9
65m18,2rb1rk1/3b1p2/p2p2pp/qp3P2/1N1P2QP/2P3B1/PP6/1K1RR3 w KQkq - 0 1,g3d6 d7f5 g4f5 g6f5,https://lichess.org/training/65m18
6YhSz,r6r/3qkp2/2pbpp1p/p4b2/2pPN3/P2BP3/1PQ2PPP/R4K1R w KQkq - 0 1,e4d6 f5d3 c2d3 c4d3,https://lichess.org/training/6YhSz
6vEPh,q6r/4bkp1/3pb3/3Np3/4Pp2/PB5P/K3QPP1/1R6 b KQkq - 0 1,e6d5 b3d5 a8d5 e4d5,https://lichess.org/training/6vEPh
6zGsm,r4rk1/3nqp1p/2ppb1p1/pp6/2P1P1PP/P3BP2/nKP1Q3/3R1BNR w KQkq - 0 1,b2a2 e6c4 e2c4 b5c4,https://lichess.org/training/6zGsm
6zMzO,2kr2nr/ppp1bp1p/2n5/3p3q/6pN/1PN1P1PP/PB2BP2/R4QK1 b KQkq - 0 1,e7h4 e2g4 h5g4 h3g4,https://lichess.org/training/6zMzO
7RXcv,r5k1/pp3qp1/4bb1p/1Pp1Bp2/2Pr1P2/P5P1/1QR1B2P/5RK1 w KQkq - 0 1,e5d4 f6d4 b2d4 c5d4,https://lichess.org/training/7RXcv
7g5eB,2r2rn1/1bq3k1/5pp1/pp2N3/3BPP2/P6P/BPPQ4/2R3K1 b KQkq - 0 1,f6e5 d4e5 c7e5 f4e5,https://lichess.org/training/7g5eB
9FPCC,r4r1k/pp3ppB/2nq4/3p4/4p1b1/1NP1PN2/PP3PK1/R2Q1R2 w KQkq - 0 1,f1h1 g4f3 d1f3 e4f3,https://lichess.org/training/9FPCC
9QhHX,r4rk1/3q2pp/4p1b1/pp1Pp3/2p1P1B1/2P4P/5PP1/R2Q1RK1 b KQkq - 0 1,g6e4 g4e6 d7e6 d5e6,https://lichess.org/training/9QhHX
A08Wt,7r/pkp2ppp/3bpn2/7q/2P3b1/5N1P/PP2BPP1/RNBR2K1 b KQkq - 0 1,g4f3 e2f3 h5f3 g2f3,https://lichess.org/training/A08Wt
ABzwE,k4b1r/p5pp/1pp1p3/2Pb2qP/1Q4B1/5P2/4N3/1R3RK1 w KQkq - 0 1,b1a1 f8c5 b4c5 b6c5,https://lichess.org/training/ABzwE
AM0Hm,r1q1k1nr/1ppb1pp1/p2p1b1p/8/2BQP3/2N4P/PPP2PPK/R1B2R2 w KQkq - 0 1,e4e5 f6e5 d4e5 d6e5,https://lichess.org/training/AM0Hm
AP6HE,2rr1k2/pb1n2b1/1p2B1p1/5p2/3PN3/5Q2/PP3P2/2KR3R w KQkq - 0 1,c1b1 b7e4 f3e4 f5e4,https://lichess.org/training/AP6HE
AZEgE,r4k1r/pp3pp1/1q3n1p/2b1p3/QPPn2P1/4B2P/P1B1N3/3R1K1R b KQkq - 0 1,d4c2 e3c5 b6c5 b4c5,https://lichess.org/training/AZEgE
AmCBg,1k3rr1/pp5Q/4pB2/3pP3/3Pn1P1/2Pb3P/PP4K1/4R3 w KQkq - 0 1,e1e4 d3e4 h7e4 d5e4,https://lichess.org/training/AmCBg
B8Dxk,2b2k2/p1b5/2p1B2p/2P2pp1/5P2/1P2QN1P/6PK/3q4 w KQkq - 0 1,e6c8 c7f4 e3f4 g5f4,https://lichess.org/training/B8Dxk
BwdTQ,2r3k1/bb3ppp/p3p2q/1p1r4/3N1P2/PQ3BP1/1PP4P/3R1R1K w KQkq - 0 1,f3d5 b7d5 b3d5 e6d5,https://lichess.org/training/BwdTQ
CL4Q2,1rbq4/pp4k1/2pp2pb/4p3/2P1BP2/2NPQ3/PP2PP2/2K4R w KQkq - 0 1,e3g3 h6f4 g3f4 e5f4,https://lichess.org/training/CL4Q2
CTve9,r4r2/ppp2ppk/2qp1b1p/8/2P1n3/PP3PQ1/2B3PP/R1B2RK1 b KQkq - 0 1,f6a1 c2e4 c6e4 f3e4,https://lichess.org/training/CTve9
CfHBZ,r1b2k1r/2qp1p1p/p1nNp1pb/2B1Pn2/5P2/1PPP4/P5PP/RN1Q1RK1 b KQkq - 0 1,f5d6 c5d6 c7d6 e5d6,https://lichess.org/training/CfHBZ
DdSjy,r4rk1/1ppq2p1/p1n1p1n1/3Pp2p/7P/1QPP2PB/PP3bKN/R1B1R3 b KQkq - 0 1,f2e1 h3e6 d7e6 d5e6,https://lichess.org/training/DdSjy
DqAKx,2kr3r/ppp1np1p/2n4b/3pP2q/3P2p1/2P1B1PP/PP2B1Q1/RN3K1R b KQkq - 0 1,h6e3 e2g4 h5g4 h3g4,https://lichess.org/training/DqAKx
EB3Hw,r7/1b3kpp/2q5/2b1p3/p4p2/P1P1PP2/2Q3PP/1RBR2K1 w KQkq - 0 1,c2d2 c5e3 d2e3 f4e3,https://lichess.org/training/EB3Hw
Erv7d,1r4k1/2p2p1p/6p1/r1Pp1bP1/q2Bn2P/3B4/1PQ2PK1/4R2R w KQkq - 0 1,d3e4 f5e4 c2e4 d5e4,https://lichess.org/training/Erv7d
FKaDY,r4rk1/p2qb1p1/1pn1p3/2p1PP1p/2BpP1p1/1P4P1/P1P4P/R1BQK1R1 b KQkq - 0 1,c6e5 c4e6 d7e6 f5e6,https://lichess.org/training/FKaDY
FSbLA,4r1k1/p4q1p/1pP3p1/1P6/3b1p2/4p2P/P1RQ1PP1/2B3K1 w KQkq - 0 1,f2e3 d4e3 d2e3 f4e3,https://lichess.org/training/FSbLA
FYUbY,rn1b1r2/1b1q1p1k/1p1p1npp/pP2pN2/2P1P3/3PB1PB/4NP1P/R2Q1RK1 b KQkq - 0 1,g6f5 h3f5 d7f5 e4f5,https://lichess.org/training/FYUbY
GIkgg,8/1b6/4BBpk/3pp2p/7P/4q3/6P1/5R1K b KQkq - 0 1,g6g5 f6g5 e3g5 h4g5,https://lichess.org/training/GIkgg
GvvQe,2r2r2/1pq2p1p/p1n2kp1/3Pp3/5P2/P1B1P2P/2Q1B1P1/R5K1 b KQkq - 0 1,c6b4 c3e5 c7e5 f4e5,https://lichess.org/training/GvvQe
I6LRP,r5k1/pp3p1p/2b3pb/2qpp3/5P2/1BPR3P/P1PQ2PK/3R4 w KQkq - 0 1,b3d5 h6f4 d2f4 e5f4,https://lichess.org/training/I6LRP
IVNRh,r3k2r/p2qnpbp/1p1p2p1/2p5/3NPPn1/2Q4P/PPPN2P1/R1B2RK1 w KQkq - 0 1,h3g4 g7d4 c3d4 c5d4,https://lichess.org/training/IVNRh
IdT5g,r4rk1/pb6/1pq3p1/3pBp1p/1QP2P1P/5BP1/P1P5/5RK1 b KQkq - 0 1,a8c8 f3d5 c6d5 c4d5,https://lichess.org/training/IdT5g
IhVWi,8/1b4pk/p1q4p/1pp2p2/3pR3/3P1B2/PPP2PPP/1R4K1 b KQkq - 0 1,f5e4 f3e4 c6e4 d3e4,https://lichess.org/training/IhVWi
Iy8jR,5rk1/r2q1pbp/3pp1p1/n4P2/4P1P1/1BP1R3/PP5P/4RQK1 b KQkq - 0 1,f7f6 b3e6 d7e6 f5e6,https://lichess.org/training/Iy8jR
J5BD3,2q3k1/ppn5/2p2r1p/3pPb2/1PP1BPp1/P2Q4/5R1P/5R1K w KQkq - 0 1,e5f6 f5e4 d3e4 d5e4,https://lichess.org/training/J5BD3
JBnmn,r2qk2r/2pbbpp1/1p5p/p2B4/1P1P4/Q1N1PN2/P4PPP/R3K2R w KQkq - 0 1,c3e4 e7b4 a3b4 a5b4,https://lichess.org/training/JBnmn
JtcaD,r3r3/ppq1bpk1/6pp/3pR3/2pP2n1/2P3B1/PPQ2PPP/1BR3K1 b KQkq - 0 1,g4e5 g3e5 c7e5 d4e5,https://lichess.org/training/JtcaD
JzQqx,r1b2rk1/pp3p2/1q1ppbpp/2p3Nn/2P1P1PQ/2NP4/PBP2P1P/2KR3R w KQkq - 0 1,g4h5 f6g5 h4g5 h6g5,https://lichess.org/training/JzQqx
KGzDY,r2q4/1pp3kp/p1bp1rp1/6P1/2P5/1P5P/PB3PB1/R3R1K1 b KQkq - 0 1,c6g2 b2f6 d8f6 g5f6,https://lichess.org/training/KGzDY
KN7SW,7k/1b3pp1/1P6/3N1pq1/2B1Pb2/3Q2P1/6K1/8 w KQkq - 0 1,d5f4 b7e4 d3e4 f5e4,https://lichess.org/training/KN7SW
KTFZj,3rrk2/1p3pp1/pq3b1p/2p1pP2/1PP1b3/R2PB1RP/1P1Q2PN/7K b KQkq - 0 1,e4f5 e3c5 b6c5 b4c5,https://lichess.org/training/KTFZj
KXhvM,2k2r2/r2q4/p2b4/1ppP1p1Q/4P3/6PB/PPP2P2/2KR4 b KQkq - 0 1,d7h7 h3f5 h7f5 e4f5,https://lichess.org/training/KXhvM
KYPr9,r2q1rk1/1pp2ppp/p4n2/2bPp3/2BnP3/2Q1BP2/PP4PP/RN3RK1 w KQkq - 0 1,e3d4 c5d4 c3d4 e5d4,https://lichess.org/training/KYPr9
KgGHN,5rk1/1p3qpp/pb6/P3pr2/1P1p1P2/2Q1P1P1/2R3BP/2R3K1 w KQkq - 0 1,e3d4 b6d4 c3d4 e5d4,https://lichess.org/training/KgGHN
Kmnzn,1rb2br1/ppk4p/2pp1q1n/4P1pB/3P1B2/3P1Q2/PP3PPP/R4RK1 b KQkq - 0 1,d6e5 f4e5 f6e5 d4e5,https://lichess.org/training/Kmnzn
Kxeg5,2rqr1k1/1b1p1p1p/1p2p3/pPb1P3/P4p2/4PB2/3Q2PP/R1B2RK1 w KQkq - 0 1,f3b7 c5e3 d2e3 f4e3,https://lichess.org/training/Kxeg5
LC3En,r1b1qr2/pp2p1bk/2n3pp/7P/3PBB2/6P1/PP2PP2/R1Q1R1K1 b KQkq - 0 1,c6d4 e4g6 e8g6 h5g6,https://lichess.org/training/LC3En
LPSMA,8/1p3kb1/4r1n1/2p2p2/3p4/2PP2BP/6P1/Q5K1 w KQkq - 0 1,c3d4 g7d4 a1d4 c5d4,https://lichess.org/training/LPSMA
Lcvyn,r4rk1/1p3pp1/7p/p1b1p1q1/2PnP3/P1Q1PR1P/1P2B1PN/R5K1 w KQkq - 0 1,e3d4 c5d4 c3d4 e5d4,https://lichess.org/training/Lcvyn
O5yQY,6k1/6p1/7p/1B2p3/2p5/PPP3P1/4qBKP/8 b KQkq - 0 1,e5e4 b5c4 e2c4 b3c4,https://lichess.org/training/O5yQY
OBlNR,7r/pkp2ppp/3b1n2/7q/R4pb1/2N2N1P/PPP1BPP1/4K2R b KQkq - 0 1,g4f3 e2f3 h5f3 g2f3,https://lichess.org/training/OBlNR
PHrMR,1rk3nr/Qpp2ppp/8/3P3q/2P2Pb1/4Pn1P/P2BBP2/R2K3R b KQkq - 0 1,f3d2 e2g4 h5g4 h3g4,https://lichess.org/training/PHrMR
PJA0S,rnbq3k/5r1p/1p2pn1Q/pP1pPpB1/P1P5/2N3P1/4Kb2/R5NR b KQkq - 0 1,f2d4 g5f6 d8f6 e5f6,https://lichess.org/training/PJA0S
PbJDS,1k3r2/7R/q1pp2B1/4p1P1/Np1bP3/1P1P1n2/1KP5/4QR2 w KQkq - 0 1,c2c3 d4c3 e1c3 b4c3,https://lichess.org/training/PbJDS
QWJ5R,1r3r2/ppp2p1k/2np4/3Bp3/4p2b/1QPPBq1P/PP1K1P2/R5R1 b KQkq - 0 1,h4f2 d5e4 f3e4 d3e4,https://lichess.org/training/QWJ5R
Rvrwy,3qk2r/3n2bp/2p1p1p1/2p5/1P1P1B2/7P/3NB1P1/Q3K2R w KQkq - 0 1,e1g1 g7d4 a1d4 c5d4,https://lichess.org/training/Rvrwy
SH2vI,rn2qknN/p1ppb1p1/1p2p2p/5PB1/2PP3Q/2NB1b2/PP3P1P/2K1R3 w KQkq - 0 1,f5e6 e7g5 h4g5 h6g5,https://lichess.org/training/SH2vI
SMZPu,4r3/pkp2ppp/3b4/7q/6b1/4BN1P/PP2BPP1/R2R2K1 b KQkq - 0 1,g4f3 e2f3 h5f3 g2f3,https://lichess.org/training/SMZPu
SuhhE,2kr3r/1ppq4/p4p1b/3p1b1p/3p2pP/2P1P1P1/PP1QNRPN/5RK1 w KQkq - 0 1,f2f5 h6e3 d2e3 d4e3,https://lichess.org/training/SuhhE
UE1q5,r4rk1/pp1nb1pp/6p1/1q1p4/2N3P1/1PB2P1P/P4K2/R2Q1B1R b KQkq - 0 1,d5c4 f1c4 b5c4 b3c4,https://lichess.org/training/UE1q5
UR8nW,r4rk1/1p1qb1pp/p1n1pp2/3PP3/4p1B1/2N4P/PP4P1/R2Q1RK1 b KQkq - 0 1,c6e5 g4e6 d7e6 d5e6,https://lichess.org/training/UR8nW
VCfRD,r1bq2k1/1p5p/p2p2pb/4p2B/3NPP2/6Q1/PPP3PP/2KR3R w KQkq - 0 1,d4f5 h6f4 g3f4 e5f4,https://lichess.org/training/VCfRD
VChA8,r1b2k1r/p2p1ppp/2p1p3/q3P3/1b3PQ1/P1n5/1PPB2PP/R3KB1R b KQkq - 0 1,c3e4 d2b4 a5b4 a3b4,https://lichess.org/training/VChA8
VEumI,1r6/1p4k1/p5P1/q2p1b2/1n1Pr3/1PR1BP2/6K1/1Q5R w KQkq - 0 1,f3e4 f5e4 b1e4 d5e4,https://lichess.org/training/VEumI
VM3ZX,r1b2rk1/2q1bp2/p1pp3p/6Bn/4PQ2/2NB3P/PPP3P1/2KRR3 w KQkq - 0 1,f4h4 e7g5 h4g5 h6g5,https://lichess.org/training/VM3ZX
VqHzS,r2q1r2/bpp2pk1/p2pbn2/4P1B1/3p1P2/2P1N3/PP4PP/R2QR1K1 b KQkq - 0 1,d4e3 g5f6 d8f6 e5f6,https://lichess.org/training/VqHzS
Wwd36,r1b1k2r/bppq2p1/p2p1p2/3P3p/1PP1Pp1P/PN2nN2/3QBPP1/R4RK1 w KQkq - 0 1,f2e3 a7e3 d2e3 f4e3,https://lichess.org/training/Wwd36
X4jY0,r2q2k1/p1nb3p/1p1p2pn/2pPp1b1/1PP1Pr2/P1NN1P1P/3QBB1K/1R4R1 w KQkq - 0 1,d3f4 g5f4 d2f4 e5f4,https://lichess.org/training/X4jY0
XrmVc,r4rk1/ppp2ppp/6b1/3pP1q1/4n3/3QPP2/PPB4P/RN3R1K w KQkq - 0 1,f3e4 g6e4 d3e4 d5e4,https://lichess.org/training/XrmVc
ZV1n0,r4nk1/2R2p1p/P5pb/B3P3/3p4/4PP2/qP1QBKPP/8 w KQkq - 0 1,a5b6 h6e3 d2e3 d4e3,https://lichess.org/training/ZV1n0
Zl92X,8/1bq3k1/5pp1/3pNp1p/2pP1B2/2P3NP/5RBK/n7 b KQkq - 0 1,f6e5 f4e5 c7e5 d4e5,https://lichess.org/training/Zl92X
b5gi2,r4rk1/ppp2p1b/3b4/6pP/5Pn1/2N1Q3/PPP5/2K2B1R w KQkq - 0 1,e3g3 d6f4 g3f4 g5f4,https://lichess.org/training/b5gi2
bGTXU,5rk1/2BB2b1/1p2p1pp/3P3n/4pp2/2P2P1q/1P3P2/R2Q2K1 b KQkq - 0 1,h5f6 d7e6 h3e6 d5e6,https://lichess.org/training/bGTXU
bGUzd,r2n4/pb1q1pbk/1p1p3p/2p1rR1n/4P2P/2PP3B/PP2N2N/R1BQ2K1 b KQkq - 0 1,e5f5 h3f5 d7f5 e4f5,https://lichess.org/training/bGUzd
c2mEn,5b1r/pkp2ppp/4pn2/7q/6b1/2N2N1P/PPP1BPP1/R1BR2K1 b KQkq - 0 1,g4f3 e2f3 h5f3 g2f3,https://lichess.org/training/c2mEn
c6V0e,7r/pkp2ppp/5n2/2b4q/5Bb1/2N2N1P/PPP1B1P1/3RK2R b KQkq - 0 1,g4f3 e2f3 h5f3 g2f3,https://lichess.org/training/c6V0e
cPxhp,2k1r3/ppp2ppp/3b4/r3N2q/6b1/1Q2B2P/PP2BPP1/4RK1R b KQkq - 0 1,a5e5 e2g4 h5g4 h3g4,https://lichess.org/training/cPxhp
dcg3W,2Q5/pp2r2R/3k2p1/3p1nq1/6b1/3B4/PP6/1K3RN1 w KQkq - 0 1,d3f5 g4f5 c8f5 g6f5,https://lichess.org/training/dcg3W
dkpQc,r1q2rk1/p3b1pp/1pp1ppb1/3P4/2P1p1B1/4P1B1/PP3PPP/R2Q1RK1 b KQkq - 0 1,f8d8 g4e6 c8e6 d5e6,https://lichess.org/training/dkpQc
e5IPV,4rr2/pppq2bk/5n1p/4pR2/3nB1PP/2NP4/PPP5/R1BQ3K b KQkq - 0 1,d4f5 e4f5 d7f5 g4f5,https://lichess.org/training/e5IPV
f2jtd,7r/pkp2ppp/3bpn2/7q/2P3b1/4BN2/PP3PPP/RN1B1RK1 b KQkq - 0 1,g4f3 d1f3 h5f3 g2f3,https://lichess.org/training/f2jtd
f5WtF,r1b1k1nr/pp1pbpp1/1qn1p2p/6B1/4P2Q/2N5/PPP2PPP/2KR1BNR w KQkq - 0 1,c3b5 e7g5 h4g5 h6g5,https://lichess.org/training/f5WtF
flbkz,r7/b6k/p1p4p/4q1p1/4pp2/1P2P2P/P4QP1/2RR2K1 w KQkq - 0 1,f2d2 a7e3 d2e3 f4e3,https://lichess.org/training/flbkz
fuT6H,1r1qk2r/Q1p1nppp/3p4/2n1P3/1bB1NB2/8/PPP3PP/R4RK1 w KQkq - 0 1,e4c5 b4c5 a7c5 d6c5,https://lichess.org/training/fuT6H
fvqHy,r1bq1rk1/bp3p2/p2p3p/N5p1/PP3p2/1BPPnN1P/3Q1PP1/R4RK1 w KQkq - 0 1,f2e3 a7e3 d2e3 f4e3,https://lichess.org/training/fvqHy
gJUqP,rn1qkr2/p4pQp/1p2p3/2pp2N1/3P4/2b2PB1/P1P3PP/R4RK1 w KQkq - 0 1,g5h7 c3d4 g7d4 c5d4,https://lichess.org/training/gJUqP
gi9Vm,1r4r1/3q1pnk/1p6/p3pN2/P1PpPbB1/1P1P2pP/6P1/R2QR1K1 b KQkq - 0 1,g7f5 g4f5 d7f5 e4f5,https://lichess.org/training/gi9Vm
gjeHr,r1q5/P1r2ppk/1QN4p/3P4/2P2p2/4p3/2Rb1PPP/1R4K1 w KQkq - 0 1,f2e3 d2e3 b6e3 f4e3,https://lichess.org/training/gjeHr
hTL2P,4k2r/3q1p2/5p1p/1P1p1b2/1b2p3/pP1P1Q2/B3NPPP/1KR2N2 w KQkq - 0 1,d3e4 f5e4 f3e4 d5e4,https://lichess.org/training/hTL2P
hXphf,3rr1k1/2q3pp/p1p2p2/8/1b2p1b1/P1NPBNP1/1PP2PK1/R2Q3R w KQkq - 0 1,a3b4 g4f3 d1f3 e4f3,https://lichess.org/training/hXphf
iKHAB,3r4/7k/p3q1p1/1p2pP2/2p3Pp/P1P1Q2P/1PBr1PK1/2R5 b KQkq - 0 1,g6f5 c2f5 e6f5 g4f5,https://lichess.org/training/iKHAB
iMO8q,rn1q1rk1/1p2bppp/3N4/p2Ppb2/1BP5/Q7/PP3PPP/R3KB1R w KQkq - 0 1,d6f5 e7b4 a3b4 a5b4,https://lichess.org/training/iMO8q
itbk0,r2q3r/1b3ppk/3p4/1pp1p1b1/p3PnPp/P1PP1N1P/1P1QNPBK/1R1R4 w KQkq - 0 1,e2f4 g5f4 d2f4 e5f4,https://lichess.org/training/itbk0
jUzZY,6k1/5p2/2p4p/1b1pb1pq/1P1P1BP1/7P/5P1K/2Q5 w KQkq - 0 1,g4h5 e5f4 c1f4 g5f4,https://lichess.org/training/jUzZY
lFGv4,2r3k1/1p3pp1/3qb2p/1P2p1b1/N2p4/3PP1PP/3Q2B1/1R2N1K1 w KQkq - 0 1,h3h4 g5e3 d2e3 d4e3,https://lichess.org/training/lFGv4
lFTFz,2n3b1/1q4bk/7p/3pp1p1/3pPpP1/3P3P/1PQ2PBK/R7 b KQkq - 0 1,d5e4 g2e4 b7e4 d3e4,https://lichess.org/training/lFTFz
lRYS7,5b1r/1kp2ppp/p3p3/7q/2P3b1/5N1P/PP1BBPP1/R3K2R b KQkq - 0 1,g4f3 e2f3 h5f3 g2f3,https://lichess.org/training/lRYS7
n7neZ,5rqr/pppk3p/4p3/2bpP1pB/4bp2/4PPB1/PPPQ2PP/R4RK1 w KQkq - 0 1,f3e4 c5e3 d2e3 f4e3,https://lichess.org/training/n7neZ
nZoUu,2rqr2k/3bbp1p/5NpP/3P1pP1/5P2/2BQ4/2P2K2/1R6 b KQkq - 0 1,e7f6 c3f6 d8f6 g5f6,https://lichess.org/training/nZoUu
neFjh,r1bq2k1/1p3p1p/p5pb/4r3/3p1P2/3BP2P/PP1QN1P1/2R2RK1 w KQkq - 0 1,f4e5 h6e3 d2e3 d4e3,https://lichess.org/training/neFjh
noWxD,3r1r1k/p1q1p1bp/8/2p1R3/R2P4/1Q6/P4PPB/6K1 b KQkq - 0 1,g7e5 h2e5 c7e5 d4e5,https://lichess.org/training/noWxD
nyDmr,6k1/ppp2ppp/2n2q2/3p1b2/3Pr3/2PQ1BP1/PP4K1/R3B2R w KQkq - 0 1,f3e4 f5e4 d3e4 d5e4,https://lichess.org/training/nyDmr
o6kBO,2b5/Q5nk/4q1pp/3pPN2/3P2P1/2p2N2/2B2P2/2b3K1 b KQkq - 0 1,g6f5 c2f5 e6f5 g4f5,https://lichess.org/training/o6kBO
o9dkz,8/4N1q1/1n5k/1P1pPpp1/P2P3P/8/5P2/2B3K1 b KQkq - 0 1,g7e7 c1g5 e7g5 h4g5,https://lichess.org/training/o9dkz
oBATD,3r1r1k/p1qbp2p/1pp3p1/4bp1n/3BPP2/1B6/PPP1NQPP/3RR2K b KQkq - 0 1,f5e4 d4e5 c7e5 f4e5,https://lichess.org/training/oBATD
pAkxf,rn6/p3bkpp/q1p2p2/8/2p5/1P2B3/P2R1PPP/1K3BNR b KQkq - 0 1,e7b4 f1c4 a6c4 b3c4,https://lichess.org/training/pAkxf
pGDQc,r1bq1rk1/1p1nb1pp/3N1p2/p2Pp3/1B6/Q7/PPP2PPP/R3KB1R w KQkq - 0 1,d6c8 e7b4 a3b4 a5b4,https://lichess.org/training/pGDQc
pazg5,5bk1/3q3p/3pR1p1/3P1b2/1PpB2B1/2P4P/5PP1/6K1 b KQkq - 0 1,f5e6 g4e6 d7e6 d5e6,https://lichess.org/training/pazg5
qHprs,1r4k1/3qbp1p/2ppNnpB/n3pP2/1p2P3/3P3Q/B5PP/5RK1 b KQkq - 0 1,f7e6 a2e6 d7e6 f5e6,https://lichess.org/training/qHprs
qItC8,3rr1k1/pq1b2bp/1pp2pp1/3Pp3/2P5/4BB1P/PP3PP1/R1Q1R1K1 b KQkq - 0 1,c6d5 f3d5 b7d5 c4d5,https://lichess.org/training/qItC8
qfoPu,5rk1/p2q1ppp/1p2P3/3B1P1b/8/1P5P/P2Q4/5R1K b KQkq - 0 1,f7e6 d5e6 d7e6 f5e6,https://lichess.org/training/qfoPu
r7WrF,3r3r/bkp5/2N1p3/3pP3/4b1p1/2P5/6KP/RNBQ1R2 w KQkq - 0 1,f1f3 e4f3 d1f3 g4f3,https://lichess.org/training/r7WrF
rQUEd,r7/1nnq2bk/3p3p/1b1P1p2/1Pp1p1P1/2N1BN1P/2B2P2/1R2Q1K1 b KQkq - 0 1,e4f3 c2f5 d7f5 g4f5,https://lichess.org/training/rQUEd
reTa9,r4rk1/ppp1qp1p/4b1pb/4p3/3nPP1P/3B2Q1/PPP1N1P1/2KR2NR w KQkq - 0 1,e2d4 h6f4 g3f4 e5f4,https://lichess.org/training/reTa9
rrOF6,r3kb1r/1p1bqppp/p7/1Bp1n3/Q7/B1P2N2/P2P1PPP/4RK1R w KQkq - 0 1,e1e5 d7b5 a4b5 a6b5,https://lichess.org/training/rrOF6
s7DLe,r4r1k/1b2qp1p/5n2/p3P3/Pp3p1B/3B4/1PP3PP/R3Q2K b KQkq - 0 1,f8g8 h4f6 e7f6 e5f6,https://lichess.org/training/s7DLe
sD62R,r4r2/4qpk1/4p2N/p1P3p1/PnQ4P/1P2B3/5PP1/b3R1K1 b KQkq - 0 1,g7h6 e3g5 e7g5 h4g5,https://lichess.org/training/sD62R
sJ6LS,r3r3/pp3k1p/5Npb/4Pp2/3p3q/1P2P2P/P1BQ2R1/R5K1 w KQkq - 0 1,f6e8 h6e3 d2e3 d4e3,https://lichess.org/training/sJ6LS
snQzs,r3k2r/1b1p2pp/p3p3/q1p2p2/Nn1bPP2/1PP2QP1/1B1PB2P/1K1R3R w KQkq - 0 1,c3d4 b7e4 f3e4 f5e4,https://lichess.org/training/snQzs
svUGq,7r/pkp2p1p/5n2/2b3pq/1P3pb1/2N2N2/P1P1B1PP/R1BR3K b KQkq - 0 1,g4f3 e2f3 h5f3 g2f3,https://lichess.org/training/svUGq
tUP15,8/3r3k/1pp1q2p/4Bpp1/1p4P1/1P5P/P1B2P2/4R1K1 b KQkq - 0 1,d7d5 c2f5 e6f5 g4f5,https://lichess.org/training/tUP15
tjldT,1k4rr/1P1qbp2/8/3pPb2/2nPNB1p/P2Q2Pp/5P1N/R4R1K w KQkq - 0 1,g3g4 f5e4 d3e4 d5e4,https://lichess.org/training/tjldT
u4BcA,8/p2q1pbk/1p1p2pp/4p3/1P1P4/P1Q1P2P/3N1PPK/8 w KQkq - 0 1,d4e5 g7e5 c3e5 d6e5,https://lichess.org/training/u4BcA
uM8X9,8/R5pk/2pq2b1/3pN3/2pPn1p1/2P1PP2/2Q3K1/8 w KQkq - 0 1,f3e4 g6e4 c2e4 d5e4,https://lichess.org/training/uM8X9
v3Enq,5k2/p4ppp/2b5/q3p3/1b2N3/P7/3B1PPP/R3K1NR b KQkq - 0 1,c6e4 d2b4 a5b4 a3b4,https://lichess.org/training/v3Enq
v3RoU,2rq4/6kp/p2b1pp1/6P1/P4P2/1P2r2P/1B4QK/R4R2 b KQkq - 0 1,e3b3 b2f6 d8f6 g5f6,https://lichess.org/training/v3RoU
w54Vg,r6r/p1p1kppp/2Q1p1b1/qp6/1b1P4/P1n2N1P/2PBBPP1/1R2K2R b KQkq - 0 1,c3b1 d2b4 a5b4 a3b4,https://lichess.org/training/w54Vg
w9npn,r3rk2/5pbp/bqn2np1/2pp4/1P6/2PPBN2/3QBPPP/1R2K2R b KQkq - 0 1,f6g4 e3c5 b6c5 b4c5,https://lichess.org/training/w9npn
wJBdt,7r/pkp2ppp/3bpn2/7q/6b1/2N1BN2/PPP1BPPP/R2R2K1 b KQkq - 0 1,g4f3 e2f3 h5f3 g2f3,https://lichess.org/training/wJBdt
wl3De,r2q1r2/1pp2ppk/p2p1b1p/2nP4/3QP3/P4P1P/1P3P1K/RNB3R1 w KQkq - 0 1,e4e5 f6e5 d4e5 d6e5,https://lichess.org/training/wl3De
wlPDL,r3rk2/5pp1/1q4bp/1pp5/1P1bp1B1/2P1B2P/4QPP1/1R2R1K1 b KQkq - 0 1,d4c3 e3c5 b6c5 b4c5,https://lichess.org/training/wlPDL
xJSFx,r6r/2qb1pk1/2pbp1pp/1p1nN3/3P1B2/7P/5PP1/1BQR1RK1 b KQkq - 0 1,d6e5 f4e5 c7e5 d4e5,https://lichess.org/training/xJSFx
zhY5S,r2q1r2/ppp2p1k/2nb4/6p1/3P3p/2P1P1PB/PP5n/RNB1QRK1 w KQkq - 0 1,g1h2 d6g3 e1g3 h4g3,https://lichess.org/training/zhY5S